2026-01-13 19:48:46 +01:00: [2026-01-13 19:48:46 +0100] [2466499] [INFO] Handling signal: int
2026-01-13 19:48:46 +01:00: [2026-01-13 19:48:46 +0100] [2468620] [INFO] Worker exiting (pid: 2468620)
2026-01-13 19:48:46 +01:00: [2026-01-13 19:48:46 +0100] [2466500] [INFO] Worker exiting (pid: 2466500)
2026-01-13 19:48:46 +01:00: [2026-01-13 19:48:46 +0100] [2466499] [INFO] Shutting down: Master
2026-01-13 19:48:46 +01:00: [2026-01-13 19:48:46 +0100] [2470378] [INFO] Starting gunicorn 23.0.0
2026-01-13 19:48:46 +01:00: [2026-01-13 19:48:46 +0100] [2470378] [INFO] Listening at: http://0.0.0.0:5001 (2470378)
2026-01-13 19:48:46 +01:00: [2026-01-13 19:48:46 +0100] [2470378] [INFO] Using worker: sync
2026-01-13 19:48:46 +01:00: [2026-01-13 19:48:46 +0100] [2470380] [INFO] Booting worker with pid: 2470380
2026-01-13 19:48:47 +01:00: [2026-01-13 19:48:47 +0100] [2470381] [INFO] Booting worker with pid: 2470381
2026-01-13 19:48:54 +01:00: Traceback (most recent call last):
2026-01-13 19:48:54 +01:00:   File "/opt/Tennis_Booking/auth/auth_routes.py", line 113, in login
2026-01-13 19:48:54 +01:00:     user = User.get_by_email(email)
2026-01-13 19:48:54 +01:00:            ^^^^^^^^^^^^^^^^^^^^^^^^
2026-01-13 19:48:54 +01:00:   File "/opt/Tennis_Booking/auth/models.py", line 49, in get_by_email
2026-01-13 19:48:54 +01:00:     row = cursor.fetchone()
2026-01-13 19:48:54 +01:00:           ^^^^^^^^^^^^^^^^^
2026-01-13 19:48:54 +01:00:   File "/usr/lib/python3.12/sqlite3/dbapi2.py", line 77, in convert_timestamp
2026-01-13 19:48:54 +01:00:     datepart, timepart = val.split(b" ")
2026-01-13 19:48:54 +01:00:     ^^^^^^^^^^^^^^^^^^
2026-01-13 19:48:54 +01:00: ValueError: not enough values to unpack (expected 2, got 1)
2026-01-13 19:49:38 +01:00: [2026-01-13 19:49:38 +0100] [2470378] [INFO] Handling signal: int
2026-01-13 19:49:38 +01:00: [2026-01-13 19:49:38 +0100] [2470380] [INFO] Worker exiting (pid: 2470380)
2026-01-13 19:49:38 +01:00: [2026-01-13 19:49:38 +0100] [2470381] [INFO] Worker exiting (pid: 2470381)
2026-01-13 19:49:38 +01:00: [2026-01-13 19:49:38 +0100] [2470378] [INFO] Shutting down: Master
2026-01-13 19:49:38 +01:00: [2026-01-13 19:49:38 +0100] [2470551] [INFO] Starting gunicorn 23.0.0
2026-01-13 19:49:38 +01:00: [2026-01-13 19:49:38 +0100] [2470551] [INFO] Listening at: http://0.0.0.0:5001 (2470551)
2026-01-13 19:49:38 +01:00: [2026-01-13 19:49:38 +0100] [2470551] [INFO] Using worker: sync
2026-01-13 19:49:38 +01:00: [2026-01-13 19:49:38 +0100] [2470553] [INFO] Booting worker with pid: 2470553
2026-01-13 19:49:39 +01:00: [2026-01-13 19:49:39 +0100] [2470554] [INFO] Booting worker with pid: 2470554
2026-01-13 19:49:48 +01:00: Traceback (most recent call last):
2026-01-13 19:49:48 +01:00:   File "/opt/Tennis_Booking/auth/auth_routes.py", line 113, in login
2026-01-13 19:49:48 +01:00:     user = User.get_by_email(email)
2026-01-13 19:49:48 +01:00:            ^^^^^^^^^^^^^^^^^^^^^^^^
2026-01-13 19:49:48 +01:00:   File "/opt/Tennis_Booking/auth/models.py", line 49, in get_by_email
2026-01-13 19:49:48 +01:00:     row = cursor.fetchone()
2026-01-13 19:49:48 +01:00:           ^^^^^^^^^^^^^^^^^
2026-01-13 19:49:48 +01:00:   File "/usr/lib/python3.12/sqlite3/dbapi2.py", line 77, in convert_timestamp
2026-01-13 19:49:48 +01:00:     datepart, timepart = val.split(b" ")
2026-01-13 19:49:48 +01:00:     ^^^^^^^^^^^^^^^^^^
2026-01-13 19:49:48 +01:00: ValueError: not enough values to unpack (expected 2, got 1)
2026-01-13 19:51:24 +01:00: [2026-01-13 19:51:24 +0100] [2470551] [INFO] Handling signal: int
2026-01-13 19:51:24 +01:00: [2026-01-13 19:51:24 +0100] [2470554] [INFO] Worker exiting (pid: 2470554)
2026-01-13 19:51:24 +01:00: [2026-01-13 19:51:24 +0100] [2470553] [INFO] Worker exiting (pid: 2470553)
2026-01-13 19:51:24 +01:00: [2026-01-13 19:51:24 +0100] [2470551] [INFO] Shutting down: Master
2026-01-13 19:51:24 +01:00: [2026-01-13 19:51:24 +0100] [2470871] [INFO] Starting gunicorn 23.0.0
2026-01-13 19:51:24 +01:00: [2026-01-13 19:51:24 +0100] [2470871] [INFO] Listening at: http://0.0.0.0:5001 (2470871)
2026-01-13 19:51:24 +01:00: [2026-01-13 19:51:24 +0100] [2470871] [INFO] Using worker: sync
2026-01-13 19:51:24 +01:00: [2026-01-13 19:51:24 +0100] [2470872] [INFO] Booting worker with pid: 2470872
2026-01-13 19:51:24 +01:00: [2026-01-13 19:51:24 +0100] [2470874] [INFO] Booting worker with pid: 2470874
2026-01-13 19:56:52 +01:00: [2026-01-13 19:56:52 +0100] [2470874] [WARNING] Invalid request from ip=162.142.125.223: Invalid HTTP Version: (2, 0)
2026-01-13 21:05:20 +01:00: [2026-01-13 21:05:20 +0100] [2470871] [INFO] Handling signal: int
2026-01-13 21:05:20 +01:00: [2026-01-13 21:05:20 +0100] [2470872] [INFO] Worker exiting (pid: 2470872)
2026-01-13 21:05:20 +01:00: [2026-01-13 21:05:20 +0100] [2470874] [INFO] Worker exiting (pid: 2470874)
2026-01-13 21:05:20 +01:00: [2026-01-13 21:05:20 +0100] [2470871] [INFO] Shutting down: Master
2026-01-13 21:05:20 +01:00: [2026-01-13 21:05:20 +0100] [2472588] [INFO] Starting gunicorn 23.0.0
2026-01-13 21:05:20 +01:00: [2026-01-13 21:05:20 +0100] [2472588] [INFO] Listening at: http://0.0.0.0:5001 (2472588)
2026-01-13 21:05:20 +01:00: [2026-01-13 21:05:20 +0100] [2472588] [INFO] Using worker: sync
2026-01-13 21:05:20 +01:00: [2026-01-13 21:05:20 +0100] [2472590] [INFO] Booting worker with pid: 2472590
2026-01-13 21:05:20 +01:00: [2026-01-13 21:05:20 +0100] [2472591] [INFO] Booting worker with pid: 2472591
2026-01-13 21:22:27 +01:00: [2026-01-13 21:22:27 +0100] [2472588] [INFO] Handling signal: int
2026-01-13 21:22:28 +01:00: [2026-01-13 21:22:28 +0100] [2472591] [INFO] Worker exiting (pid: 2472591)
2026-01-13 21:22:28 +01:00: [2026-01-13 21:22:28 +0100] [2472590] [INFO] Worker exiting (pid: 2472590)
2026-01-13 21:22:28 +01:00: [2026-01-13 21:22:28 +0100] [2472588] [INFO] Shutting down: Master
2026-01-13 21:22:28 +01:00: [2026-01-13 21:22:28 +0100] [2474008] [INFO] Starting gunicorn 23.0.0
2026-01-13 21:22:28 +01:00: [2026-01-13 21:22:28 +0100] [2474008] [INFO] Listening at: http://0.0.0.0:5001 (2474008)
2026-01-13 21:22:28 +01:00: [2026-01-13 21:22:28 +0100] [2474008] [INFO] Using worker: sync
2026-01-13 21:22:28 +01:00: [2026-01-13 21:22:28 +0100] [2474010] [INFO] Booting worker with pid: 2474010
2026-01-13 21:22:28 +01:00: [2026-01-13 21:22:28 +0100] [2474011] [INFO] Booting worker with pid: 2474011
2026-01-13 21:26:17 +01:00: [2026-01-13 21:26:17 +0100] [2474008] [INFO] Handling signal: int
2026-01-13 21:26:17 +01:00: [2026-01-13 21:26:17 +0100] [2474010] [INFO] Worker exiting (pid: 2474010)
2026-01-13 21:26:17 +01:00: [2026-01-13 21:26:17 +0100] [2474011] [INFO] Worker exiting (pid: 2474011)
2026-01-13 21:26:17 +01:00: [2026-01-13 21:26:17 +0100] [2474008] [INFO] Shutting down: Master
2026-01-13 21:26:18 +01:00: [2026-01-13 21:26:18 +0100] [2474487] [INFO] Starting gunicorn 23.0.0
2026-01-13 21:26:18 +01:00: [2026-01-13 21:26:18 +0100] [2474487] [INFO] Listening at: http://0.0.0.0:5001 (2474487)
2026-01-13 21:26:18 +01:00: [2026-01-13 21:26:18 +0100] [2474487] [INFO] Using worker: sync
2026-01-13 21:26:18 +01:00: [2026-01-13 21:26:18 +0100] [2474489] [INFO] Booting worker with pid: 2474489
2026-01-13 21:26:18 +01:00: [2026-01-13 21:26:18 +0100] [2474490] [INFO] Booting worker with pid: 2474490
2026-01-13 21:28:59 +01:00: BOOKING: Starting booking for Platz 2 HALLE at 12:00 on 2026-01-20
2026-01-13 21:29:14 +01:00: BOOKING DEBUG: Found 58 free slots on page
2026-01-13 21:29:14 +01:00: BOOKING DEBUG: Slot data-time attribute: None
2026-01-13 21:29:14 +01:00: BOOKING DEBUG: Slot data-time attribute: None
2026-01-13 21:29:14 +01:00: BOOKING DEBUG: Slot data-time attribute: None
2026-01-13 21:29:14 +01:00: BOOKING DEBUG: Slot data-time attribute: None
2026-01-13 21:29:14 +01:00: BOOKING DEBUG: Slot data-time attribute: None
2026-01-13 21:29:14 +01:00: BOOKING DEBUG: Slot data-time attribute: None
2026-01-13 21:29:14 +01:00: BOOKING DEBUG: Slot data-time attribute: None
2026-01-13 21:29:14 +01:00: BOOKING DEBUG: Slot data-time attribute: None
2026-01-13 21:29:14 +01:00: BOOKING DEBUG: Slot data-time attribute: None
2026-01-13 21:29:14 +01:00: BOOKING DEBUG: Slot data-time attribute: None
2026-01-13 21:29:14 +01:00: BOOKING DEBUG: Slot data-time attribute: None
2026-01-13 21:29:14 +01:00: BOOKING DEBUG: Slot data-time attribute: None
2026-01-13 21:29:14 +01:00: BOOKING DEBUG: Slot data-time attribute: None
2026-01-13 21:29:14 +01:00: BOOKING DEBUG: Slot data-time attribute: None
2026-01-13 21:29:14 +01:00: BOOKING DEBUG: Slot data-time attribute: None
2026-01-13 21:29:14 +01:00: BOOKING DEBUG: Slot data-time attribute: None
2026-01-13 21:29:14 +01:00: BOOKING DEBUG: Slot data-time attribute: None
2026-01-13 21:29:14 +01:00: BOOKING DEBUG: Slot data-time attribute: None
2026-01-13 21:29:14 +01:00: BOOKING DEBUG: Slot data-time attribute: None
2026-01-13 21:29:14 +01:00: BOOKING DEBUG: Slot data-time attribute: None
2026-01-13 21:29:14 +01:00: BOOKING DEBUG: Slot data-time attribute: None
2026-01-13 21:29:14 +01:00: BOOKING DEBUG: Slot data-time attribute: None
2026-01-13 21:29:14 +01:00: BOOKING DEBUG: Slot data-time attribute: None
2026-01-13 21:29:14 +01:00: BOOKING DEBUG: Slot data-time attribute: None
2026-01-13 21:29:14 +01:00: BOOKING DEBUG: Slot data-time attribute: None
2026-01-13 21:29:14 +01:00: BOOKING DEBUG: Slot data-time attribute: None
2026-01-13 21:29:14 +01:00: BOOKING DEBUG: Slot data-time attribute: None
2026-01-13 21:29:14 +01:00: BOOKING DEBUG: Slot data-time attribute: None
2026-01-13 21:29:14 +01:00: BOOKING DEBUG: Slot data-time attribute: None
2026-01-13 21:29:14 +01:00: BOOKING DEBUG: Slot data-time attribute: None
2026-01-13 21:29:14 +01:00: BOOKING DEBUG: Slot data-time attribute: None
2026-01-13 21:29:14 +01:00: BOOKING DEBUG: Slot data-time attribute: None
2026-01-13 21:29:14 +01:00: BOOKING DEBUG: Slot data-time attribute: None
2026-01-13 21:29:14 +01:00: BOOKING DEBUG: Slot data-time attribute: None
2026-01-13 21:29:14 +01:00: BOOKING DEBUG: Slot data-time attribute: None
2026-01-13 21:29:14 +01:00: BOOKING DEBUG: Slot data-time attribute: None
2026-01-13 21:29:14 +01:00: BOOKING DEBUG: Slot data-time attribute: None
2026-01-13 21:29:14 +01:00: BOOKING DEBUG: Slot data-time attribute: None
2026-01-13 21:29:14 +01:00: BOOKING DEBUG: Slot data-time attribute: None
2026-01-13 21:29:14 +01:00: BOOKING DEBUG: Slot data-time attribute: None
2026-01-13 21:29:14 +01:00: BOOKING DEBUG: Slot data-time attribute: None
2026-01-13 21:29:14 +01:00: BOOKING DEBUG: Slot data-time attribute: None
2026-01-13 21:29:14 +01:00: BOOKING DEBUG: Slot data-time attribute: None
2026-01-13 21:29:14 +01:00: BOOKING DEBUG: Slot data-time attribute: None
2026-01-13 21:29:14 +01:00: BOOKING DEBUG: Slot data-time attribute: None
2026-01-13 21:29:14 +01:00: BOOKING DEBUG: Slot data-time attribute: None
2026-01-13 21:29:14 +01:00: BOOKING DEBUG: Slot data-time attribute: None
2026-01-13 21:29:14 +01:00: BOOKING DEBUG: Slot data-time attribute: None
2026-01-13 21:29:14 +01:00: BOOKING DEBUG: Slot data-time attribute: None
2026-01-13 21:29:14 +01:00: BOOKING DEBUG: Slot data-time attribute: None
2026-01-13 21:29:14 +01:00: BOOKING DEBUG: Slot data-time attribute: None
2026-01-13 21:29:14 +01:00: BOOKING DEBUG: Slot data-time attribute: None
2026-01-13 21:29:14 +01:00: BOOKING DEBUG: Slot data-time attribute: None
2026-01-13 21:29:14 +01:00: BOOKING DEBUG: Slot data-time attribute: None
2026-01-13 21:29:14 +01:00: BOOKING DEBUG: Slot data-time attribute: None
2026-01-13 21:29:14 +01:00: BOOKING DEBUG: Slot data-time attribute: None
2026-01-13 21:29:14 +01:00: BOOKING DEBUG: Slot data-time attribute: None
2026-01-13 21:29:14 +01:00: BOOKING DEBUG: Slot data-time attribute: None
2026-01-13 21:29:14 +01:00: BOOKING DEBUG: Looking for time: 12:00
2026-01-13 21:29:14 +01:00: BOOKING DEBUG: Available times: [None, None, None, None, None, None, None, None, None, None, None, None, None, None, None, None, None, None, None, None, None, None, None, None, None, None, None, None, None, None, None, None, None, None, None, None, None, None, None, None, None, None, None, None, None, None, None, None, None, None, None, None, None, None, None, None, None, None]
2026-01-13 21:33:48 +01:00: [2026-01-13 21:33:48 +0100] [2474490] [WARNING] Invalid request from ip=87.251.75.163: Invalid HTTP request line: '\x03\x00\x00/*à\x00\x00\x00\x00\x00Cookie: mstshash=Administr'
2026-01-13 22:33:22 +01:00: [2026-01-13 22:33:22 +0100] [2474489] [WARNING] Invalid request from ip=172.235.181.226: Invalid HTTP request line: ''
2026-01-13 22:33:23 +01:00: [2026-01-13 22:33:23 +0100] [2474489] [WARNING] Invalid request from ip=172.235.181.226: Invalid HTTP Version: 'RTSP/1.0'
2026-01-13 22:33:38 +01:00: [2026-01-13 22:33:38 +0100] [2474489] [WARNING] Invalid request from ip=172.235.181.226: Invalid HTTP request line: 'HELP'
2026-01-13 22:33:43 +01:00: [2026-01-13 22:33:43 +0100] [2474490] [WARNING] Invalid request from ip=172.235.181.226: Invalid HTTP request line: '\x03\x00\x00*%à\x00\x00\x00\x00\x00Cookie: mstshash=nmap'
2026-01-13 22:34:18 +01:00: [2026-01-13 22:34:18 +0100] [2474490] [WARNING] Invalid request from ip=172.235.181.226: Invalid HTTP Version: 'SIP/2.0'
2026-01-14 08:23:15 +01:00: [2026-01-14 08:23:15 +0100] [2474487] [CRITICAL] WORKER TIMEOUT (pid:2474489)
2026-01-14 08:23:15 +01:00: [2026-01-14 08:23:15 +0100] [2474489] [ERROR] Error handling request (no URI read)
2026-01-14 08:23:15 +01:00: Traceback (most recent call last):
2026-01-14 08:23:15 +01:00:   File "/opt/Tennis_Booking/venv/lib/python3.12/site-packages/gunicorn/workers/sync.py", line 133, in handle
2026-01-14 08:23:15 +01:00:     req = next(parser)
2026-01-14 08:23:15 +01:00:           ^^^^^^^^^^^^
2026-01-14 08:23:15 +01:00:   File "/opt/Tennis_Booking/venv/lib/python3.12/site-packages/gunicorn/http/parser.py", line 41, in __next__
2026-01-14 08:23:15 +01:00:     self.mesg = self.mesg_class(self.cfg, self.unreader, self.source_addr, self.req_count)
2026-01-14 08:23:15 +01:00:                 ^^^^^^^^^^^^^^^^^^^^^^^^^^^^^^^^^^^^^^^^^^^^^^^^^^^^^^^^^^^^^^^^^^^^^^^^^^
2026-01-14 08:23:15 +01:00:   File "/opt/Tennis_Booking/venv/lib/python3.12/site-packages/gunicorn/http/message.py", line 259, in __init__
2026-01-14 08:23:15 +01:00:     super().__init__(cfg, unreader, peer_addr)
2026-01-14 08:23:15 +01:00:   File "/opt/Tennis_Booking/venv/lib/python3.12/site-packages/gunicorn/http/message.py", line 60, in __init__
2026-01-14 08:23:15 +01:00:     unused = self.parse(self.unreader)
2026-01-14 08:23:15 +01:00:              ^^^^^^^^^^^^^^^^^^^^^^^^^
2026-01-14 08:23:15 +01:00:   File "/opt/Tennis_Booking/venv/lib/python3.12/site-packages/gunicorn/http/message.py", line 271, in parse
2026-01-14 08:23:15 +01:00:     self.get_data(unreader, buf, stop=True)
2026-01-14 08:23:15 +01:00:   File "/opt/Tennis_Booking/venv/lib/python3.12/site-packages/gunicorn/http/message.py", line 262, in get_data
2026-01-14 08:23:15 +01:00:     data = unreader.read()
2026-01-14 08:23:15 +01:00:            ^^^^^^^^^^^^^^^
2026-01-14 08:23:15 +01:00:   File "/opt/Tennis_Booking/venv/lib/python3.12/site-packages/gunicorn/http/unreader.py", line 36, in read
2026-01-14 08:23:15 +01:00:     d = self.chunk()
2026-01-14 08:23:15 +01:00:         ^^^^^^^^^^^^
2026-01-14 08:23:15 +01:00:   File "/opt/Tennis_Booking/venv/lib/python3.12/site-packages/gunicorn/http/unreader.py", line 63, in chunk
2026-01-14 08:23:15 +01:00:     return self.sock.recv(self.mxchunk)
2026-01-14 08:23:15 +01:00:            ^^^^^^^^^^^^^^^^^^^^^^^^^^^^
2026-01-14 08:23:15 +01:00:   File "/opt/Tennis_Booking/venv/lib/python3.12/site-packages/gunicorn/workers/base.py", line 204, in handle_abort
2026-01-14 08:23:15 +01:00:     sys.exit(1)
2026-01-14 08:23:15 +01:00: SystemExit: 1
2026-01-14 08:23:15 +01:00: [2026-01-14 08:23:15 +0100] [2474489] [INFO] Worker exiting (pid: 2474489)
2026-01-14 08:23:15 +01:00: [2026-01-14 08:23:15 +0100] [2489151] [INFO] Booting worker with pid: 2489151
2026-01-14 08:47:37 +01:00: [2026-01-14 08:47:37 +0100] [2489151] [WARNING] Invalid request from ip=167.94.138.201: Invalid HTTP Version: (2, 0)
2026-01-14 08:47:37 +01:00: [2026-01-14 08:47:37 +0100] [2489151] [WARNING] Invalid request from ip=167.94.138.201: Invalid HTTP Version: (2, 0)
2026-01-14 13:38:54 +01:00: BOOKING: Starting booking for Platz 4 HALLE at 20:00 on 2026-01-18
2026-01-14 13:39:08 +01:00: BOOKING DEBUG: Found 41 free slots on page
2026-01-14 13:39:08 +01:00: BOOKING DEBUG: Slot data-time attribute: None
2026-01-14 13:39:08 +01:00: BOOKING DEBUG: Slot data-time attribute: None
2026-01-14 13:39:08 +01:00: BOOKING DEBUG: Slot data-time attribute: None
2026-01-14 13:39:08 +01:00: BOOKING DEBUG: Slot data-time attribute: None
2026-01-14 13:39:08 +01:00: BOOKING DEBUG: Slot data-time attribute: None
2026-01-14 13:39:08 +01:00: BOOKING DEBUG: Slot data-time attribute: None
2026-01-14 13:39:08 +01:00: BOOKING DEBUG: Slot data-time attribute: None
2026-01-14 13:39:08 +01:00: BOOKING DEBUG: Slot data-time attribute: None
2026-01-14 13:39:08 +01:00: BOOKING DEBUG: Slot data-time attribute: None
2026-01-14 13:39:08 +01:00: BOOKING DEBUG: Slot data-time attribute: None
2026-01-14 13:39:08 +01:00: BOOKING DEBUG: Slot data-time attribute: None
2026-01-14 13:39:08 +01:00: BOOKING DEBUG: Slot data-time attribute: None
2026-01-14 13:39:08 +01:00: BOOKING DEBUG: Slot data-time attribute: None
2026-01-14 13:39:08 +01:00: BOOKING DEBUG: Slot data-time attribute: None
2026-01-14 13:39:08 +01:00: BOOKING DEBUG: Slot data-time attribute: None
2026-01-14 13:39:08 +01:00: BOOKING DEBUG: Slot data-time attribute: None
2026-01-14 13:39:08 +01:00: BOOKING DEBUG: Slot data-time attribute: None
2026-01-14 13:39:08 +01:00: BOOKING DEBUG: Slot data-time attribute: None
2026-01-14 13:39:08 +01:00: BOOKING DEBUG: Slot data-time attribute: None
2026-01-14 13:39:08 +01:00: BOOKING DEBUG: Slot data-time attribute: None
2026-01-14 13:39:08 +01:00: BOOKING DEBUG: Slot data-time attribute: None
2026-01-14 13:39:08 +01:00: BOOKING DEBUG: Slot data-time attribute: None
2026-01-14 13:39:08 +01:00: BOOKING DEBUG: Slot data-time attribute: None
2026-01-14 13:39:08 +01:00: BOOKING DEBUG: Slot data-time attribute: None
2026-01-14 13:39:08 +01:00: BOOKING DEBUG: Slot data-time attribute: None
2026-01-14 13:39:08 +01:00: BOOKING DEBUG: Slot data-time attribute: None
2026-01-14 13:39:08 +01:00: BOOKING DEBUG: Slot data-time attribute: None
2026-01-14 13:39:08 +01:00: BOOKING DEBUG: Slot data-time attribute: None
2026-01-14 13:39:08 +01:00: BOOKING DEBUG: Slot data-time attribute: None
2026-01-14 13:39:08 +01:00: BOOKING DEBUG: Slot data-time attribute: None
2026-01-14 13:39:08 +01:00: BOOKING DEBUG: Slot data-time attribute: None
2026-01-14 13:39:08 +01:00: BOOKING DEBUG: Slot data-time attribute: None
2026-01-14 13:39:08 +01:00: BOOKING DEBUG: Slot data-time attribute: None
2026-01-14 13:39:08 +01:00: BOOKING DEBUG: Slot data-time attribute: None
2026-01-14 13:39:08 +01:00: BOOKING DEBUG: Slot data-time attribute: None
2026-01-14 13:39:08 +01:00: BOOKING DEBUG: Slot data-time attribute: None
2026-01-14 13:39:08 +01:00: BOOKING DEBUG: Slot data-time attribute: None
2026-01-14 13:39:08 +01:00: BOOKING DEBUG: Slot data-time attribute: None
2026-01-14 13:39:08 +01:00: BOOKING DEBUG: Slot data-time attribute: None
2026-01-14 13:39:08 +01:00: BOOKING DEBUG: Slot data-time attribute: None
2026-01-14 13:39:08 +01:00: BOOKING DEBUG: Slot data-time attribute: None
2026-01-14 13:39:08 +01:00: BOOKING DEBUG: Looking for time: 20:00
2026-01-14 13:39:08 +01:00: BOOKING DEBUG: Available times: [None, None, None, None, None, None, None, None, None, None, None, None, None, None, None, None, None, None, None, None, None, None, None, None, None, None, None, None, None, None, None, None, None, None, None, None, None, None, None, None, None]
2026-01-14 14:08:01 +01:00: [2026-01-14 14:08:01 +0100] [2474487] [INFO] Handling signal: int
2026-01-14 14:08:01 +01:00: [2026-01-14 14:08:01 +0100] [2474490] [INFO] Worker exiting (pid: 2474490)
2026-01-14 14:08:01 +01:00: [2026-01-14 14:08:01 +0100] [2489151] [INFO] Worker exiting (pid: 2489151)
2026-01-14 14:08:02 +01:00: [2026-01-14 14:08:02 +0100] [2474487] [INFO] Shutting down: Master
2026-01-14 14:08:02 +01:00: [2026-01-14 14:08:02 +0100] [2499161] [INFO] Starting gunicorn 23.0.0
2026-01-14 14:08:02 +01:00: [2026-01-14 14:08:02 +0100] [2499161] [INFO] Listening at: http://0.0.0.0:5001 (2499161)
2026-01-14 14:08:02 +01:00: [2026-01-14 14:08:02 +0100] [2499161] [INFO] Using worker: sync
2026-01-14 14:08:02 +01:00: [2026-01-14 14:08:02 +0100] [2499163] [INFO] Booting worker with pid: 2499163
2026-01-14 14:08:02 +01:00: [2026-01-14 14:08:02 +0100] [2499164] [INFO] Booting worker with pid: 2499164
2026-01-14 14:11:53 +01:00: BOOKING: Starting booking for Platz 3 HALLE at 14:00 on 2026-01-19
2026-01-14 15:04:44 +01:00: BOOKING: Starting booking for Platz 1 HALLE at 10:00 on 2026-01-19
2026-01-14 15:12:14 +01:00: [2026-01-14 15:12:14 +0100] [2499161] [INFO] Handling signal: int
2026-01-14 15:12:14 +01:00: [2026-01-14 15:12:14 +0100] [2499164] [INFO] Worker exiting (pid: 2499164)
2026-01-14 15:12:14 +01:00: [2026-01-14 15:12:14 +0100] [2499163] [INFO] Worker exiting (pid: 2499163)
2026-01-14 15:12:14 +01:00: [2026-01-14 15:12:14 +0100] [2499161] [INFO] Shutting down: Master
2026-01-14 15:12:15 +01:00: [2026-01-14 15:12:15 +0100] [2500963] [INFO] Starting gunicorn 23.0.0
2026-01-14 15:12:15 +01:00: [2026-01-14 15:12:15 +0100] [2500963] [INFO] Listening at: http://0.0.0.0:5001 (2500963)
2026-01-14 15:12:15 +01:00: [2026-01-14 15:12:15 +0100] [2500963] [INFO] Using worker: sync
2026-01-14 15:12:15 +01:00: [2026-01-14 15:12:15 +0100] [2500967] [INFO] Booting worker with pid: 2500967
2026-01-14 15:12:15 +01:00: [2026-01-14 15:12:15 +0100] [2500968] [INFO] Booting worker with pid: 2500968
2026-01-14 15:23:09 +01:00: [2026-01-14 15:23:09 +0100] [2500963] [INFO] Handling signal: int
2026-01-14 15:23:09 +01:00: [2026-01-14 15:23:09 +0100] [2500967] [INFO] Worker exiting (pid: 2500967)
2026-01-14 15:23:09 +01:00: [2026-01-14 15:23:09 +0100] [2500968] [INFO] Worker exiting (pid: 2500968)
2026-01-14 15:23:10 +01:00: [2026-01-14 15:23:10 +0100] [2500963] [INFO] Shutting down: Master
2026-01-14 15:23:10 +01:00: [2026-01-14 15:23:10 +0100] [2501493] [INFO] Starting gunicorn 23.0.0
2026-01-14 15:23:10 +01:00: [2026-01-14 15:23:10 +0100] [2501493] [INFO] Listening at: http://0.0.0.0:5001 (2501493)
2026-01-14 15:23:10 +01:00: [2026-01-14 15:23:10 +0100] [2501493] [INFO] Using worker: sync
2026-01-14 15:23:10 +01:00: [2026-01-14 15:23:10 +0100] [2501495] [INFO] Booting worker with pid: 2501495
2026-01-14 15:23:10 +01:00: [2026-01-14 15:23:10 +0100] [2501496] [INFO] Booting worker with pid: 2501496
2026-01-14 15:23:50 +01:00: [2026-01-14 15:23:50 +0100] [2501493] [INFO] Handling signal: int
2026-01-14 15:23:50 +01:00: [2026-01-14 15:23:50 +0100] [2501496] [INFO] Worker exiting (pid: 2501496)
2026-01-14 15:23:50 +01:00: [2026-01-14 15:23:50 +0100] [2501495] [INFO] Worker exiting (pid: 2501495)
2026-01-14 15:23:50 +01:00: [2026-01-14 15:23:50 +0100] [2501493] [INFO] Shutting down: Master
2026-01-14 15:23:50 +01:00: [2026-01-14 15:23:50 +0100] [2501618] [INFO] Starting gunicorn 23.0.0
2026-01-14 15:23:50 +01:00: [2026-01-14 15:23:50 +0100] [2501618] [INFO] Listening at: http://0.0.0.0:5001 (2501618)
2026-01-14 15:23:50 +01:00: [2026-01-14 15:23:50 +0100] [2501618] [INFO] Using worker: sync
2026-01-14 15:23:50 +01:00: [2026-01-14 15:23:50 +0100] [2501620] [INFO] Booting worker with pid: 2501620
2026-01-14 15:23:50 +01:00: [2026-01-14 15:23:50 +0100] [2501621] [INFO] Booting worker with pid: 2501621
2026-01-14 15:25:04 +01:00: BOOKING: Starting booking for Platz 1 HALLE at 10:00 on 2026-01-19
2026-01-14 15:25:14 +01:00: BOOKING: Navigating to booking URL: https://reservierung.dasspiel.at/calendar/booking-data/?date=2026-01-19&time_start=10:00&square_id=401dbeb5-d503-481b-9834-5f9849c92499&is_half_hour=0
2026-01-14 15:28:35 +01:00: [2026-01-14 15:28:35 +0100] [2501618] [INFO] Handling signal: int
2026-01-14 15:28:35 +01:00: [2026-01-14 15:28:35 +0100] [2501620] [INFO] Worker exiting (pid: 2501620)
2026-01-14 15:28:35 +01:00: [2026-01-14 15:28:35 +0100] [2501621] [INFO] Worker exiting (pid: 2501621)
2026-01-14 15:28:36 +01:00: [2026-01-14 15:28:36 +0100] [2501618] [INFO] Shutting down: Master
2026-01-14 15:28:36 +01:00: [2026-01-14 15:28:36 +0100] [2502079] [INFO] Starting gunicorn 23.0.0
2026-01-14 15:28:36 +01:00: [2026-01-14 15:28:36 +0100] [2502079] [INFO] Listening at: http://0.0.0.0:5001 (2502079)
2026-01-14 15:28:36 +01:00: [2026-01-14 15:28:36 +0100] [2502079] [INFO] Using worker: sync
2026-01-14 15:28:36 +01:00: [2026-01-14 15:28:36 +0100] [2502080] [INFO] Booting worker with pid: 2502080
2026-01-14 15:28:36 +01:00: [2026-01-14 15:28:36 +0100] [2502081] [INFO] Booting worker with pid: 2502081
2026-01-14 15:58:17 +01:00: BOOKING: Starting booking for Platz 1 HALLE at 10:00 on 2026-01-19
2026-01-14 15:58:27 +01:00: BOOKING DEBUG: After login, current URL: https://reservierung.dasspiel.at/
2026-01-14 15:58:27 +01:00: BOOKING: Navigating to booking URL: https://reservierung.dasspiel.at/calendar/booking-data/?date=2026-01-19&time_start=10:00&square_id=401dbeb5-d503-481b-9834-5f9849c92499&is_half_hour=0
2026-01-14 15:58:32 +01:00: BOOKING DEBUG: After navigation, current URL: https://reservierung.dasspiel.at/calendar/booking-data/?date=2026-01-19&time_start=10:00&square_id=401dbeb5-d503-481b-9834-5f9849c92499&is_half_hour=0
2026-01-14 15:58:32 +01:00: BOOKING DEBUG: Found 5 buttons on page
2026-01-14 15:58:32 +01:00: BOOKING DEBUG: Button 0: 'Save'
2026-01-14 15:58:32 +01:00: BOOKING DEBUG: Button 1: 'Copy'
2026-01-14 15:58:32 +01:00: BOOKING DEBUG: Button 2: 'Collapse All'
2026-01-14 15:58:32 +01:00: BOOKING DEBUG: Button 3: 'Expand All'
2026-01-14 16:07:12 +01:00: [2026-01-14 16:07:12 +0100] [2502079] [INFO] Handling signal: int
2026-01-14 16:07:12 +01:00: [2026-01-14 16:07:12 +0100] [2502080] [INFO] Worker exiting (pid: 2502080)
2026-01-14 16:07:12 +01:00: [2026-01-14 16:07:12 +0100] [2502081] [INFO] Worker exiting (pid: 2502081)
2026-01-14 16:07:12 +01:00: [2026-01-14 16:07:12 +0100] [2502079] [INFO] Shutting down: Master
2026-01-14 16:07:12 +01:00: [2026-01-14 16:07:12 +0100] [2503468] [INFO] Starting gunicorn 23.0.0
2026-01-14 16:07:12 +01:00: [2026-01-14 16:07:12 +0100] [2503468] [INFO] Listening at: http://0.0.0.0:5001 (2503468)
2026-01-14 16:07:12 +01:00: [2026-01-14 16:07:12 +0100] [2503468] [INFO] Using worker: sync
2026-01-14 16:07:12 +01:00: [2026-01-14 16:07:12 +0100] [2503470] [INFO] Booting worker with pid: 2503470
2026-01-14 16:07:12 +01:00: [2026-01-14 16:07:12 +0100] [2503471] [INFO] Booting worker with pid: 2503471
2026-01-14 16:17:27 +01:00: BOOKING: Starting booking for Platz 1 HALLE at 10:00 on 2026-01-19
2026-01-14 16:17:38 +01:00: BOOKING DEBUG: After login, current URL: https://reservierung.dasspiel.at/
2026-01-14 16:17:38 +01:00: BOOKING: Navigating to calendar page: https://reservierung.dasspiel.at/?date=2026-01-19
2026-01-14 16:17:41 +01:00: BOOKING: Attempting to click slot with square_id: 401dbeb5-d503-481b-9834-5f9849c92499
2026-01-14 16:17:41 +01:00: BOOKING DEBUG: Could not find slot to click
2026-01-14 18:08:08 +01:00: [2026-01-14 18:08:08 +0100] [2503468] [INFO] Handling signal: int
2026-01-14 18:08:08 +01:00: [2026-01-14 18:08:08 +0100] [2503471] [INFO] Worker exiting (pid: 2503471)
2026-01-14 18:08:08 +01:00: [2026-01-14 18:08:08 +0100] [2503470] [INFO] Worker exiting (pid: 2503470)
2026-01-14 18:08:08 +01:00: [2026-01-14 18:08:08 +0100] [2503468] [INFO] Shutting down: Master
2026-01-14 18:08:09 +01:00: [2026-01-14 18:08:09 +0100] [2506396] [INFO] Starting gunicorn 23.0.0
2026-01-14 18:08:09 +01:00: [2026-01-14 18:08:09 +0100] [2506396] [INFO] Listening at: http://0.0.0.0:5001 (2506396)
2026-01-14 18:08:09 +01:00: [2026-01-14 18:08:09 +0100] [2506396] [INFO] Using worker: sync
2026-01-14 18:08:09 +01:00: [2026-01-14 18:08:09 +0100] [2506398] [INFO] Booting worker with pid: 2506398
2026-01-14 18:08:09 +01:00: [2026-01-14 18:08:09 +0100] [2506399] [INFO] Booting worker with pid: 2506399
2026-01-14 18:37:59 +01:00: BOOKING: Attempting API-based booking...
2026-01-14 18:37:59 +01:00: BOOKING API: Starting booking for Platz 6 HALLE at 10:00 on 2026-01-19
2026-01-14 18:37:59 +01:00: BOOKING API: Login successful, CSRF token obtained
2026-01-14 18:37:59 +01:00: BOOKING API: Sending POST to https://reservierung.dasspiel.at/user/booking/rent
2026-01-14 18:37:59 +01:00: BOOKING API: Payload: {'date': '2026-01-19', 'time_start': '10:00', 'square_id': '35a8aa1f-cadc-431e-9465-26d7f54b0e1f', 'agb_accepted': True, 'rules_accepted': True}
2026-01-14 18:37:59 +01:00: BOOKING API: Response status: 200
2026-01-14 18:37:59 +01:00: BOOKING API: Response text: {"status":0}
2026-01-14 21:51:44 +01:00: [2026-01-14 21:51:44 +0100] [2506398] [WARNING] Invalid request from ip=162.142.125.202: Invalid HTTP Version: (2, 0)
2026-01-14 21:53:55 +01:00: [2026-01-14 21:53:55 +0100] [2506398] [WARNING] Invalid request from ip=167.94.138.50: Invalid HTTP Version: (2, 0)
2026-01-15 03:35:05 +01:00: [2026-01-15 03:35:05 +0100] [2506399] [WARNING] Invalid request from ip=3.137.73.221: Invalid HTTP request line: 'SSH-2.0-Go'
2026-01-15 14:25:21 +01:00: [2026-01-15 14:25:21 +0100] [2506399] [WARNING] Invalid request from ip=45.140.17.52: Invalid HTTP request line: '\x03\x00\x00/*à\x00\x00\x00\x00\x00Cookie: mstshash=Administr'
2026-01-15 20:14:39 +01:00: [2026-01-15 20:14:39 +0100] [2506398] [WARNING] Invalid request from ip=45.140.17.52: Invalid HTTP request line: '\x03\x00\x00/*à\x00\x00\x00\x00\x00Cookie: mstshash=Administr'
2026-01-15 23:04:52 +01:00: [2026-01-15 23:04:52 +0100] [2506399] [WARNING] Invalid request from ip=162.142.125.206: Invalid HTTP Version: (2, 0)
2026-01-16 05:23:25 +01:00: [2026-01-16 05:23:25 +0100] [2506399] [WARNING] Invalid request from ip=3.143.33.63: Invalid HTTP request line: 'SSH-2.0-Go'
2026-01-16 11:50:45 +01:00: [2026-01-16 11:50:45 +0100] [2506399] [WARNING] Invalid request from ip=167.94.138.51: Invalid HTTP Version: (2, 0)
2026-01-16 11:51:39 +01:00: [2026-01-16 11:51:39 +0100] [2506398] [WARNING] Invalid request from ip=162.142.125.121: Invalid HTTP Version: (2, 0)
2026-01-16 11:53:51 +01:00: [2026-01-16 11:53:51 +0100] [2506398] [WARNING] Invalid request from ip=45.140.17.52: Invalid HTTP request line: '\x03\x00\x00/*à\x00\x00\x00\x00\x00Cookie: mstshash=Administr'
2026-01-17 00:51:34 +01:00: [2026-01-17 00:51:34 +0100] [2506398] [WARNING] Invalid request from ip=206.168.34.58: Invalid HTTP Version: (2, 0)
2026-01-17 00:52:28 +01:00: [2026-01-17 00:52:28 +0100] [2506399] [WARNING] Invalid request from ip=162.142.125.47: Invalid HTTP Version: (2, 0)
2026-01-17 07:19:25 +01:00: [2026-01-17 07:19:25 +0100] [2506399] [WARNING] Invalid request from ip=3.149.59.26: Invalid HTTP request line: 'SSH-2.0-Go'
2026-01-17 09:14:37 +01:00: [2026-01-17 09:14:37 +0100] [2506396] [INFO] Handling signal: int
2026-01-17 09:14:38 +01:00: [2026-01-17 09:14:38 +0100] [2506399] [INFO] Worker exiting (pid: 2506399)
2026-01-17 09:14:38 +01:00: [2026-01-17 09:14:38 +0100] [2506398] [INFO] Worker exiting (pid: 2506398)
2026-01-17 09:14:38 +01:00: [2026-01-17 09:14:38 +0100] [2506396] [INFO] Shutting down: Master
2026-01-17 09:14:38 +01:00: [2026-01-17 09:14:38 +0100] [2597213] [INFO] Starting gunicorn 23.0.0
2026-01-17 09:14:38 +01:00: [2026-01-17 09:14:38 +0100] [2597213] [INFO] Listening at: http://0.0.0.0:5001 (2597213)
2026-01-17 09:14:38 +01:00: [2026-01-17 09:14:38 +0100] [2597213] [INFO] Using worker: sync
2026-01-17 09:14:38 +01:00: [2026-01-17 09:14:38 +0100] [2597214] [INFO] Booting worker with pid: 2597214
2026-01-17 09:14:38 +01:00: [2026-01-17 09:14:38 +0100] [2597215] [INFO] Booting worker with pid: 2597215
2026-01-17 09:15:15 +01:00: BOOKING: Attempting API-based booking...
2026-01-17 09:15:15 +01:00: BOOKING API: Starting booking for Platz 1 HALLE at 09:00 on 2026-01-23
2026-01-17 09:15:16 +01:00: BOOKING API: Login successful, CSRF token obtained
2026-01-17 09:15:16 +01:00: BOOKING API: Getting booking data from https://reservierung.dasspiel.at/calendar/booking-data/
2026-01-17 09:15:16 +01:00: BOOKING API: Params: {'date': '2026-01-23', 'time_start': '09:00', 'square_id': '401dbeb5-d503-481b-9834-5f9849c92499', 'is_half_hour': '0'}
2026-01-17 09:15:17 +01:00: BOOKING API: Booking-data response status: 200
2026-01-17 09:15:17 +01:00: BOOKING API: Sending POST to https://reservierung.dasspiel.at/user/booking/rent
2026-01-17 09:15:17 +01:00: BOOKING API: Form data: {'timeslot': '0', 'agb': 'on', 'rules': 'on'}
2026-01-17 09:15:17 +01:00: BOOKING API: Response status: 200
2026-01-17 09:15:17 +01:00: BOOKING API: Response text: {"status":0}
2026-01-17 11:57:57 +01:00: [2026-01-17 11:57:57 +0100] [2597213] [CRITICAL] WORKER TIMEOUT (pid:2597215)
2026-01-17 11:57:57 +01:00: [2026-01-17 11:57:57 +0100] [2597215] [ERROR] Error handling request (no URI read)
2026-01-17 11:57:57 +01:00: Traceback (most recent call last):
2026-01-17 11:57:57 +01:00:   File "/opt/Tennis_Booking/venv/lib/python3.12/site-packages/gunicorn/workers/sync.py", line 133, in handle
2026-01-17 11:57:57 +01:00:     req = next(parser)
2026-01-17 11:57:57 +01:00:           ^^^^^^^^^^^^
2026-01-17 11:57:57 +01:00:   File "/opt/Tennis_Booking/venv/lib/python3.12/site-packages/gunicorn/http/parser.py", line 41, in __next__
2026-01-17 11:57:57 +01:00:     self.mesg = self.mesg_class(self.cfg, self.unreader, self.source_addr, self.req_count)
2026-01-17 11:57:57 +01:00:                 ^^^^^^^^^^^^^^^^^^^^^^^^^^^^^^^^^^^^^^^^^^^^^^^^^^^^^^^^^^^^^^^^^^^^^^^^^^
2026-01-17 11:57:57 +01:00:   File "/opt/Tennis_Booking/venv/lib/python3.12/site-packages/gunicorn/http/message.py", line 259, in __init__
2026-01-17 11:57:57 +01:00:     super().__init__(cfg, unreader, peer_addr)
2026-01-17 11:57:57 +01:00:   File "/opt/Tennis_Booking/venv/lib/python3.12/site-packages/gunicorn/http/message.py", line 60, in __init__
2026-01-17 11:57:57 +01:00:     unused = self.parse(self.unreader)
2026-01-17 11:57:57 +01:00:              ^^^^^^^^^^^^^^^^^^^^^^^^^
2026-01-17 11:57:57 +01:00:   File "/opt/Tennis_Booking/venv/lib/python3.12/site-packages/gunicorn/http/message.py", line 274, in parse
2026-01-17 11:57:57 +01:00:     line, rbuf = self.read_line(unreader, buf, self.limit_request_line)
2026-01-17 11:57:57 +01:00:                  ^^^^^^^^^^^^^^^^^^^^^^^^^^^^^^^^^^^^^^^^^^^^^^^^^^^^^^
2026-01-17 11:57:57 +01:00:   File "/opt/Tennis_Booking/venv/lib/python3.12/site-packages/gunicorn/http/message.py", line 326, in read_line
2026-01-17 11:57:57 +01:00:     self.get_data(unreader, buf)
2026-01-17 11:57:57 +01:00:   File "/opt/Tennis_Booking/venv/lib/python3.12/site-packages/gunicorn/http/message.py", line 262, in get_data
2026-01-17 11:57:57 +01:00:     data = unreader.read()
2026-01-17 11:57:57 +01:00:            ^^^^^^^^^^^^^^^
2026-01-17 11:57:57 +01:00:   File "/opt/Tennis_Booking/venv/lib/python3.12/site-packages/gunicorn/http/unreader.py", line 36, in read
2026-01-17 11:57:57 +01:00:     d = self.chunk()
2026-01-17 11:57:57 +01:00:         ^^^^^^^^^^^^
2026-01-17 11:57:57 +01:00:   File "/opt/Tennis_Booking/venv/lib/python3.12/site-packages/gunicorn/http/unreader.py", line 63, in chunk
2026-01-17 11:57:57 +01:00:     return self.sock.recv(self.mxchunk)
2026-01-17 11:57:57 +01:00:            ^^^^^^^^^^^^^^^^^^^^^^^^^^^^
2026-01-17 11:57:57 +01:00:   File "/opt/Tennis_Booking/venv/lib/python3.12/site-packages/gunicorn/workers/base.py", line 204, in handle_abort
2026-01-17 11:57:57 +01:00:     sys.exit(1)
2026-01-17 11:57:57 +01:00: SystemExit: 1
2026-01-17 11:57:57 +01:00: [2026-01-17 11:57:57 +0100] [2597215] [INFO] Worker exiting (pid: 2597215)
2026-01-17 11:57:57 +01:00: [2026-01-17 11:57:57 +0100] [2608066] [INFO] Booting worker with pid: 2608066
2026-01-17 15:12:43 +01:00: [2026-01-17 15:12:43 +0100] [2597213] [CRITICAL] WORKER TIMEOUT (pid:2597214)
2026-01-17 15:12:43 +01:00: [2026-01-17 15:12:43 +0100] [2597214] [ERROR] Error handling request (no URI read)
2026-01-17 15:12:43 +01:00: Traceback (most recent call last):
2026-01-17 15:12:43 +01:00:   File "/opt/Tennis_Booking/venv/lib/python3.12/site-packages/gunicorn/workers/sync.py", line 133, in handle
2026-01-17 15:12:43 +01:00:     req = next(parser)
2026-01-17 15:12:43 +01:00:           ^^^^^^^^^^^^
2026-01-17 15:12:43 +01:00:   File "/opt/Tennis_Booking/venv/lib/python3.12/site-packages/gunicorn/http/parser.py", line 41, in __next__
2026-01-17 15:12:43 +01:00:     self.mesg = self.mesg_class(self.cfg, self.unreader, self.source_addr, self.req_count)
2026-01-17 15:12:43 +01:00:                 ^^^^^^^^^^^^^^^^^^^^^^^^^^^^^^^^^^^^^^^^^^^^^^^^^^^^^^^^^^^^^^^^^^^^^^^^^^
2026-01-17 15:12:43 +01:00:   File "/opt/Tennis_Booking/venv/lib/python3.12/site-packages/gunicorn/http/message.py", line 259, in __init__
2026-01-17 15:12:43 +01:00:     super().__init__(cfg, unreader, peer_addr)
2026-01-17 15:12:43 +01:00:   File "/opt/Tennis_Booking/venv/lib/python3.12/site-packages/gunicorn/http/message.py", line 60, in __init__
2026-01-17 15:12:43 +01:00:     unused = self.parse(self.unreader)
2026-01-17 15:12:43 +01:00:              ^^^^^^^^^^^^^^^^^^^^^^^^^
2026-01-17 15:12:43 +01:00:   File "/opt/Tennis_Booking/venv/lib/python3.12/site-packages/gunicorn/http/message.py", line 274, in parse
2026-01-17 15:12:43 +01:00:     line, rbuf = self.read_line(unreader, buf, self.limit_request_line)
2026-01-17 15:12:43 +01:00:                  ^^^^^^^^^^^^^^^^^^^^^^^^^^^^^^^^^^^^^^^^^^^^^^^^^^^^^^
2026-01-17 15:12:43 +01:00:   File "/opt/Tennis_Booking/venv/lib/python3.12/site-packages/gunicorn/http/message.py", line 326, in read_line
2026-01-17 15:12:43 +01:00:     self.get_data(unreader, buf)
2026-01-17 15:12:43 +01:00:   File "/opt/Tennis_Booking/venv/lib/python3.12/site-packages/gunicorn/http/message.py", line 262, in get_data
2026-01-17 15:12:43 +01:00:     data = unreader.read()
2026-01-17 15:12:43 +01:00:            ^^^^^^^^^^^^^^^
2026-01-17 15:12:43 +01:00:   File "/opt/Tennis_Booking/venv/lib/python3.12/site-packages/gunicorn/http/unreader.py", line 36, in read
2026-01-17 15:12:43 +01:00:     d = self.chunk()
2026-01-17 15:12:43 +01:00:         ^^^^^^^^^^^^
2026-01-17 15:12:43 +01:00:   File "/opt/Tennis_Booking/venv/lib/python3.12/site-packages/gunicorn/http/unreader.py", line 63, in chunk
2026-01-17 15:12:43 +01:00:     return self.sock.recv(self.mxchunk)
2026-01-17 15:12:43 +01:00:            ^^^^^^^^^^^^^^^^^^^^^^^^^^^^
2026-01-17 15:12:43 +01:00:   File "/opt/Tennis_Booking/venv/lib/python3.12/site-packages/gunicorn/workers/base.py", line 204, in handle_abort
2026-01-17 15:12:43 +01:00:     sys.exit(1)
2026-01-17 15:12:43 +01:00: SystemExit: 1
2026-01-17 15:12:43 +01:00: [2026-01-17 15:12:43 +0100] [2597214] [INFO] Worker exiting (pid: 2597214)
2026-01-17 15:12:43 +01:00: [2026-01-17 15:12:43 +0100] [2629850] [INFO] Booting worker with pid: 2629850
2026-01-17 17:55:23 +01:00: [2026-01-17 17:55:23 +0100] [2597213] [CRITICAL] WORKER TIMEOUT (pid:2608066)
2026-01-17 17:55:23 +01:00: [2026-01-17 17:55:23 +0100] [2608066] [ERROR] Error handling request (no URI read)
2026-01-17 17:55:23 +01:00: Traceback (most recent call last):
2026-01-17 17:55:23 +01:00:   File "/opt/Tennis_Booking/venv/lib/python3.12/site-packages/gunicorn/workers/sync.py", line 133, in handle
2026-01-17 17:55:23 +01:00:     req = next(parser)
2026-01-17 17:55:23 +01:00:           ^^^^^^^^^^^^
2026-01-17 17:55:23 +01:00:   File "/opt/Tennis_Booking/venv/lib/python3.12/site-packages/gunicorn/http/parser.py", line 41, in __next__
2026-01-17 17:55:23 +01:00:     self.mesg = self.mesg_class(self.cfg, self.unreader, self.source_addr, self.req_count)
2026-01-17 17:55:23 +01:00:                 ^^^^^^^^^^^^^^^^^^^^^^^^^^^^^^^^^^^^^^^^^^^^^^^^^^^^^^^^^^^^^^^^^^^^^^^^^^
2026-01-17 17:55:23 +01:00:   File "/opt/Tennis_Booking/venv/lib/python3.12/site-packages/gunicorn/http/message.py", line 259, in __init__
2026-01-17 17:55:23 +01:00:     super().__init__(cfg, unreader, peer_addr)
2026-01-17 17:55:23 +01:00:   File "/opt/Tennis_Booking/venv/lib/python3.12/site-packages/gunicorn/http/message.py", line 60, in __init__
2026-01-17 17:55:23 +01:00:     unused = self.parse(self.unreader)
2026-01-17 17:55:23 +01:00:              ^^^^^^^^^^^^^^^^^^^^^^^^^
2026-01-17 17:55:23 +01:00:   File "/opt/Tennis_Booking/venv/lib/python3.12/site-packages/gunicorn/http/message.py", line 274, in parse
2026-01-17 17:55:23 +01:00:     line, rbuf = self.read_line(unreader, buf, self.limit_request_line)
2026-01-17 17:55:23 +01:00:                  ^^^^^^^^^^^^^^^^^^^^^^^^^^^^^^^^^^^^^^^^^^^^^^^^^^^^^^
2026-01-17 17:55:23 +01:00:   File "/opt/Tennis_Booking/venv/lib/python3.12/site-packages/gunicorn/http/message.py", line 326, in read_line
2026-01-17 17:55:23 +01:00:     self.get_data(unreader, buf)
2026-01-17 17:55:23 +01:00:   File "/opt/Tennis_Booking/venv/lib/python3.12/site-packages/gunicorn/http/message.py", line 262, in get_data
2026-01-17 17:55:23 +01:00:     data = unreader.read()
2026-01-17 17:55:23 +01:00:            ^^^^^^^^^^^^^^^
2026-01-17 17:55:23 +01:00:   File "/opt/Tennis_Booking/venv/lib/python3.12/site-packages/gunicorn/http/unreader.py", line 36, in read
2026-01-17 17:55:23 +01:00:     d = self.chunk()
2026-01-17 17:55:23 +01:00:         ^^^^^^^^^^^^
2026-01-17 17:55:23 +01:00:   File "/opt/Tennis_Booking/venv/lib/python3.12/site-packages/gunicorn/http/unreader.py", line 63, in chunk
2026-01-17 17:55:23 +01:00:     return self.sock.recv(self.mxchunk)
2026-01-17 17:55:23 +01:00:            ^^^^^^^^^^^^^^^^^^^^^^^^^^^^
2026-01-17 17:55:23 +01:00:   File "/opt/Tennis_Booking/venv/lib/python3.12/site-packages/gunicorn/workers/base.py", line 204, in handle_abort
2026-01-17 17:55:23 +01:00:     sys.exit(1)
2026-01-17 17:55:23 +01:00: SystemExit: 1
2026-01-17 17:55:23 +01:00: [2026-01-17 17:55:23 +0100] [2608066] [INFO] Worker exiting (pid: 2608066)
2026-01-17 17:55:23 +01:00: [2026-01-17 17:55:23 +0100] [2636050] [INFO] Booting worker with pid: 2636050
2026-01-18 02:01:16 +01:00: [2026-01-18 02:01:16 +0100] [2636050] [WARNING] Invalid request from ip=162.142.125.41: Invalid HTTP Version: (2, 0)
2026-01-18 04:02:08 +01:00: [2026-01-18 04:02:08 +0100] [2597213] [CRITICAL] WORKER TIMEOUT (pid:2636050)
2026-01-18 04:02:08 +01:00: [2026-01-18 04:02:08 +0100] [2636050] [ERROR] Error handling request (no URI read)
2026-01-18 04:02:08 +01:00: Traceback (most recent call last):
2026-01-18 04:02:08 +01:00:   File "/opt/Tennis_Booking/venv/lib/python3.12/site-packages/gunicorn/workers/sync.py", line 133, in handle
2026-01-18 04:02:08 +01:00:     req = next(parser)
2026-01-18 04:02:08 +01:00:           ^^^^^^^^^^^^
2026-01-18 04:02:08 +01:00:   File "/opt/Tennis_Booking/venv/lib/python3.12/site-packages/gunicorn/http/parser.py", line 41, in __next__
2026-01-18 04:02:08 +01:00:     self.mesg = self.mesg_class(self.cfg, self.unreader, self.source_addr, self.req_count)
2026-01-18 04:02:08 +01:00:                 ^^^^^^^^^^^^^^^^^^^^^^^^^^^^^^^^^^^^^^^^^^^^^^^^^^^^^^^^^^^^^^^^^^^^^^^^^^
2026-01-18 04:02:08 +01:00:   File "/opt/Tennis_Booking/venv/lib/python3.12/site-packages/gunicorn/http/message.py", line 259, in __init__
2026-01-18 04:02:08 +01:00:     super().__init__(cfg, unreader, peer_addr)
2026-01-18 04:02:08 +01:00:   File "/opt/Tennis_Booking/venv/lib/python3.12/site-packages/gunicorn/http/message.py", line 60, in __init__
2026-01-18 04:02:08 +01:00:     unused = self.parse(self.unreader)
2026-01-18 04:02:08 +01:00:              ^^^^^^^^^^^^^^^^^^^^^^^^^
2026-01-18 04:02:08 +01:00:   File "/opt/Tennis_Booking/venv/lib/python3.12/site-packages/gunicorn/http/message.py", line 274, in parse
2026-01-18 04:02:08 +01:00:     line, rbuf = self.read_line(unreader, buf, self.limit_request_line)
2026-01-18 04:02:08 +01:00:                  ^^^^^^^^^^^^^^^^^^^^^^^^^^^^^^^^^^^^^^^^^^^^^^^^^^^^^^
2026-01-18 04:02:08 +01:00:   File "/opt/Tennis_Booking/venv/lib/python3.12/site-packages/gunicorn/http/message.py", line 326, in read_line
2026-01-18 04:02:08 +01:00:     self.get_data(unreader, buf)
2026-01-18 04:02:08 +01:00:   File "/opt/Tennis_Booking/venv/lib/python3.12/site-packages/gunicorn/http/message.py", line 262, in get_data
2026-01-18 04:02:08 +01:00:     data = unreader.read()
2026-01-18 04:02:08 +01:00:            ^^^^^^^^^^^^^^^
2026-01-18 04:02:08 +01:00:   File "/opt/Tennis_Booking/venv/lib/python3.12/site-packages/gunicorn/http/unreader.py", line 36, in read
2026-01-18 04:02:08 +01:00:     d = self.chunk()
2026-01-18 04:02:08 +01:00:         ^^^^^^^^^^^^
2026-01-18 04:02:08 +01:00:   File "/opt/Tennis_Booking/venv/lib/python3.12/site-packages/gunicorn/http/unreader.py", line 63, in chunk
2026-01-18 04:02:08 +01:00:     return self.sock.recv(self.mxchunk)
2026-01-18 04:02:08 +01:00:            ^^^^^^^^^^^^^^^^^^^^^^^^^^^^
2026-01-18 04:02:08 +01:00:   File "/opt/Tennis_Booking/venv/lib/python3.12/site-packages/gunicorn/workers/base.py", line 204, in handle_abort
2026-01-18 04:02:08 +01:00:     sys.exit(1)
2026-01-18 04:02:08 +01:00: SystemExit: 1
2026-01-18 04:02:08 +01:00: [2026-01-18 04:02:08 +0100] [2636050] [INFO] Worker exiting (pid: 2636050)
2026-01-18 04:02:08 +01:00: [2026-01-18 04:02:08 +0100] [2654637] [INFO] Booting worker with pid: 2654637
2026-01-18 05:06:18 +01:00: [2026-01-18 05:06:18 +0100] [2597213] [CRITICAL] WORKER TIMEOUT (pid:2654637)
2026-01-18 05:06:18 +01:00: [2026-01-18 05:06:18 +0100] [2654637] [ERROR] Error handling request (no URI read)
2026-01-18 05:06:18 +01:00: Traceback (most recent call last):
2026-01-18 05:06:18 +01:00:   File "/opt/Tennis_Booking/venv/lib/python3.12/site-packages/gunicorn/workers/sync.py", line 133, in handle
2026-01-18 05:06:18 +01:00:     req = next(parser)
2026-01-18 05:06:18 +01:00:           ^^^^^^^^^^^^
2026-01-18 05:06:18 +01:00:   File "/opt/Tennis_Booking/venv/lib/python3.12/site-packages/gunicorn/http/parser.py", line 41, in __next__
2026-01-18 05:06:18 +01:00:     self.mesg = self.mesg_class(self.cfg, self.unreader, self.source_addr, self.req_count)
2026-01-18 05:06:18 +01:00:                 ^^^^^^^^^^^^^^^^^^^^^^^^^^^^^^^^^^^^^^^^^^^^^^^^^^^^^^^^^^^^^^^^^^^^^^^^^^
2026-01-18 05:06:18 +01:00:   File "/opt/Tennis_Booking/venv/lib/python3.12/site-packages/gunicorn/http/message.py", line 259, in __init__
2026-01-18 05:06:18 +01:00:     super().__init__(cfg, unreader, peer_addr)
2026-01-18 05:06:18 +01:00:   File "/opt/Tennis_Booking/venv/lib/python3.12/site-packages/gunicorn/http/message.py", line 60, in __init__
2026-01-18 05:06:18 +01:00:     unused = self.parse(self.unreader)
2026-01-18 05:06:18 +01:00:              ^^^^^^^^^^^^^^^^^^^^^^^^^
2026-01-18 05:06:18 +01:00:   File "/opt/Tennis_Booking/venv/lib/python3.12/site-packages/gunicorn/http/message.py", line 271, in parse
2026-01-18 05:06:18 +01:00:     self.get_data(unreader, buf, stop=True)
2026-01-18 05:06:18 +01:00:   File "/opt/Tennis_Booking/venv/lib/python3.12/site-packages/gunicorn/http/message.py", line 262, in get_data
2026-01-18 05:06:18 +01:00:     data = unreader.read()
2026-01-18 05:06:18 +01:00:            ^^^^^^^^^^^^^^^
2026-01-18 05:06:18 +01:00:   File "/opt/Tennis_Booking/venv/lib/python3.12/site-packages/gunicorn/http/unreader.py", line 36, in read
2026-01-18 05:06:18 +01:00:     d = self.chunk()
2026-01-18 05:06:18 +01:00:         ^^^^^^^^^^^^
2026-01-18 05:06:18 +01:00:   File "/opt/Tennis_Booking/venv/lib/python3.12/site-packages/gunicorn/http/unreader.py", line 63, in chunk
2026-01-18 05:06:18 +01:00:     return self.sock.recv(self.mxchunk)
2026-01-18 05:06:18 +01:00:            ^^^^^^^^^^^^^^^^^^^^^^^^^^^^
2026-01-18 05:06:18 +01:00:   File "/opt/Tennis_Booking/venv/lib/python3.12/site-packages/gunicorn/workers/base.py", line 204, in handle_abort
2026-01-18 05:06:18 +01:00:     sys.exit(1)
2026-01-18 05:06:18 +01:00: SystemExit: 1
2026-01-18 05:06:18 +01:00: [2026-01-18 05:06:18 +0100] [2654637] [INFO] Worker exiting (pid: 2654637)
2026-01-18 05:06:18 +01:00: [2026-01-18 05:06:18 +0100] [2656183] [INFO] Booting worker with pid: 2656183
2026-01-18 08:46:47 +01:00: [2026-01-18 08:46:47 +0100] [2656183] [WARNING] Invalid request from ip=3.149.59.26: Invalid HTTP request line: 'SSH-2.0-Go'
2026-01-18 14:50:59 +01:00: [2026-01-18 14:50:59 +0100] [2629850] [WARNING] Invalid request from ip=162.142.125.217: Invalid HTTP Version: (2, 0)
2026-01-18 14:51:59 +01:00: [2026-01-18 14:51:59 +0100] [2656183] [WARNING] Invalid request from ip=167.94.138.117: Invalid HTTP Version: (2, 0)
2026-01-18 17:55:30 +01:00: [2026-01-18 17:55:30 +0100] [2597213] [INFO] Handling signal: int
2026-01-18 17:55:30 +01:00: [2026-01-18 17:55:30 +0100] [2656183] [INFO] Worker exiting (pid: 2656183)
2026-01-18 17:55:30 +01:00: [2026-01-18 17:55:30 +0100] [2597213] [INFO] Shutting down: Master
2026-01-18 17:55:30 +01:00: [2026-01-18 17:55:30 +0100] [2682024] [INFO] Starting gunicorn 23.0.0
2026-01-18 17:55:30 +01:00: [2026-01-18 17:55:30 +0100] [2682024] [INFO] Listening at: http://0.0.0.0:5001 (2682024)
2026-01-18 17:55:30 +01:00: [2026-01-18 17:55:30 +0100] [2682024] [INFO] Using worker: sync
2026-01-18 17:55:30 +01:00: [2026-01-18 17:55:30 +0100] [2682026] [INFO] Booting worker with pid: 2682026
2026-01-18 17:55:30 +01:00: [2026-01-18 17:55:30 +0100] [2682027] [INFO] Booting worker with pid: 2682027
2026-01-18 17:56:24 +01:00: BOOKING: Attempting API-based booking...
2026-01-18 17:56:24 +01:00: BOOKING API: Starting booking for Platz 6 HALLE at 12:00 on 2026-01-21
2026-01-18 17:56:25 +01:00: BOOKING API: Login successful, CSRF token obtained
2026-01-18 17:56:25 +01:00: BOOKING API: Getting booking data from https://reservierung.dasspiel.at/calendar/booking-data/
2026-01-18 17:56:25 +01:00: BOOKING API: Params: {'date': '2026-01-21', 'time_start': '12:00', 'square_id': '35a8aa1f-cadc-431e-9465-26d7f54b0e1f', 'is_half_hour': '0'}
2026-01-18 17:56:26 +01:00: BOOKING API: Booking-data response status: 200
2026-01-18 17:56:26 +01:00: BOOKING API: Sending POST to https://reservierung.dasspiel.at/user/booking/rent?date=2026-01-21&time_start=12:00&square_id=35a8aa1f-cadc-431e-9465-26d7f54b0e1f&is_half_hour=0
2026-01-18 17:56:26 +01:00: BOOKING API: Form data: {'timeslot': '0', 'agb': 'on', 'rules': 'on'}
2026-01-18 17:56:26 +01:00: BOOKING API: Response status: 200
2026-01-18 17:56:26 +01:00: BOOKING API: Response text: {"status":0}
2026-01-18 17:56:26 +01:00: BOOKING API: Failure - status=0
2026-01-18 17:56:26 +01:00: BOOKING: API booking failed: Booking failed - server returned status 0 (slot may be unavailable or missing context)
2026-01-18 17:56:26 +01:00: BOOKING: Falling back to Selenium-based booking...
2026-01-18 17:56:26 +01:00: BOOKING SELENIUM: Starting booking for Platz 6 HALLE at 12:00 on 2026-01-21
2026-01-18 22:23:38 +01:00: BOOKING: Attempting API-based booking...
2026-01-18 22:23:38 +01:00: BOOKING API: Starting booking for Platz 5 HALLE at 10:00 on 2026-01-23
2026-01-18 22:23:38 +01:00: BOOKING API: Login successful, CSRF token obtained
2026-01-18 22:23:38 +01:00: BOOKING API: Getting booking data from https://reservierung.dasspiel.at/calendar/booking-data/
2026-01-18 22:23:38 +01:00: BOOKING API: Params: {'date': '2026-01-23', 'time_start': '10:00', 'square_id': '3c3895e4-111f-4387-b815-7506ffe26607', 'is_half_hour': '0'}
2026-01-18 22:23:39 +01:00: BOOKING API: Booking-data response status: 200
2026-01-18 22:23:39 +01:00: BOOKING API: Sending POST to https://reservierung.dasspiel.at/user/booking/rent?date=2026-01-23&time_start=10:00&square_id=3c3895e4-111f-4387-b815-7506ffe26607&is_half_hour=0
2026-01-18 22:23:39 +01:00: BOOKING API: Form data: {'timeslot': '0', 'agb': 'on', 'rules': 'on'}
2026-01-18 22:23:39 +01:00: BOOKING API: Response status: 200
2026-01-18 22:23:39 +01:00: BOOKING API: Response text: {"status":0}
2026-01-18 22:23:39 +01:00: BOOKING API: Failure - status=0
2026-01-18 22:23:39 +01:00: BOOKING: API booking failed: Booking failed - server returned status 0 (slot may be unavailable or missing context)
2026-01-18 22:23:39 +01:00: BOOKING: Falling back to Selenium-based booking...
2026-01-18 22:23:39 +01:00: BOOKING SELENIUM: Starting booking for Platz 5 HALLE at 10:00 on 2026-01-23
2026-01-18 22:24:08 +01:00: [2026-01-18 22:24:08 +0100] [2682024] [INFO] Handling signal: int
2026-01-18 22:24:08 +01:00: [2026-01-18 22:24:08 +0100] [2682027] [INFO] Worker exiting (pid: 2682027)
2026-01-18 22:24:08 +01:00: [2026-01-18 22:24:08 +0100] [2682026] [INFO] Worker exiting (pid: 2682026)
2026-01-18 22:24:08 +01:00: [2026-01-18 22:24:08 +0100] [2682024] [INFO] Shutting down: Master
2026-01-18 22:24:08 +01:00: [2026-01-18 22:24:08 +0100] [2689351] [INFO] Starting gunicorn 23.0.0
2026-01-18 22:24:08 +01:00: [2026-01-18 22:24:08 +0100] [2689351] [INFO] Listening at: http://0.0.0.0:5001 (2689351)
2026-01-18 22:24:08 +01:00: [2026-01-18 22:24:08 +0100] [2689351] [INFO] Using worker: sync
2026-01-18 22:24:08 +01:00: [2026-01-18 22:24:08 +0100] [2689353] [INFO] Booting worker with pid: 2689353
2026-01-18 22:24:08 +01:00: [2026-01-18 22:24:08 +0100] [2689354] [INFO] Booting worker with pid: 2689354
2026-01-18 22:24:39 +01:00: BOOKING: Attempting API-based booking...
2026-01-18 22:24:39 +01:00: BOOKING API: Starting booking for Platz 5 HALLE at 10:00 on 2026-01-23
2026-01-18 22:24:39 +01:00: BOOKING API: Login successful, CSRF token obtained
2026-01-18 22:24:39 +01:00: BOOKING API: Sending POST to https://reservierung.dasspiel.at/user/booking/rent
2026-01-18 22:24:39 +01:00: BOOKING API: Payload: {'square_uuid': '3c3895e4-111f-4387-b815-7506ffe26607', 'time_start': '10:00', 'time_end': '11:00', 'nof_players': 1, 'date': '2026-01-23', 'is_paid': False}
2026-01-18 22:24:40 +01:00: BOOKING API: Response status: 200
2026-01-18 22:24:40 +01:00: BOOKING API: Response text: {"status":1,"uuid":"40426693-d2c6-4d1d-9cf6-0e8742f8d89a","is_queue":false}
2026-01-18 22:24:40 +01:00: BOOKING API: JSON response: {'status': 1, 'uuid': '40426693-d2c6-4d1d-9cf6-0e8742f8d89a', 'is_queue': False}
2026-01-18 22:24:40 +01:00: BOOKING API: Success confirmed
2026-01-19 01:44:04 +01:00: [2026-01-19 01:44:04 +0100] [2689351] [CRITICAL] WORKER TIMEOUT (pid:2689354)
2026-01-19 01:44:04 +01:00: [2026-01-19 01:44:04 +0100] [2689354] [ERROR] Error handling request (no URI read)
2026-01-19 01:44:04 +01:00: Traceback (most recent call last):
2026-01-19 01:44:04 +01:00:   File "/opt/Tennis_Booking/venv/lib/python3.12/site-packages/gunicorn/workers/sync.py", line 133, in handle
2026-01-19 01:44:04 +01:00:     req = next(parser)
2026-01-19 01:44:04 +01:00:           ^^^^^^^^^^^^
2026-01-19 01:44:04 +01:00:   File "/opt/Tennis_Booking/venv/lib/python3.12/site-packages/gunicorn/http/parser.py", line 41, in __next__
2026-01-19 01:44:04 +01:00:     self.mesg = self.mesg_class(self.cfg, self.unreader, self.source_addr, self.req_count)
2026-01-19 01:44:04 +01:00:                 ^^^^^^^^^^^^^^^^^^^^^^^^^^^^^^^^^^^^^^^^^^^^^^^^^^^^^^^^^^^^^^^^^^^^^^^^^^
2026-01-19 01:44:04 +01:00:   File "/opt/Tennis_Booking/venv/lib/python3.12/site-packages/gunicorn/http/message.py", line 259, in __init__
2026-01-19 01:44:04 +01:00:     super().__init__(cfg, unreader, peer_addr)
2026-01-19 01:44:04 +01:00:   File "/opt/Tennis_Booking/venv/lib/python3.12/site-packages/gunicorn/http/message.py", line 60, in __init__
2026-01-19 01:44:04 +01:00:     unused = self.parse(self.unreader)
2026-01-19 01:44:04 +01:00:              ^^^^^^^^^^^^^^^^^^^^^^^^^
2026-01-19 01:44:04 +01:00:   File "/opt/Tennis_Booking/venv/lib/python3.12/site-packages/gunicorn/http/message.py", line 274, in parse
2026-01-19 01:44:04 +01:00:     line, rbuf = self.read_line(unreader, buf, self.limit_request_line)
2026-01-19 01:44:04 +01:00:                  ^^^^^^^^^^^^^^^^^^^^^^^^^^^^^^^^^^^^^^^^^^^^^^^^^^^^^^
2026-01-19 01:44:04 +01:00:   File "/opt/Tennis_Booking/venv/lib/python3.12/site-packages/gunicorn/http/message.py", line 326, in read_line
2026-01-19 01:44:04 +01:00:     self.get_data(unreader, buf)
2026-01-19 01:44:04 +01:00:   File "/opt/Tennis_Booking/venv/lib/python3.12/site-packages/gunicorn/http/message.py", line 262, in get_data
2026-01-19 01:44:04 +01:00:     data = unreader.read()
2026-01-19 01:44:04 +01:00:            ^^^^^^^^^^^^^^^
2026-01-19 01:44:04 +01:00:   File "/opt/Tennis_Booking/venv/lib/python3.12/site-packages/gunicorn/http/unreader.py", line 36, in read
2026-01-19 01:44:04 +01:00:     d = self.chunk()
2026-01-19 01:44:04 +01:00:         ^^^^^^^^^^^^
2026-01-19 01:44:04 +01:00:   File "/opt/Tennis_Booking/venv/lib/python3.12/site-packages/gunicorn/http/unreader.py", line 63, in chunk
2026-01-19 01:44:04 +01:00:     return self.sock.recv(self.mxchunk)
2026-01-19 01:44:04 +01:00:            ^^^^^^^^^^^^^^^^^^^^^^^^^^^^
2026-01-19 01:44:04 +01:00:   File "/opt/Tennis_Booking/venv/lib/python3.12/site-packages/gunicorn/workers/base.py", line 204, in handle_abort
2026-01-19 01:44:04 +01:00:     sys.exit(1)
2026-01-19 01:44:04 +01:00: SystemExit: 1
2026-01-19 01:44:04 +01:00: [2026-01-19 01:44:04 +0100] [2689354] [INFO] Worker exiting (pid: 2689354)
2026-01-19 01:44:04 +01:00: [2026-01-19 01:44:04 +0100] [2697045] [INFO] Booting worker with pid: 2697045
2026-01-19 03:51:43 +01:00: [2026-01-19 03:51:43 +0100] [2697045] [WARNING] Invalid request from ip=66.132.153.119: Invalid HTTP Version: (2, 0)
2026-01-19 03:51:43 +01:00: [2026-01-19 03:51:43 +0100] [2697045] [WARNING] Invalid request from ip=66.132.153.119: Invalid HTTP Version: (2, 0)
2026-01-19 06:46:50 +01:00: [2026-01-19 06:46:50 +0100] [2689353] [WARNING] Invalid request from ip=172.104.241.92: Invalid HTTP request line: ''
2026-01-19 06:46:50 +01:00: [2026-01-19 06:46:50 +0100] [2697045] [WARNING] Invalid request from ip=172.104.241.92: Invalid HTTP Version: 'RTSP/1.0'
2026-01-19 06:47:05 +01:00: [2026-01-19 06:47:05 +0100] [2697045] [WARNING] Invalid request from ip=172.104.241.92: Invalid HTTP request line: 'HELP'
2026-01-19 06:47:10 +01:00: [2026-01-19 06:47:10 +0100] [2697045] [WARNING] Invalid request from ip=172.104.241.92: Invalid HTTP request line: '\x03\x00\x00*%à\x00\x00\x00\x00\x00Cookie: mstshash=nmap'
2026-01-19 06:47:45 +01:00: [2026-01-19 06:47:45 +0100] [2697045] [WARNING] Invalid request from ip=172.104.241.92: Invalid HTTP Version: 'SIP/2.0'
2026-01-19 07:42:02 +01:00: [2026-01-19 07:42:02 +0100] [2697045] [WARNING] Invalid request from ip=3.149.59.26: Invalid HTTP request line: 'SSH-2.0-Go'
2026-01-19 07:46:47 +01:00: [2026-01-19 07:46:47 +0100] [2689353] [WARNING] Invalid request from ip=87.251.75.163: Invalid HTTP request line: '\x03\x00\x00/*à\x00\x00\x00\x00\x00Cookie: mstshash=Administr'
2026-01-19 11:06:54 +01:00: [2026-01-19 11:06:54 +0100] [2697045] [WARNING] Invalid request from ip=87.251.75.163: Invalid HTTP request line: '\x03\x00\x00/*à\x00\x00\x00\x00\x00Cookie: mstshash=Administr'
2026-01-19 16:50:07 +01:00: [2026-01-19 16:50:07 +0100] [2697045] [WARNING] Invalid request from ip=167.94.138.206: Invalid HTTP Version: (2, 0)
2026-01-19 16:50:59 +01:00: [2026-01-19 16:50:59 +0100] [2697045] [WARNING] Invalid request from ip=167.94.138.122: Invalid HTTP Version: (2, 0)
2026-01-20 02:09:22 +01:00: [2026-01-20 02:09:22 +0100] [2689351] [CRITICAL] WORKER TIMEOUT (pid:2697045)
2026-01-20 02:09:22 +01:00: [2026-01-20 02:09:22 +0100] [2697045] [ERROR] Error handling request (no URI read)
2026-01-20 02:09:22 +01:00: Traceback (most recent call last):
2026-01-20 02:09:22 +01:00:   File "/opt/Tennis_Booking/venv/lib/python3.12/site-packages/gunicorn/workers/sync.py", line 133, in handle
2026-01-20 02:09:22 +01:00:     req = next(parser)
2026-01-20 02:09:22 +01:00:           ^^^^^^^^^^^^
2026-01-20 02:09:22 +01:00:   File "/opt/Tennis_Booking/venv/lib/python3.12/site-packages/gunicorn/http/parser.py", line 41, in __next__
2026-01-20 02:09:22 +01:00:     self.mesg = self.mesg_class(self.cfg, self.unreader, self.source_addr, self.req_count)
2026-01-20 02:09:22 +01:00:                 ^^^^^^^^^^^^^^^^^^^^^^^^^^^^^^^^^^^^^^^^^^^^^^^^^^^^^^^^^^^^^^^^^^^^^^^^^^
2026-01-20 02:09:22 +01:00:   File "/opt/Tennis_Booking/venv/lib/python3.12/site-packages/gunicorn/http/message.py", line 259, in __init__
2026-01-20 02:09:22 +01:00:     super().__init__(cfg, unreader, peer_addr)
2026-01-20 02:09:22 +01:00:   File "/opt/Tennis_Booking/venv/lib/python3.12/site-packages/gunicorn/http/message.py", line 60, in __init__
2026-01-20 02:09:22 +01:00:     unused = self.parse(self.unreader)
2026-01-20 02:09:22 +01:00:              ^^^^^^^^^^^^^^^^^^^^^^^^^
2026-01-20 02:09:22 +01:00:   File "/opt/Tennis_Booking/venv/lib/python3.12/site-packages/gunicorn/http/message.py", line 274, in parse
2026-01-20 02:09:22 +01:00:     line, rbuf = self.read_line(unreader, buf, self.limit_request_line)
2026-01-20 02:09:22 +01:00:                  ^^^^^^^^^^^^^^^^^^^^^^^^^^^^^^^^^^^^^^^^^^^^^^^^^^^^^^
2026-01-20 02:09:22 +01:00:   File "/opt/Tennis_Booking/venv/lib/python3.12/site-packages/gunicorn/http/message.py", line 326, in read_line
2026-01-20 02:09:22 +01:00:     self.get_data(unreader, buf)
2026-01-20 02:09:22 +01:00:   File "/opt/Tennis_Booking/venv/lib/python3.12/site-packages/gunicorn/http/message.py", line 262, in get_data
2026-01-20 02:09:22 +01:00:     data = unreader.read()
2026-01-20 02:09:22 +01:00:            ^^^^^^^^^^^^^^^
2026-01-20 02:09:22 +01:00:   File "/opt/Tennis_Booking/venv/lib/python3.12/site-packages/gunicorn/http/unreader.py", line 36, in read
2026-01-20 02:09:22 +01:00:     d = self.chunk()
2026-01-20 02:09:22 +01:00:         ^^^^^^^^^^^^
2026-01-20 02:09:22 +01:00:   File "/opt/Tennis_Booking/venv/lib/python3.12/site-packages/gunicorn/http/unreader.py", line 63, in chunk
2026-01-20 02:09:22 +01:00:     return self.sock.recv(self.mxchunk)
2026-01-20 02:09:22 +01:00:            ^^^^^^^^^^^^^^^^^^^^^^^^^^^^
2026-01-20 02:09:22 +01:00:   File "/opt/Tennis_Booking/venv/lib/python3.12/site-packages/gunicorn/workers/base.py", line 204, in handle_abort
2026-01-20 02:09:22 +01:00:     sys.exit(1)
2026-01-20 02:09:22 +01:00: SystemExit: 1
2026-01-20 02:09:22 +01:00: [2026-01-20 02:09:22 +0100] [2697045] [INFO] Worker exiting (pid: 2697045)
2026-01-20 02:09:22 +01:00: [2026-01-20 02:09:22 +0100] [2743075] [INFO] Booting worker with pid: 2743075
2026-01-20 05:47:56 +01:00: [2026-01-20 05:47:56 +0100] [2689353] [WARNING] Invalid request from ip=162.142.125.219: Invalid HTTP Version: (2, 0)
2026-01-20 05:48:27 +01:00: [2026-01-20 05:48:27 +0100] [2689353] [WARNING] Invalid request from ip=167.94.138.55: Invalid HTTP Version: (2, 0)
2026-01-20 05:58:31 +01:00: [2026-01-20 05:58:31 +0100] [2689351] [CRITICAL] WORKER TIMEOUT (pid:2689353)
2026-01-20 05:58:31 +01:00: [2026-01-20 05:58:31 +0100] [2689353] [ERROR] Error handling request (no URI read)
2026-01-20 05:58:31 +01:00: Traceback (most recent call last):
2026-01-20 05:58:31 +01:00:   File "/opt/Tennis_Booking/venv/lib/python3.12/site-packages/gunicorn/workers/sync.py", line 133, in handle
2026-01-20 05:58:31 +01:00:     req = next(parser)
2026-01-20 05:58:31 +01:00:           ^^^^^^^^^^^^
2026-01-20 05:58:31 +01:00:   File "/opt/Tennis_Booking/venv/lib/python3.12/site-packages/gunicorn/http/parser.py", line 41, in __next__
2026-01-20 05:58:31 +01:00:     self.mesg = self.mesg_class(self.cfg, self.unreader, self.source_addr, self.req_count)
2026-01-20 05:58:31 +01:00:                 ^^^^^^^^^^^^^^^^^^^^^^^^^^^^^^^^^^^^^^^^^^^^^^^^^^^^^^^^^^^^^^^^^^^^^^^^^^
2026-01-20 05:58:31 +01:00:   File "/opt/Tennis_Booking/venv/lib/python3.12/site-packages/gunicorn/http/message.py", line 259, in __init__
2026-01-20 05:58:31 +01:00:     super().__init__(cfg, unreader, peer_addr)
2026-01-20 05:58:31 +01:00:   File "/opt/Tennis_Booking/venv/lib/python3.12/site-packages/gunicorn/http/message.py", line 60, in __init__
2026-01-20 05:58:31 +01:00:     unused = self.parse(self.unreader)
2026-01-20 05:58:31 +01:00:              ^^^^^^^^^^^^^^^^^^^^^^^^^
2026-01-20 05:58:31 +01:00:   File "/opt/Tennis_Booking/venv/lib/python3.12/site-packages/gunicorn/http/message.py", line 274, in parse
2026-01-20 05:58:31 +01:00:     line, rbuf = self.read_line(unreader, buf, self.limit_request_line)
2026-01-20 05:58:31 +01:00:                  ^^^^^^^^^^^^^^^^^^^^^^^^^^^^^^^^^^^^^^^^^^^^^^^^^^^^^^
2026-01-20 05:58:31 +01:00:   File "/opt/Tennis_Booking/venv/lib/python3.12/site-packages/gunicorn/http/message.py", line 326, in read_line
2026-01-20 05:58:31 +01:00:     self.get_data(unreader, buf)
2026-01-20 05:58:31 +01:00:   File "/opt/Tennis_Booking/venv/lib/python3.12/site-packages/gunicorn/http/message.py", line 262, in get_data
2026-01-20 05:58:31 +01:00:     data = unreader.read()
2026-01-20 05:58:31 +01:00:            ^^^^^^^^^^^^^^^
2026-01-20 05:58:31 +01:00:   File "/opt/Tennis_Booking/venv/lib/python3.12/site-packages/gunicorn/http/unreader.py", line 36, in read
2026-01-20 05:58:31 +01:00:     d = self.chunk()
2026-01-20 05:58:31 +01:00:         ^^^^^^^^^^^^
2026-01-20 05:58:31 +01:00:   File "/opt/Tennis_Booking/venv/lib/python3.12/site-packages/gunicorn/http/unreader.py", line 63, in chunk
2026-01-20 05:58:31 +01:00:     return self.sock.recv(self.mxchunk)
2026-01-20 05:58:31 +01:00:            ^^^^^^^^^^^^^^^^^^^^^^^^^^^^
2026-01-20 05:58:31 +01:00:   File "/opt/Tennis_Booking/venv/lib/python3.12/site-packages/gunicorn/workers/base.py", line 204, in handle_abort
2026-01-20 05:58:31 +01:00:     sys.exit(1)
2026-01-20 05:58:31 +01:00: SystemExit: 1
2026-01-20 05:58:31 +01:00: [2026-01-20 05:58:31 +0100] [2689353] [INFO] Worker exiting (pid: 2689353)
2026-01-20 05:58:31 +01:00: [2026-01-20 05:58:31 +0100] [2751381] [INFO] Booting worker with pid: 2751381
2026-01-20 07:10:50 +01:00: [2026-01-20 07:10:50 +0100] [2751381] [WARNING] Invalid request from ip=3.143.33.63: Invalid HTTP request line: 'SSH-2.0-Go'
2026-01-20 18:52:18 +01:00: [2026-01-20 18:52:18 +0100] [2743075] [WARNING] Invalid request from ip=167.94.138.199: Invalid HTTP Version: (2, 0)
2026-01-20 18:52:19 +01:00: [2026-01-20 18:52:19 +0100] [2743075] [WARNING] Invalid request from ip=167.94.138.199: Invalid HTTP Version: (2, 0)
2026-01-21 07:50:35 +01:00: [2026-01-21 07:50:35 +0100] [2743075] [WARNING] Invalid request from ip=66.132.153.121: Invalid HTTP Version: (2, 0)
2026-01-21 07:50:35 +01:00: [2026-01-21 07:50:35 +0100] [2751381] [WARNING] Invalid request from ip=66.132.153.121: Invalid HTTP Version: (2, 0)
2026-01-21 16:41:52 +01:00: [2026-01-21 16:41:52 +0100] [2751381] [WARNING] Invalid request from ip=43.165.61.15: Invalid HTTP request line: ''
2026-01-21 19:08:38 +01:00: [2026-01-21 19:08:38 +0100] [2751381] [WARNING] Invalid request from ip=199.45.155.94: Invalid HTTP Version: (2, 0)
2026-01-21 19:11:09 +01:00: [2026-01-21 19:11:09 +0100] [2689351] [CRITICAL] WORKER TIMEOUT (pid:2751381)
2026-01-21 19:11:09 +01:00: [2026-01-21 19:11:09 +0100] [2751381] [ERROR] Error handling request (no URI read)
2026-01-21 19:11:09 +01:00: Traceback (most recent call last):
2026-01-21 19:11:09 +01:00:   File "/opt/Tennis_Booking/venv/lib/python3.12/site-packages/gunicorn/workers/sync.py", line 133, in handle
2026-01-21 19:11:09 +01:00:     req = next(parser)
2026-01-21 19:11:09 +01:00:           ^^^^^^^^^^^^
2026-01-21 19:11:09 +01:00:   File "/opt/Tennis_Booking/venv/lib/python3.12/site-packages/gunicorn/http/parser.py", line 41, in __next__
2026-01-21 19:11:09 +01:00:     self.mesg = self.mesg_class(self.cfg, self.unreader, self.source_addr, self.req_count)
2026-01-21 19:11:09 +01:00:                 ^^^^^^^^^^^^^^^^^^^^^^^^^^^^^^^^^^^^^^^^^^^^^^^^^^^^^^^^^^^^^^^^^^^^^^^^^^
2026-01-21 19:11:09 +01:00:   File "/opt/Tennis_Booking/venv/lib/python3.12/site-packages/gunicorn/http/message.py", line 259, in __init__
2026-01-21 19:11:09 +01:00:     super().__init__(cfg, unreader, peer_addr)
2026-01-21 19:11:09 +01:00:   File "/opt/Tennis_Booking/venv/lib/python3.12/site-packages/gunicorn/http/message.py", line 60, in __init__
2026-01-21 19:11:09 +01:00:     unused = self.parse(self.unreader)
2026-01-21 19:11:09 +01:00:              ^^^^^^^^^^^^^^^^^^^^^^^^^
2026-01-21 19:11:09 +01:00:   File "/opt/Tennis_Booking/venv/lib/python3.12/site-packages/gunicorn/http/message.py", line 271, in parse
2026-01-21 19:11:09 +01:00:     self.get_data(unreader, buf, stop=True)
2026-01-21 19:11:09 +01:00:   File "/opt/Tennis_Booking/venv/lib/python3.12/site-packages/gunicorn/http/message.py", line 262, in get_data
2026-01-21 19:11:09 +01:00:     data = unreader.read()
2026-01-21 19:11:09 +01:00:            ^^^^^^^^^^^^^^^
2026-01-21 19:11:09 +01:00:   File "/opt/Tennis_Booking/venv/lib/python3.12/site-packages/gunicorn/http/unreader.py", line 36, in read
2026-01-21 19:11:09 +01:00:     d = self.chunk()
2026-01-21 19:11:09 +01:00:         ^^^^^^^^^^^^
2026-01-21 19:11:09 +01:00:   File "/opt/Tennis_Booking/venv/lib/python3.12/site-packages/gunicorn/http/unreader.py", line 63, in chunk
2026-01-21 19:11:09 +01:00:     return self.sock.recv(self.mxchunk)
2026-01-21 19:11:09 +01:00:            ^^^^^^^^^^^^^^^^^^^^^^^^^^^^
2026-01-21 19:11:09 +01:00:   File "/opt/Tennis_Booking/venv/lib/python3.12/site-packages/gunicorn/workers/base.py", line 204, in handle_abort
2026-01-21 19:11:09 +01:00:     sys.exit(1)
2026-01-21 19:11:09 +01:00: SystemExit: 1
2026-01-21 19:11:09 +01:00: [2026-01-21 19:11:09 +0100] [2751381] [INFO] Worker exiting (pid: 2751381)
2026-01-21 19:11:09 +01:00: [2026-01-21 19:11:09 +0100] [2791390] [INFO] Booting worker with pid: 2791390
2026-01-21 20:53:36 +01:00: [2026-01-21 20:53:36 +0100] [2689351] [CRITICAL] WORKER TIMEOUT (pid:2791390)
2026-01-21 20:53:36 +01:00: [2026-01-21 20:53:36 +0100] [2791390] [ERROR] Error handling request (no URI read)
2026-01-21 20:53:36 +01:00: Traceback (most recent call last):
2026-01-21 20:53:36 +01:00:   File "/opt/Tennis_Booking/venv/lib/python3.12/site-packages/gunicorn/workers/sync.py", line 133, in handle
2026-01-21 20:53:36 +01:00:     req = next(parser)
2026-01-21 20:53:36 +01:00:           ^^^^^^^^^^^^
2026-01-21 20:53:36 +01:00:   File "/opt/Tennis_Booking/venv/lib/python3.12/site-packages/gunicorn/http/parser.py", line 41, in __next__
2026-01-21 20:53:36 +01:00:     self.mesg = self.mesg_class(self.cfg, self.unreader, self.source_addr, self.req_count)
2026-01-21 20:53:36 +01:00:                 ^^^^^^^^^^^^^^^^^^^^^^^^^^^^^^^^^^^^^^^^^^^^^^^^^^^^^^^^^^^^^^^^^^^^^^^^^^
2026-01-21 20:53:36 +01:00:   File "/opt/Tennis_Booking/venv/lib/python3.12/site-packages/gunicorn/http/message.py", line 259, in __init__
2026-01-21 20:53:36 +01:00:     super().__init__(cfg, unreader, peer_addr)
2026-01-21 20:53:36 +01:00:   File "/opt/Tennis_Booking/venv/lib/python3.12/site-packages/gunicorn/http/message.py", line 60, in __init__
2026-01-21 20:53:36 +01:00:     unused = self.parse(self.unreader)
2026-01-21 20:53:36 +01:00:              ^^^^^^^^^^^^^^^^^^^^^^^^^
2026-01-21 20:53:36 +01:00:   File "/opt/Tennis_Booking/venv/lib/python3.12/site-packages/gunicorn/http/message.py", line 274, in parse
2026-01-21 20:53:36 +01:00:     line, rbuf = self.read_line(unreader, buf, self.limit_request_line)
2026-01-21 20:53:36 +01:00:                  ^^^^^^^^^^^^^^^^^^^^^^^^^^^^^^^^^^^^^^^^^^^^^^^^^^^^^^
2026-01-21 20:53:36 +01:00:   File "/opt/Tennis_Booking/venv/lib/python3.12/site-packages/gunicorn/http/message.py", line 326, in read_line
2026-01-21 20:53:36 +01:00:     self.get_data(unreader, buf)
2026-01-21 20:53:36 +01:00:   File "/opt/Tennis_Booking/venv/lib/python3.12/site-packages/gunicorn/http/message.py", line 262, in get_data
2026-01-21 20:53:36 +01:00:     data = unreader.read()
2026-01-21 20:53:36 +01:00:            ^^^^^^^^^^^^^^^
2026-01-21 20:53:36 +01:00:   File "/opt/Tennis_Booking/venv/lib/python3.12/site-packages/gunicorn/http/unreader.py", line 36, in read
2026-01-21 20:53:36 +01:00:     d = self.chunk()
2026-01-21 20:53:36 +01:00:         ^^^^^^^^^^^^
2026-01-21 20:53:36 +01:00:   File "/opt/Tennis_Booking/venv/lib/python3.12/site-packages/gunicorn/http/unreader.py", line 63, in chunk
2026-01-21 20:53:36 +01:00:     return self.sock.recv(self.mxchunk)
2026-01-21 20:53:36 +01:00:            ^^^^^^^^^^^^^^^^^^^^^^^^^^^^
2026-01-21 20:53:36 +01:00:   File "/opt/Tennis_Booking/venv/lib/python3.12/site-packages/gunicorn/workers/base.py", line 204, in handle_abort
2026-01-21 20:53:36 +01:00:     sys.exit(1)
2026-01-21 20:53:36 +01:00: SystemExit: 1
2026-01-21 20:53:36 +01:00: [2026-01-21 20:53:36 +0100] [2791390] [INFO] Worker exiting (pid: 2791390)
2026-01-21 20:53:36 +01:00: [2026-01-21 20:53:36 +0100] [2793055] [INFO] Booting worker with pid: 2793055
2026-01-22 07:50:42 +01:00: [2026-01-22 07:50:42 +0100] [2743075] [WARNING] Invalid request from ip=162.142.125.212: Invalid HTTP Version: (2, 0)
2026-01-22 07:50:45 +01:00: [2026-01-22 07:50:45 +0100] [2743075] [WARNING] Invalid request from ip=162.142.125.123: Invalid HTTP Version: (2, 0)
2026-01-22 09:20:10 +01:00: [2026-01-22 09:20:10 +0100] [2743075] [WARNING] Invalid request from ip=3.137.73.221: Invalid HTTP request line: 'SSH-2.0-Go'
2026-01-22 20:47:50 +01:00: [2026-01-22 20:47:50 +0100] [2793055] [WARNING] Invalid request from ip=162.142.125.213: Invalid HTTP Version: (2, 0)
2026-01-22 20:49:41 +01:00: [2026-01-22 20:49:41 +0100] [2743075] [WARNING] Invalid request from ip=66.132.153.121: Invalid HTTP Version: (2, 0)
2026-01-22 21:48:06 +01:00: [2026-01-22 21:48:06 +0100] [2743075] [WARNING] Invalid request from ip=87.251.75.163: Invalid HTTP request line: '\x03\x00\x00/*à\x00\x00\x00\x00\x00Cookie: mstshash=Administr'
2026-01-23 03:55:21 +01:00: [2026-01-23 03:55:21 +0100] [2743075] [WARNING] Invalid request from ip=139.162.173.209: Invalid HTTP request line: ''
2026-01-23 03:55:21 +01:00: [2026-01-23 03:55:21 +0100] [2743075] [WARNING] Invalid request from ip=139.162.173.209: Invalid HTTP Version: 'RTSP/1.0'
2026-01-23 03:55:38 +01:00: [2026-01-23 03:55:38 +0100] [2743075] [WARNING] Invalid request from ip=139.162.173.209: Invalid HTTP request line: 'HELP'
2026-01-23 09:47:29 +01:00: [2026-01-23 09:47:29 +0100] [2793055] [WARNING] Invalid request from ip=66.132.153.123: Invalid HTTP Version: (2, 0)
2026-01-23 09:47:29 +01:00: [2026-01-23 09:47:29 +0100] [2793055] [WARNING] Invalid request from ip=66.132.153.123: Invalid HTTP Version: (2, 0)
2026-01-23 22:51:08 +01:00: [2026-01-23 22:51:08 +0100] [2743075] [WARNING] Invalid request from ip=167.94.138.113: Invalid HTTP Version: (2, 0)
2026-01-23 22:51:08 +01:00: [2026-01-23 22:51:08 +0100] [2743075] [WARNING] Invalid request from ip=167.94.138.113: Invalid HTTP Version: (2, 0)
2026-01-24 10:13:06 +01:00: [2026-01-24 10:13:06,435] ERROR in app: Exception on / [GET]
2026-01-24 10:13:06 +01:00: Traceback (most recent call last):
2026-01-24 10:13:06 +01:00:   File "/opt/Tennis_Booking/venv/lib/python3.12/site-packages/flask/app.py", line 1455, in wsgi_app
2026-01-24 10:13:06 +01:00:     response = self.full_dispatch_request()
2026-01-24 10:13:06 +01:00:                ^^^^^^^^^^^^^^^^^^^^^^^^^^^^
2026-01-24 10:13:06 +01:00:   File "/opt/Tennis_Booking/venv/lib/python3.12/site-packages/flask/app.py", line 869, in full_dispatch_request
2026-01-24 10:13:06 +01:00:     rv = self.handle_user_exception(e)
2026-01-24 10:13:06 +01:00:          ^^^^^^^^^^^^^^^^^^^^^^^^^^^^^
2026-01-24 10:13:06 +01:00:   File "/opt/Tennis_Booking/venv/lib/python3.12/site-packages/flask/app.py", line 867, in full_dispatch_request
2026-01-24 10:13:06 +01:00:     rv = self.dispatch_request()
2026-01-24 10:13:06 +01:00:          ^^^^^^^^^^^^^^^^^^^^^^^
2026-01-24 10:13:06 +01:00:   File "/opt/Tennis_Booking/venv/lib/python3.12/site-packages/flask/app.py", line 852, in dispatch_request
2026-01-24 10:13:06 +01:00:     return self.ensure_sync(self.view_functions[rule.endpoint])(**view_args)
2026-01-24 10:13:06 +01:00:            ^^^^^^^^^^^^^^^^^^^^^^^^^^^^^^^^^^^^^^^^^^^^^^^^^^^^^^^^^^^^^^^^^
2026-01-24 10:13:06 +01:00:   File "/opt/Tennis_Booking/auth/decorators.py", line 13, in decorated_function
2026-01-24 10:13:06 +01:00:     return f(*args, **kwargs)
2026-01-24 10:13:06 +01:00:            ^^^^^^^^^^^^^^^^^^
2026-01-24 10:13:06 +01:00:   File "/opt/Tennis_Booking/app.py", line 38, in index
2026-01-24 10:13:06 +01:00:     def index():
2026-01-24 10:13:06 +01:00:                ^^
2026-01-24 10:13:06 +01:00:   File "/opt/Tennis_Booking/venv/lib/python3.12/site-packages/flask/templating.py", line 152, in render_template
2026-01-24 10:13:06 +01:00:     return _render(app, template, context)
2026-01-24 10:13:06 +01:00:            ^^^^^^^^^^^^^^^^^^^^^^^^^^^^^^^
2026-01-24 10:13:06 +01:00:   File "/opt/Tennis_Booking/venv/lib/python3.12/site-packages/flask/templating.py", line 133, in _render
2026-01-24 10:13:06 +01:00:     rv = template.render(context)
2026-01-24 10:13:06 +01:00:          ^^^^^^^^^^^^^^^^^^^^^^^^
2026-01-24 10:13:06 +01:00:   File "/opt/Tennis_Booking/venv/lib/python3.12/site-packages/jinja2/environment.py", line 1295, in render
2026-01-24 10:13:06 +01:00:     self.environment.handle_exception()
2026-01-24 10:13:06 +01:00:   File "/opt/Tennis_Booking/venv/lib/python3.12/site-packages/jinja2/environment.py", line 942, in handle_exception
2026-01-24 10:13:06 +01:00:     raise rewrite_traceback_stack(source=source)
2026-01-24 10:13:06 +01:00:   File "/opt/Tennis_Booking/templates/index.html", line 66, in top-level template code
2026-01-24 10:13:06 +01:00:     <a href="{{ url_for('chat_interface') }}" class="logout-btn" style="background: rgba(102, 126, 234, 0.8);">💬 Chat Mode</a>
2026-01-24 10:13:06 +01:00:     ^^^^^^^^^^^^^^^^^^^^^^^^^
2026-01-24 10:13:06 +01:00:   File "/opt/Tennis_Booking/venv/lib/python3.12/site-packages/flask/app.py", line 1071, in url_for
2026-01-24 10:13:06 +01:00:     return self.handle_url_build_error(error, endpoint, values)
2026-01-24 10:13:06 +01:00:            ^^^^^^^^^^^^^^^^^^^^^^^^^^^^^^^^^^^^^^^^^^^^^^^^^^^^
2026-01-24 10:13:06 +01:00:   File "/opt/Tennis_Booking/venv/lib/python3.12/site-packages/flask/app.py", line 1060, in url_for
2026-01-24 10:13:06 +01:00:     rv = url_adapter.build(  # type: ignore[union-attr]
2026-01-24 10:13:06 +01:00:          ^^^^^^^^^^^^^^^^^^^^^^^^^^^^^^^^^^^^^^^^^^^^^^
2026-01-24 10:13:06 +01:00:   File "/opt/Tennis_Booking/venv/lib/python3.12/site-packages/werkzeug/routing/map.py", line 924, in build
2026-01-24 10:13:06 +01:00:     raise BuildError(endpoint, values, method, self)
2026-01-24 10:13:06 +01:00: werkzeug.routing.exceptions.BuildError: Could not build url for endpoint 'chat_interface'. Did you mean 'auth.register_page' instead?
2026-01-24 10:13:17 +01:00: [2026-01-24 10:13:17,312] ERROR in app: Exception on / [GET]
2026-01-24 10:13:17 +01:00: Traceback (most recent call last):
2026-01-24 10:13:17 +01:00:   File "/opt/Tennis_Booking/venv/lib/python3.12/site-packages/flask/app.py", line 1455, in wsgi_app
2026-01-24 10:13:17 +01:00:     response = self.full_dispatch_request()
2026-01-24 10:13:17 +01:00:                ^^^^^^^^^^^^^^^^^^^^^^^^^^^^
2026-01-24 10:13:17 +01:00:   File "/opt/Tennis_Booking/venv/lib/python3.12/site-packages/flask/app.py", line 869, in full_dispatch_request
2026-01-24 10:13:17 +01:00:     rv = self.handle_user_exception(e)
2026-01-24 10:13:17 +01:00:          ^^^^^^^^^^^^^^^^^^^^^^^^^^^^^
2026-01-24 10:13:17 +01:00:   File "/opt/Tennis_Booking/venv/lib/python3.12/site-packages/flask/app.py", line 867, in full_dispatch_request
2026-01-24 10:13:17 +01:00:     rv = self.dispatch_request()
2026-01-24 10:13:17 +01:00:          ^^^^^^^^^^^^^^^^^^^^^^^
2026-01-24 10:13:17 +01:00:   File "/opt/Tennis_Booking/venv/lib/python3.12/site-packages/flask/app.py", line 852, in dispatch_request
2026-01-24 10:13:17 +01:00:     return self.ensure_sync(self.view_functions[rule.endpoint])(**view_args)
2026-01-24 10:13:17 +01:00:            ^^^^^^^^^^^^^^^^^^^^^^^^^^^^^^^^^^^^^^^^^^^^^^^^^^^^^^^^^^^^^^^^^
2026-01-24 10:13:17 +01:00:   File "/opt/Tennis_Booking/auth/decorators.py", line 13, in decorated_function
2026-01-24 10:13:17 +01:00:     return f(*args, **kwargs)
2026-01-24 10:13:17 +01:00:            ^^^^^^^^^^^^^^^^^^
2026-01-24 10:13:17 +01:00:   File "/opt/Tennis_Booking/app.py", line 38, in index
2026-01-24 10:13:17 +01:00:     def index():
2026-01-24 10:13:17 +01:00:                ^^
2026-01-24 10:13:17 +01:00:   File "/opt/Tennis_Booking/venv/lib/python3.12/site-packages/flask/templating.py", line 152, in render_template
2026-01-24 10:13:17 +01:00:     return _render(app, template, context)
2026-01-24 10:13:17 +01:00:            ^^^^^^^^^^^^^^^^^^^^^^^^^^^^^^^
2026-01-24 10:13:17 +01:00:   File "/opt/Tennis_Booking/venv/lib/python3.12/site-packages/flask/templating.py", line 133, in _render
2026-01-24 10:13:17 +01:00:     rv = template.render(context)
2026-01-24 10:13:17 +01:00:          ^^^^^^^^^^^^^^^^^^^^^^^^
2026-01-24 10:13:17 +01:00:   File "/opt/Tennis_Booking/venv/lib/python3.12/site-packages/jinja2/environment.py", line 1295, in render
2026-01-24 10:13:17 +01:00:     self.environment.handle_exception()
2026-01-24 10:13:17 +01:00:   File "/opt/Tennis_Booking/venv/lib/python3.12/site-packages/jinja2/environment.py", line 942, in handle_exception
2026-01-24 10:13:17 +01:00:     raise rewrite_traceback_stack(source=source)
2026-01-24 10:13:17 +01:00:   File "/opt/Tennis_Booking/templates/index.html", line 66, in top-level template code
2026-01-24 10:13:17 +01:00:     <a href="{{ url_for('chat_interface') }}" class="logout-btn" style="background: rgba(102, 126, 234, 0.8);">💬 Chat Mode</a>
2026-01-24 10:13:17 +01:00:     ^^^^^^^^^^^^^^^^^^^^^^^^^
2026-01-24 10:13:17 +01:00:   File "/opt/Tennis_Booking/venv/lib/python3.12/site-packages/flask/app.py", line 1071, in url_for
2026-01-24 10:13:17 +01:00:     return self.handle_url_build_error(error, endpoint, values)
2026-01-24 10:13:17 +01:00:            ^^^^^^^^^^^^^^^^^^^^^^^^^^^^^^^^^^^^^^^^^^^^^^^^^^^^
2026-01-24 10:13:17 +01:00:   File "/opt/Tennis_Booking/venv/lib/python3.12/site-packages/flask/app.py", line 1060, in url_for
2026-01-24 10:13:17 +01:00:     rv = url_adapter.build(  # type: ignore[union-attr]
2026-01-24 10:13:17 +01:00:          ^^^^^^^^^^^^^^^^^^^^^^^^^^^^^^^^^^^^^^^^^^^^^^
2026-01-24 10:13:17 +01:00:   File "/opt/Tennis_Booking/venv/lib/python3.12/site-packages/werkzeug/routing/map.py", line 924, in build
2026-01-24 10:13:17 +01:00:     raise BuildError(endpoint, values, method, self)
2026-01-24 10:13:17 +01:00: werkzeug.routing.exceptions.BuildError: Could not build url for endpoint 'chat_interface'. Did you mean 'auth.register_page' instead?
2026-01-24 10:30:02 +01:00: [2026-01-24 10:30:02 +0100] [2689351] [INFO] Handling signal: int
2026-01-24 10:30:02 +01:00: [2026-01-24 10:30:02 +0100] [2743075] [INFO] Worker exiting (pid: 2743075)
2026-01-24 10:30:02 +01:00: [2026-01-24 10:30:02 +0100] [2793055] [INFO] Worker exiting (pid: 2793055)
2026-01-24 10:30:02 +01:00: [2026-01-24 10:30:02 +0100] [2689351] [INFO] Shutting down: Master
2026-01-24 10:30:03 +01:00: [2026-01-24 10:30:03 +0100] [2868839] [INFO] Starting gunicorn 23.0.0
2026-01-24 10:30:03 +01:00: [2026-01-24 10:30:03 +0100] [2868839] [INFO] Listening at: http://0.0.0.0:5001 (2868839)
2026-01-24 10:30:03 +01:00: [2026-01-24 10:30:03 +0100] [2868839] [INFO] Using worker: sync
2026-01-24 10:30:03 +01:00: [2026-01-24 10:30:03 +0100] [2868842] [INFO] Booting worker with pid: 2868842
2026-01-24 10:30:03 +01:00: [2026-01-24 10:30:03 +0100] [2868843] [INFO] Booting worker with pid: 2868843
2026-01-24 10:56:50 +01:00: [2026-01-24 10:56:50 +0100] [2868839] [INFO] Handling signal: int
2026-01-24 10:56:50 +01:00: [2026-01-24 10:56:50 +0100] [2868842] [INFO] Worker exiting (pid: 2868842)
2026-01-24 10:56:50 +01:00: [2026-01-24 10:56:50 +0100] [2868843] [INFO] Worker exiting (pid: 2868843)
2026-01-24 10:56:50 +01:00: [2026-01-24 10:56:50 +0100] [2868839] [INFO] Shutting down: Master
2026-01-24 10:56:51 +01:00: [2026-01-24 10:56:51 +0100] [2869728] [INFO] Starting gunicorn 23.0.0
2026-01-24 10:56:51 +01:00: [2026-01-24 10:56:51 +0100] [2869728] [INFO] Listening at: http://0.0.0.0:5001 (2869728)
2026-01-24 10:56:51 +01:00: [2026-01-24 10:56:51 +0100] [2869728] [INFO] Using worker: sync
2026-01-24 10:56:51 +01:00: [2026-01-24 10:56:51 +0100] [2869730] [INFO] Booting worker with pid: 2869730
2026-01-24 10:56:51 +01:00: [2026-01-24 10:56:51 +0100] [2869731] [INFO] Booting worker with pid: 2869731
2026-01-24 11:50:48 +01:00: [2026-01-24 11:50:48 +0100] [2869730] [WARNING] Invalid request from ip=167.94.138.46: Invalid HTTP Version: (2, 0)
2026-01-24 14:54:52 +01:00: [2026-01-24 14:54:52 +0100] [2869731] [WARNING] Invalid request from ip=3.149.59.26: Invalid HTTP request line: 'SSH-2.0-Go'
2026-01-24 23:47:08 +01:00: [2026-01-24 23:47:08 +0100] [2869728] [CRITICAL] WORKER TIMEOUT (pid:2869731)
2026-01-24 23:47:08 +01:00: [2026-01-24 23:47:08 +0100] [2869731] [ERROR] Error handling request (no URI read)
2026-01-24 23:47:08 +01:00: Traceback (most recent call last):
2026-01-24 23:47:08 +01:00:   File "/opt/Tennis_Booking/venv/lib/python3.12/site-packages/gunicorn/workers/sync.py", line 133, in handle
2026-01-24 23:47:08 +01:00:     req = next(parser)
2026-01-24 23:47:08 +01:00:           ^^^^^^^^^^^^
2026-01-24 23:47:08 +01:00:   File "/opt/Tennis_Booking/venv/lib/python3.12/site-packages/gunicorn/http/parser.py", line 41, in __next__
2026-01-24 23:47:08 +01:00:     self.mesg = self.mesg_class(self.cfg, self.unreader, self.source_addr, self.req_count)
2026-01-24 23:47:08 +01:00:                 ^^^^^^^^^^^^^^^^^^^^^^^^^^^^^^^^^^^^^^^^^^^^^^^^^^^^^^^^^^^^^^^^^^^^^^^^^^
2026-01-24 23:47:08 +01:00:   File "/opt/Tennis_Booking/venv/lib/python3.12/site-packages/gunicorn/http/message.py", line 259, in __init__
2026-01-24 23:47:08 +01:00:     super().__init__(cfg, unreader, peer_addr)
2026-01-24 23:47:08 +01:00:   File "/opt/Tennis_Booking/venv/lib/python3.12/site-packages/gunicorn/http/message.py", line 60, in __init__
2026-01-24 23:47:08 +01:00:     unused = self.parse(self.unreader)
2026-01-24 23:47:08 +01:00:              ^^^^^^^^^^^^^^^^^^^^^^^^^
2026-01-24 23:47:08 +01:00:   File "/opt/Tennis_Booking/venv/lib/python3.12/site-packages/gunicorn/http/message.py", line 274, in parse
2026-01-24 23:47:08 +01:00:     line, rbuf = self.read_line(unreader, buf, self.limit_request_line)
2026-01-24 23:47:08 +01:00:                  ^^^^^^^^^^^^^^^^^^^^^^^^^^^^^^^^^^^^^^^^^^^^^^^^^^^^^^
2026-01-24 23:47:08 +01:00:   File "/opt/Tennis_Booking/venv/lib/python3.12/site-packages/gunicorn/http/message.py", line 326, in read_line
2026-01-24 23:47:08 +01:00:     self.get_data(unreader, buf)
2026-01-24 23:47:08 +01:00:   File "/opt/Tennis_Booking/venv/lib/python3.12/site-packages/gunicorn/http/message.py", line 262, in get_data
2026-01-24 23:47:08 +01:00:     data = unreader.read()
2026-01-24 23:47:08 +01:00:            ^^^^^^^^^^^^^^^
2026-01-24 23:47:08 +01:00:   File "/opt/Tennis_Booking/venv/lib/python3.12/site-packages/gunicorn/http/unreader.py", line 36, in read
2026-01-24 23:47:08 +01:00:     d = self.chunk()
2026-01-24 23:47:08 +01:00:         ^^^^^^^^^^^^
2026-01-24 23:47:08 +01:00:   File "/opt/Tennis_Booking/venv/lib/python3.12/site-packages/gunicorn/http/unreader.py", line 63, in chunk
2026-01-24 23:47:08 +01:00:     return self.sock.recv(self.mxchunk)
2026-01-24 23:47:08 +01:00:            ^^^^^^^^^^^^^^^^^^^^^^^^^^^^
2026-01-24 23:47:08 +01:00:   File "/opt/Tennis_Booking/venv/lib/python3.12/site-packages/gunicorn/workers/base.py", line 204, in handle_abort
2026-01-24 23:47:08 +01:00:     sys.exit(1)
2026-01-24 23:47:08 +01:00: SystemExit: 1
2026-01-24 23:47:08 +01:00: [2026-01-24 23:47:08 +0100] [2869731] [INFO] Worker exiting (pid: 2869731)
2026-01-24 23:47:08 +01:00: [2026-01-24 23:47:08 +0100] [2890720] [INFO] Booting worker with pid: 2890720
2026-01-25 00:48:40 +01:00: [2026-01-25 00:48:40 +0100] [2869730] [WARNING] Invalid request from ip=167.94.138.190: Invalid HTTP Version: (2, 0)
2026-01-25 00:48:40 +01:00: [2026-01-25 00:48:40 +0100] [2890720] [WARNING] Invalid request from ip=167.94.138.190: Invalid HTTP Version: (2, 0)
2026-01-25 13:01:11 +01:00: [2026-01-25 13:01:11 +0100] [2890720] [WARNING] Invalid request from ip=3.137.73.221: Invalid HTTP request line: 'SSH-2.0-Go'
2026-01-25 13:51:49 +01:00: [2026-01-25 13:51:49 +0100] [2890720] [WARNING] Invalid request from ip=162.142.125.113: Invalid HTTP Version: (2, 0)
2026-01-25 13:51:50 +01:00: [2026-01-25 13:51:50 +0100] [2890720] [WARNING] Invalid request from ip=162.142.125.124: Invalid HTTP Version: (2, 0)
2026-01-26 02:50:42 +01:00: [2026-01-26 02:50:42 +0100] [2890720] [WARNING] Invalid request from ip=66.132.153.128: Invalid HTTP Version: (2, 0)
2026-01-26 02:52:06 +01:00: [2026-01-26 02:52:06 +0100] [2890720] [WARNING] Invalid request from ip=162.142.125.36: Invalid HTTP request line: '\x16\x03\x01\x00î\x01\x00\x00ê\x03\x03j·!Ñ¬\xa0\x19»è\x02\x9b«Å\x0b¡)z'
2026-01-26 02:52:14 +01:00: [2026-01-26 02:52:14 +0100] [2869730] [WARNING] Invalid request from ip=162.142.125.36: Invalid HTTP Version: (2, 0)
2026-01-26 08:40:38 +01:00: [2026-01-26 08:40:38 +0100] [2890720] [WARNING] Invalid request from ip=87.251.75.163: Invalid HTTP request line: '\x03\x00\x00/*à\x00\x00\x00\x00\x00Cookie: mstshash=Administr'
2026-01-26 11:31:36 +01:00: [2026-01-26 11:31:36 +0100] [2869730] [WARNING] Invalid request from ip=3.149.59.26: Invalid HTTP request line: 'SSH-2.0-Go'
2026-01-26 15:50:10 +01:00: [2026-01-26 15:50:10 +0100] [2869730] [WARNING] Invalid request from ip=167.94.138.203: Invalid HTTP Version: (2, 0)
2026-01-26 15:51:03 +01:00: [2026-01-26 15:51:03 +0100] [2869730] [WARNING] Invalid request from ip=206.168.34.210: Invalid HTTP Version: (2, 0)
2026-01-26 19:24:17 +01:00: [2026-01-26 19:24:17 +0100] [2869728] [INFO] Handling signal: int
2026-01-26 19:24:17 +01:00: [2026-01-26 19:24:17 +0100] [2869730] [INFO] Worker exiting (pid: 2869730)
2026-01-26 19:24:17 +01:00: [2026-01-26 19:24:17 +0100] [2890720] [INFO] Worker exiting (pid: 2890720)
2026-01-26 19:24:17 +01:00: [2026-01-26 19:24:17 +0100] [2869728] [INFO] Shutting down: Master
2026-01-26 19:24:18 +01:00: [2026-01-26 19:24:18 +0100] [3010679] [INFO] Starting gunicorn 23.0.0
2026-01-26 19:24:18 +01:00: [2026-01-26 19:24:18 +0100] [3010679] [INFO] Listening at: http://0.0.0.0:5001 (3010679)
2026-01-26 19:24:18 +01:00: [2026-01-26 19:24:18 +0100] [3010679] [INFO] Using worker: sync
2026-01-26 19:24:18 +01:00: [2026-01-26 19:24:18 +0100] [3010680] [INFO] Booting worker with pid: 3010680
2026-01-26 19:24:18 +01:00: [2026-01-26 19:24:18 +0100] [3010681] [INFO] Booting worker with pid: 3010681
2026-01-27 04:49:09 +01:00: [2026-01-27 04:49:09 +0100] [3010681] [WARNING] Invalid request from ip=162.142.125.203: Invalid HTTP Version: (2, 0)
2026-01-27 04:49:09 +01:00: [2026-01-27 04:49:09 +0100] [3010681] [WARNING] Invalid request from ip=162.142.125.203: Invalid HTTP Version: (2, 0)
2026-01-27 11:45:05 +01:00: [2026-01-27 11:45:05 +0100] [3010681] [WARNING] Invalid request from ip=3.149.59.26: Invalid HTTP request line: 'SSH-2.0-Go'
2026-01-27 12:09:01 +01:00: [2026-01-27 12:09:01 +0100] [3010679] [INFO] Handling signal: int
2026-01-27 12:09:01 +01:00: [2026-01-27 12:09:01 +0100] [3010681] [INFO] Worker exiting (pid: 3010681)
2026-01-27 12:09:01 +01:00: [2026-01-27 12:09:01 +0100] [3010680] [INFO] Worker exiting (pid: 3010680)
2026-01-27 12:09:01 +01:00: [2026-01-27 12:09:01 +0100] [3010679] [INFO] Shutting down: Master
2026-01-27 12:09:02 +01:00: [2026-01-27 12:09:02 +0100] [3048074] [INFO] Starting gunicorn 23.0.0
2026-01-27 12:09:02 +01:00: [2026-01-27 12:09:02 +0100] [3048074] [INFO] Listening at: http://0.0.0.0:5001 (3048074)
2026-01-27 12:09:02 +01:00: [2026-01-27 12:09:02 +0100] [3048074] [INFO] Using worker: sync
2026-01-27 12:09:02 +01:00: [2026-01-27 12:09:02 +0100] [3048076] [INFO] Booting worker with pid: 3048076
2026-01-27 12:09:02 +01:00: [2026-01-27 12:09:02 +0100] [3048077] [INFO] Booting worker with pid: 3048077
2026-01-27 12:09:27 +01:00: [2026-01-27 12:09:27,236] ERROR in app: Exception on /chat [GET]
2026-01-27 12:09:27 +01:00: Traceback (most recent call last):
2026-01-27 12:09:27 +01:00:   File "/opt/Tennis_Booking/venv/lib/python3.12/site-packages/flask/app.py", line 1455, in wsgi_app
2026-01-27 12:09:27 +01:00:     response = self.full_dispatch_request()
2026-01-27 12:09:27 +01:00:                ^^^^^^^^^^^^^^^^^^^^^^^^^^^^
2026-01-27 12:09:27 +01:00:   File "/opt/Tennis_Booking/venv/lib/python3.12/site-packages/flask/app.py", line 869, in full_dispatch_request
2026-01-27 12:09:27 +01:00:     rv = self.handle_user_exception(e)
2026-01-27 12:09:27 +01:00:          ^^^^^^^^^^^^^^^^^^^^^^^^^^^^^
2026-01-27 12:09:27 +01:00:   File "/opt/Tennis_Booking/venv/lib/python3.12/site-packages/flask/app.py", line 867, in full_dispatch_request
2026-01-27 12:09:27 +01:00:     rv = self.dispatch_request()
2026-01-27 12:09:27 +01:00:          ^^^^^^^^^^^^^^^^^^^^^^^
2026-01-27 12:09:27 +01:00:   File "/opt/Tennis_Booking/venv/lib/python3.12/site-packages/flask/app.py", line 852, in dispatch_request
2026-01-27 12:09:27 +01:00:     return self.ensure_sync(self.view_functions[rule.endpoint])(**view_args)
2026-01-27 12:09:27 +01:00:            ^^^^^^^^^^^^^^^^^^^^^^^^^^^^^^^^^^^^^^^^^^^^^^^^^^^^^^^^^^^^^^^^^
2026-01-27 12:09:27 +01:00:   File "/opt/Tennis_Booking/auth/decorators.py", line 13, in decorated_function
2026-01-27 12:09:27 +01:00:     return f(*args, **kwargs)
2026-01-27 12:09:27 +01:00:            ^^^^^^^^^^^^^^^^^^
2026-01-27 12:09:27 +01:00:   File "/opt/Tennis_Booking/app.py", line 148, in chat_interface
2026-01-27 12:09:27 +01:00:     return render_template('chat.html')
2026-01-27 12:09:27 +01:00:            ^^^^^^^^^^^^^^^^^^^^^^^^^^^^
2026-01-27 12:09:27 +01:00:   File "/opt/Tennis_Booking/venv/lib/python3.12/site-packages/flask/templating.py", line 152, in render_template
2026-01-27 12:09:27 +01:00:     return _render(app, template, context)
2026-01-27 12:09:27 +01:00:            ^^^^^^^^^^^^^^^^^^^^^^^^^^^^^^^
2026-01-27 12:09:27 +01:00:   File "/opt/Tennis_Booking/venv/lib/python3.12/site-packages/flask/templating.py", line 133, in _render
2026-01-27 12:09:27 +01:00:     rv = template.render(context)
2026-01-27 12:09:27 +01:00:          ^^^^^^^^^^^^^^^^^^^^^^^^
2026-01-27 12:09:27 +01:00:   File "/opt/Tennis_Booking/venv/lib/python3.12/site-packages/jinja2/environment.py", line 1295, in render
2026-01-27 12:09:27 +01:00:     self.environment.handle_exception()
2026-01-27 12:09:27 +01:00:   File "/opt/Tennis_Booking/venv/lib/python3.12/site-packages/jinja2/environment.py", line 942, in handle_exception
2026-01-27 12:09:27 +01:00:     raise rewrite_traceback_stack(source=source)
2026-01-27 12:09:27 +01:00:   File "/opt/Tennis_Booking/templates/chat.html", line 336, in top-level template code
2026-01-27 12:09:27 +01:00:     const response = await fetch('{{ url_for("chat_api") }}', {
2026-01-27 12:09:27 +01:00:     ^^^^^^^^^^^^^^^^^^^^^^^^^
2026-01-27 12:09:27 +01:00:   File "/opt/Tennis_Booking/venv/lib/python3.12/site-packages/flask/app.py", line 1071, in url_for
2026-01-27 12:09:27 +01:00:     return self.handle_url_build_error(error, endpoint, values)
2026-01-27 12:09:27 +01:00:            ^^^^^^^^^^^^^^^^^^^^^^^^^^^^^^^^^^^^^^^^^^^^^^^^^^^^
2026-01-27 12:09:27 +01:00:   File "/opt/Tennis_Booking/venv/lib/python3.12/site-packages/flask/app.py", line 1060, in url_for
2026-01-27 12:09:27 +01:00:     rv = url_adapter.build(  # type: ignore[union-attr]
2026-01-27 12:09:27 +01:00:          ^^^^^^^^^^^^^^^^^^^^^^^^^^^^^^^^^^^^^^^^^^^^^^
2026-01-27 12:09:27 +01:00:   File "/opt/Tennis_Booking/venv/lib/python3.12/site-packages/werkzeug/routing/map.py", line 924, in build
2026-01-27 12:09:27 +01:00:     raise BuildError(endpoint, values, method, self)
2026-01-27 12:09:27 +01:00: werkzeug.routing.exceptions.BuildError: Could not build url for endpoint 'chat_api'. Did you mean 'chat_message' instead?
2026-01-27 12:09:30 +01:00: [2026-01-27 12:09:30,583] ERROR in app: Exception on /chat [GET]
2026-01-27 12:09:30 +01:00: Traceback (most recent call last):
2026-01-27 12:09:30 +01:00:   File "/opt/Tennis_Booking/venv/lib/python3.12/site-packages/flask/app.py", line 1455, in wsgi_app
2026-01-27 12:09:30 +01:00:     response = self.full_dispatch_request()
2026-01-27 12:09:30 +01:00:                ^^^^^^^^^^^^^^^^^^^^^^^^^^^^
2026-01-27 12:09:30 +01:00:   File "/opt/Tennis_Booking/venv/lib/python3.12/site-packages/flask/app.py", line 869, in full_dispatch_request
2026-01-27 12:09:30 +01:00:     rv = self.handle_user_exception(e)
2026-01-27 12:09:30 +01:00:          ^^^^^^^^^^^^^^^^^^^^^^^^^^^^^
2026-01-27 12:09:30 +01:00:   File "/opt/Tennis_Booking/venv/lib/python3.12/site-packages/flask/app.py", line 867, in full_dispatch_request
2026-01-27 12:09:30 +01:00:     rv = self.dispatch_request()
2026-01-27 12:09:30 +01:00:          ^^^^^^^^^^^^^^^^^^^^^^^
2026-01-27 12:09:30 +01:00:   File "/opt/Tennis_Booking/venv/lib/python3.12/site-packages/flask/app.py", line 852, in dispatch_request
2026-01-27 12:09:30 +01:00:     return self.ensure_sync(self.view_functions[rule.endpoint])(**view_args)
2026-01-27 12:09:30 +01:00:            ^^^^^^^^^^^^^^^^^^^^^^^^^^^^^^^^^^^^^^^^^^^^^^^^^^^^^^^^^^^^^^^^^
2026-01-27 12:09:30 +01:00:   File "/opt/Tennis_Booking/auth/decorators.py", line 13, in decorated_function
2026-01-27 12:09:30 +01:00:     return f(*args, **kwargs)
2026-01-27 12:09:30 +01:00:            ^^^^^^^^^^^^^^^^^^
2026-01-27 12:09:30 +01:00:   File "/opt/Tennis_Booking/app.py", line 148, in chat_interface
2026-01-27 12:09:30 +01:00:     return render_template('chat.html')
2026-01-27 12:09:30 +01:00:            ^^^^^^^^^^^^^^^^^^^^^^^^^^^^
2026-01-27 12:09:30 +01:00:   File "/opt/Tennis_Booking/venv/lib/python3.12/site-packages/flask/templating.py", line 152, in render_template
2026-01-27 12:09:30 +01:00:     return _render(app, template, context)
2026-01-27 12:09:30 +01:00:            ^^^^^^^^^^^^^^^^^^^^^^^^^^^^^^^
2026-01-27 12:09:30 +01:00:   File "/opt/Tennis_Booking/venv/lib/python3.12/site-packages/flask/templating.py", line 133, in _render
2026-01-27 12:09:30 +01:00:     rv = template.render(context)
2026-01-27 12:09:30 +01:00:          ^^^^^^^^^^^^^^^^^^^^^^^^
2026-01-27 12:09:30 +01:00:   File "/opt/Tennis_Booking/venv/lib/python3.12/site-packages/jinja2/environment.py", line 1295, in render
2026-01-27 12:09:30 +01:00:     self.environment.handle_exception()
2026-01-27 12:09:30 +01:00:   File "/opt/Tennis_Booking/venv/lib/python3.12/site-packages/jinja2/environment.py", line 942, in handle_exception
2026-01-27 12:09:30 +01:00:     raise rewrite_traceback_stack(source=source)
2026-01-27 12:09:30 +01:00:   File "/opt/Tennis_Booking/templates/chat.html", line 336, in top-level template code
2026-01-27 12:09:30 +01:00:     const response = await fetch('{{ url_for("chat_api") }}', {
2026-01-27 12:09:30 +01:00:     ^^^^^^^^^^^^^^^^^^^^^^^^^
2026-01-27 12:09:30 +01:00:   File "/opt/Tennis_Booking/venv/lib/python3.12/site-packages/flask/app.py", line 1071, in url_for
2026-01-27 12:09:30 +01:00:     return self.handle_url_build_error(error, endpoint, values)
2026-01-27 12:09:30 +01:00:            ^^^^^^^^^^^^^^^^^^^^^^^^^^^^^^^^^^^^^^^^^^^^^^^^^^^^
2026-01-27 12:09:30 +01:00:   File "/opt/Tennis_Booking/venv/lib/python3.12/site-packages/flask/app.py", line 1060, in url_for
2026-01-27 12:09:30 +01:00:     rv = url_adapter.build(  # type: ignore[union-attr]
2026-01-27 12:09:30 +01:00:          ^^^^^^^^^^^^^^^^^^^^^^^^^^^^^^^^^^^^^^^^^^^^^^
2026-01-27 12:09:30 +01:00:   File "/opt/Tennis_Booking/venv/lib/python3.12/site-packages/werkzeug/routing/map.py", line 924, in build
2026-01-27 12:09:30 +01:00:     raise BuildError(endpoint, values, method, self)
2026-01-27 12:09:30 +01:00: werkzeug.routing.exceptions.BuildError: Could not build url for endpoint 'chat_api'. Did you mean 'chat_message' instead?
2026-01-27 12:09:31 +01:00: [2026-01-27 12:09:31,101] ERROR in app: Exception on /chat [GET]
2026-01-27 12:09:31 +01:00: Traceback (most recent call last):
2026-01-27 12:09:31 +01:00:   File "/opt/Tennis_Booking/venv/lib/python3.12/site-packages/flask/app.py", line 1455, in wsgi_app
2026-01-27 12:09:31 +01:00:     response = self.full_dispatch_request()
2026-01-27 12:09:31 +01:00:                ^^^^^^^^^^^^^^^^^^^^^^^^^^^^
2026-01-27 12:09:31 +01:00:   File "/opt/Tennis_Booking/venv/lib/python3.12/site-packages/flask/app.py", line 869, in full_dispatch_request
2026-01-27 12:09:31 +01:00:     rv = self.handle_user_exception(e)
2026-01-27 12:09:31 +01:00:          ^^^^^^^^^^^^^^^^^^^^^^^^^^^^^
2026-01-27 12:09:31 +01:00:   File "/opt/Tennis_Booking/venv/lib/python3.12/site-packages/flask/app.py", line 867, in full_dispatch_request
2026-01-27 12:09:31 +01:00:     rv = self.dispatch_request()
2026-01-27 12:09:31 +01:00:          ^^^^^^^^^^^^^^^^^^^^^^^
2026-01-27 12:09:31 +01:00:   File "/opt/Tennis_Booking/venv/lib/python3.12/site-packages/flask/app.py", line 852, in dispatch_request
2026-01-27 12:09:31 +01:00:     return self.ensure_sync(self.view_functions[rule.endpoint])(**view_args)
2026-01-27 12:09:31 +01:00:            ^^^^^^^^^^^^^^^^^^^^^^^^^^^^^^^^^^^^^^^^^^^^^^^^^^^^^^^^^^^^^^^^^
2026-01-27 12:09:31 +01:00:   File "/opt/Tennis_Booking/auth/decorators.py", line 13, in decorated_function
2026-01-27 12:09:31 +01:00:     return f(*args, **kwargs)
2026-01-27 12:09:31 +01:00:            ^^^^^^^^^^^^^^^^^^
2026-01-27 12:09:31 +01:00:   File "/opt/Tennis_Booking/app.py", line 148, in chat_interface
2026-01-27 12:09:31 +01:00:     return render_template('chat.html')
2026-01-27 12:09:31 +01:00:            ^^^^^^^^^^^^^^^^^^^^^^^^^^^^
2026-01-27 12:09:31 +01:00:   File "/opt/Tennis_Booking/venv/lib/python3.12/site-packages/flask/templating.py", line 152, in render_template
2026-01-27 12:09:31 +01:00:     return _render(app, template, context)
2026-01-27 12:09:31 +01:00:            ^^^^^^^^^^^^^^^^^^^^^^^^^^^^^^^
2026-01-27 12:09:31 +01:00:   File "/opt/Tennis_Booking/venv/lib/python3.12/site-packages/flask/templating.py", line 133, in _render
2026-01-27 12:09:31 +01:00:     rv = template.render(context)
2026-01-27 12:09:31 +01:00:          ^^^^^^^^^^^^^^^^^^^^^^^^
2026-01-27 12:09:31 +01:00:   File "/opt/Tennis_Booking/venv/lib/python3.12/site-packages/jinja2/environment.py", line 1295, in render
2026-01-27 12:09:31 +01:00:     self.environment.handle_exception()
2026-01-27 12:09:31 +01:00:   File "/opt/Tennis_Booking/venv/lib/python3.12/site-packages/jinja2/environment.py", line 942, in handle_exception
2026-01-27 12:09:31 +01:00:     raise rewrite_traceback_stack(source=source)
2026-01-27 12:09:31 +01:00:   File "/opt/Tennis_Booking/templates/chat.html", line 336, in top-level template code
2026-01-27 12:09:31 +01:00:     const response = await fetch('{{ url_for("chat_api") }}', {
2026-01-27 12:09:31 +01:00:     ^^^^^^^^^^^^^^^^^^^^^^^^^
2026-01-27 12:09:31 +01:00:   File "/opt/Tennis_Booking/venv/lib/python3.12/site-packages/flask/app.py", line 1071, in url_for
2026-01-27 12:09:31 +01:00:     return self.handle_url_build_error(error, endpoint, values)
2026-01-27 12:09:31 +01:00:            ^^^^^^^^^^^^^^^^^^^^^^^^^^^^^^^^^^^^^^^^^^^^^^^^^^^^
2026-01-27 12:09:31 +01:00:   File "/opt/Tennis_Booking/venv/lib/python3.12/site-packages/flask/app.py", line 1060, in url_for
2026-01-27 12:09:31 +01:00:     rv = url_adapter.build(  # type: ignore[union-attr]
2026-01-27 12:09:31 +01:00:          ^^^^^^^^^^^^^^^^^^^^^^^^^^^^^^^^^^^^^^^^^^^^^^
2026-01-27 12:09:31 +01:00:   File "/opt/Tennis_Booking/venv/lib/python3.12/site-packages/werkzeug/routing/map.py", line 924, in build
2026-01-27 12:09:31 +01:00:     raise BuildError(endpoint, values, method, self)
2026-01-27 12:09:31 +01:00: werkzeug.routing.exceptions.BuildError: Could not build url for endpoint 'chat_api'. Did you mean 'chat_message' instead?
2026-01-27 12:09:31 +01:00: [2026-01-27 12:09:31,367] ERROR in app: Exception on /chat [GET]
2026-01-27 12:09:31 +01:00: Traceback (most recent call last):
2026-01-27 12:09:31 +01:00:   File "/opt/Tennis_Booking/venv/lib/python3.12/site-packages/flask/app.py", line 1455, in wsgi_app
2026-01-27 12:09:31 +01:00:     response = self.full_dispatch_request()
2026-01-27 12:09:31 +01:00:                ^^^^^^^^^^^^^^^^^^^^^^^^^^^^
2026-01-27 12:09:31 +01:00:   File "/opt/Tennis_Booking/venv/lib/python3.12/site-packages/flask/app.py", line 869, in full_dispatch_request
2026-01-27 12:09:31 +01:00:     rv = self.handle_user_exception(e)
2026-01-27 12:09:31 +01:00:          ^^^^^^^^^^^^^^^^^^^^^^^^^^^^^
2026-01-27 12:09:31 +01:00:   File "/opt/Tennis_Booking/venv/lib/python3.12/site-packages/flask/app.py", line 867, in full_dispatch_request
2026-01-27 12:09:31 +01:00:     rv = self.dispatch_request()
2026-01-27 12:09:31 +01:00:          ^^^^^^^^^^^^^^^^^^^^^^^
2026-01-27 12:09:31 +01:00:   File "/opt/Tennis_Booking/venv/lib/python3.12/site-packages/flask/app.py", line 852, in dispatch_request
2026-01-27 12:09:31 +01:00:     return self.ensure_sync(self.view_functions[rule.endpoint])(**view_args)
2026-01-27 12:09:31 +01:00:            ^^^^^^^^^^^^^^^^^^^^^^^^^^^^^^^^^^^^^^^^^^^^^^^^^^^^^^^^^^^^^^^^^
2026-01-27 12:09:31 +01:00:   File "/opt/Tennis_Booking/auth/decorators.py", line 13, in decorated_function
2026-01-27 12:09:31 +01:00:     return f(*args, **kwargs)
2026-01-27 12:09:31 +01:00:            ^^^^^^^^^^^^^^^^^^
2026-01-27 12:09:31 +01:00:   File "/opt/Tennis_Booking/app.py", line 148, in chat_interface
2026-01-27 12:09:31 +01:00:     return render_template('chat.html')
2026-01-27 12:09:31 +01:00:            ^^^^^^^^^^^^^^^^^^^^^^^^^^^^
2026-01-27 12:09:31 +01:00:   File "/opt/Tennis_Booking/venv/lib/python3.12/site-packages/flask/templating.py", line 152, in render_template
2026-01-27 12:09:31 +01:00:     return _render(app, template, context)
2026-01-27 12:09:31 +01:00:            ^^^^^^^^^^^^^^^^^^^^^^^^^^^^^^^
2026-01-27 12:09:31 +01:00:   File "/opt/Tennis_Booking/venv/lib/python3.12/site-packages/flask/templating.py", line 133, in _render
2026-01-27 12:09:31 +01:00:     rv = template.render(context)
2026-01-27 12:09:31 +01:00:          ^^^^^^^^^^^^^^^^^^^^^^^^
2026-01-27 12:09:31 +01:00:   File "/opt/Tennis_Booking/venv/lib/python3.12/site-packages/jinja2/environment.py", line 1295, in render
2026-01-27 12:09:31 +01:00:     self.environment.handle_exception()
2026-01-27 12:09:31 +01:00:   File "/opt/Tennis_Booking/venv/lib/python3.12/site-packages/jinja2/environment.py", line 942, in handle_exception
2026-01-27 12:09:31 +01:00:     raise rewrite_traceback_stack(source=source)
2026-01-27 12:09:31 +01:00:   File "/opt/Tennis_Booking/templates/chat.html", line 336, in top-level template code
2026-01-27 12:09:31 +01:00:     const response = await fetch('{{ url_for("chat_api") }}', {
2026-01-27 12:09:31 +01:00:     ^^^^^^^^^^^^^^^^^^^^^^^^^
2026-01-27 12:09:31 +01:00:   File "/opt/Tennis_Booking/venv/lib/python3.12/site-packages/flask/app.py", line 1071, in url_for
2026-01-27 12:09:31 +01:00:     return self.handle_url_build_error(error, endpoint, values)
2026-01-27 12:09:31 +01:00:            ^^^^^^^^^^^^^^^^^^^^^^^^^^^^^^^^^^^^^^^^^^^^^^^^^^^^
2026-01-27 12:09:31 +01:00:   File "/opt/Tennis_Booking/venv/lib/python3.12/site-packages/flask/app.py", line 1060, in url_for
2026-01-27 12:09:31 +01:00:     rv = url_adapter.build(  # type: ignore[union-attr]
2026-01-27 12:09:31 +01:00:          ^^^^^^^^^^^^^^^^^^^^^^^^^^^^^^^^^^^^^^^^^^^^^^
2026-01-27 12:09:31 +01:00:   File "/opt/Tennis_Booking/venv/lib/python3.12/site-packages/werkzeug/routing/map.py", line 924, in build
2026-01-27 12:09:31 +01:00:     raise BuildError(endpoint, values, method, self)
2026-01-27 12:09:31 +01:00: werkzeug.routing.exceptions.BuildError: Could not build url for endpoint 'chat_api'. Did you mean 'chat_message' instead?
2026-01-27 12:09:31 +01:00: [2026-01-27 12:09:31,551] ERROR in app: Exception on /chat [GET]
2026-01-27 12:09:31 +01:00: Traceback (most recent call last):
2026-01-27 12:09:31 +01:00:   File "/opt/Tennis_Booking/venv/lib/python3.12/site-packages/flask/app.py", line 1455, in wsgi_app
2026-01-27 12:09:31 +01:00:     response = self.full_dispatch_request()
2026-01-27 12:09:31 +01:00:                ^^^^^^^^^^^^^^^^^^^^^^^^^^^^
2026-01-27 12:09:31 +01:00:   File "/opt/Tennis_Booking/venv/lib/python3.12/site-packages/flask/app.py", line 869, in full_dispatch_request
2026-01-27 12:09:31 +01:00:     rv = self.handle_user_exception(e)
2026-01-27 12:09:31 +01:00:          ^^^^^^^^^^^^^^^^^^^^^^^^^^^^^
2026-01-27 12:09:31 +01:00:   File "/opt/Tennis_Booking/venv/lib/python3.12/site-packages/flask/app.py", line 867, in full_dispatch_request
2026-01-27 12:09:31 +01:00:     rv = self.dispatch_request()
2026-01-27 12:09:31 +01:00:          ^^^^^^^^^^^^^^^^^^^^^^^
2026-01-27 12:09:31 +01:00:   File "/opt/Tennis_Booking/venv/lib/python3.12/site-packages/flask/app.py", line 852, in dispatch_request
2026-01-27 12:09:31 +01:00:     return self.ensure_sync(self.view_functions[rule.endpoint])(**view_args)
2026-01-27 12:09:31 +01:00:            ^^^^^^^^^^^^^^^^^^^^^^^^^^^^^^^^^^^^^^^^^^^^^^^^^^^^^^^^^^^^^^^^^
2026-01-27 12:09:31 +01:00:   File "/opt/Tennis_Booking/auth/decorators.py", line 13, in decorated_function
2026-01-27 12:09:31 +01:00:     return f(*args, **kwargs)
2026-01-27 12:09:31 +01:00:            ^^^^^^^^^^^^^^^^^^
2026-01-27 12:09:31 +01:00:   File "/opt/Tennis_Booking/app.py", line 148, in chat_interface
2026-01-27 12:09:31 +01:00:     return render_template('chat.html')
2026-01-27 12:09:31 +01:00:            ^^^^^^^^^^^^^^^^^^^^^^^^^^^^
2026-01-27 12:09:31 +01:00:   File "/opt/Tennis_Booking/venv/lib/python3.12/site-packages/flask/templating.py", line 152, in render_template
2026-01-27 12:09:31 +01:00:     return _render(app, template, context)
2026-01-27 12:09:31 +01:00:            ^^^^^^^^^^^^^^^^^^^^^^^^^^^^^^^
2026-01-27 12:09:31 +01:00:   File "/opt/Tennis_Booking/venv/lib/python3.12/site-packages/flask/templating.py", line 133, in _render
2026-01-27 12:09:31 +01:00:     rv = template.render(context)
2026-01-27 12:09:31 +01:00:          ^^^^^^^^^^^^^^^^^^^^^^^^
2026-01-27 12:09:31 +01:00:   File "/opt/Tennis_Booking/venv/lib/python3.12/site-packages/jinja2/environment.py", line 1295, in render
2026-01-27 12:09:31 +01:00:     self.environment.handle_exception()
2026-01-27 12:09:31 +01:00:   File "/opt/Tennis_Booking/venv/lib/python3.12/site-packages/jinja2/environment.py", line 942, in handle_exception
2026-01-27 12:09:31 +01:00:     raise rewrite_traceback_stack(source=source)
2026-01-27 12:09:31 +01:00:   File "/opt/Tennis_Booking/templates/chat.html", line 336, in top-level template code
2026-01-27 12:09:31 +01:00:     const response = await fetch('{{ url_for("chat_api") }}', {
2026-01-27 12:09:31 +01:00:     ^^^^^^^^^^^^^^^^^^^^^^^^^
2026-01-27 12:09:31 +01:00:   File "/opt/Tennis_Booking/venv/lib/python3.12/site-packages/flask/app.py", line 1071, in url_for
2026-01-27 12:09:31 +01:00:     return self.handle_url_build_error(error, endpoint, values)
2026-01-27 12:09:31 +01:00:            ^^^^^^^^^^^^^^^^^^^^^^^^^^^^^^^^^^^^^^^^^^^^^^^^^^^^
2026-01-27 12:09:31 +01:00:   File "/opt/Tennis_Booking/venv/lib/python3.12/site-packages/flask/app.py", line 1060, in url_for
2026-01-27 12:09:31 +01:00:     rv = url_adapter.build(  # type: ignore[union-attr]
2026-01-27 12:09:31 +01:00:          ^^^^^^^^^^^^^^^^^^^^^^^^^^^^^^^^^^^^^^^^^^^^^^
2026-01-27 12:09:31 +01:00:   File "/opt/Tennis_Booking/venv/lib/python3.12/site-packages/werkzeug/routing/map.py", line 924, in build
2026-01-27 12:09:31 +01:00:     raise BuildError(endpoint, values, method, self)
2026-01-27 12:09:31 +01:00: werkzeug.routing.exceptions.BuildError: Could not build url for endpoint 'chat_api'. Did you mean 'chat_message' instead?
2026-01-27 12:10:04 +01:00: [2026-01-27 12:10:04,535] ERROR in app: Exception on /chat [GET]
2026-01-27 12:10:04 +01:00: Traceback (most recent call last):
2026-01-27 12:10:04 +01:00:   File "/opt/Tennis_Booking/venv/lib/python3.12/site-packages/flask/app.py", line 1455, in wsgi_app
2026-01-27 12:10:04 +01:00:     response = self.full_dispatch_request()
2026-01-27 12:10:04 +01:00:                ^^^^^^^^^^^^^^^^^^^^^^^^^^^^
2026-01-27 12:10:04 +01:00:   File "/opt/Tennis_Booking/venv/lib/python3.12/site-packages/flask/app.py", line 869, in full_dispatch_request
2026-01-27 12:10:04 +01:00:     rv = self.handle_user_exception(e)
2026-01-27 12:10:04 +01:00:          ^^^^^^^^^^^^^^^^^^^^^^^^^^^^^
2026-01-27 12:10:04 +01:00:   File "/opt/Tennis_Booking/venv/lib/python3.12/site-packages/flask/app.py", line 867, in full_dispatch_request
2026-01-27 12:10:04 +01:00:     rv = self.dispatch_request()
2026-01-27 12:10:04 +01:00:          ^^^^^^^^^^^^^^^^^^^^^^^
2026-01-27 12:10:04 +01:00:   File "/opt/Tennis_Booking/venv/lib/python3.12/site-packages/flask/app.py", line 852, in dispatch_request
2026-01-27 12:10:04 +01:00:     return self.ensure_sync(self.view_functions[rule.endpoint])(**view_args)
2026-01-27 12:10:04 +01:00:            ^^^^^^^^^^^^^^^^^^^^^^^^^^^^^^^^^^^^^^^^^^^^^^^^^^^^^^^^^^^^^^^^^
2026-01-27 12:10:04 +01:00:   File "/opt/Tennis_Booking/auth/decorators.py", line 13, in decorated_function
2026-01-27 12:10:04 +01:00:     return f(*args, **kwargs)
2026-01-27 12:10:04 +01:00:            ^^^^^^^^^^^^^^^^^^
2026-01-27 12:10:04 +01:00:   File "/opt/Tennis_Booking/app.py", line 148, in chat_interface
2026-01-27 12:10:04 +01:00:     return render_template('chat.html')
2026-01-27 12:10:04 +01:00:            ^^^^^^^^^^^^^^^^^^^^^^^^^^^^
2026-01-27 12:10:04 +01:00:   File "/opt/Tennis_Booking/venv/lib/python3.12/site-packages/flask/templating.py", line 152, in render_template
2026-01-27 12:10:04 +01:00:     return _render(app, template, context)
2026-01-27 12:10:04 +01:00:            ^^^^^^^^^^^^^^^^^^^^^^^^^^^^^^^
2026-01-27 12:10:04 +01:00:   File "/opt/Tennis_Booking/venv/lib/python3.12/site-packages/flask/templating.py", line 133, in _render
2026-01-27 12:10:04 +01:00:     rv = template.render(context)
2026-01-27 12:10:04 +01:00:          ^^^^^^^^^^^^^^^^^^^^^^^^
2026-01-27 12:10:04 +01:00:   File "/opt/Tennis_Booking/venv/lib/python3.12/site-packages/jinja2/environment.py", line 1295, in render
2026-01-27 12:10:04 +01:00:     self.environment.handle_exception()
2026-01-27 12:10:04 +01:00:   File "/opt/Tennis_Booking/venv/lib/python3.12/site-packages/jinja2/environment.py", line 942, in handle_exception
2026-01-27 12:10:04 +01:00:     raise rewrite_traceback_stack(source=source)
2026-01-27 12:10:04 +01:00:   File "/opt/Tennis_Booking/templates/chat.html", line 336, in top-level template code
2026-01-27 12:10:04 +01:00:     const response = await fetch('{{ url_for("chat_api") }}', {
2026-01-27 12:10:04 +01:00:     ^^^^^^^^^^^^^^^^^^^^^^^^^
2026-01-27 12:10:04 +01:00:   File "/opt/Tennis_Booking/venv/lib/python3.12/site-packages/flask/app.py", line 1071, in url_for
2026-01-27 12:10:04 +01:00:     return self.handle_url_build_error(error, endpoint, values)
2026-01-27 12:10:04 +01:00:            ^^^^^^^^^^^^^^^^^^^^^^^^^^^^^^^^^^^^^^^^^^^^^^^^^^^^
2026-01-27 12:10:04 +01:00:   File "/opt/Tennis_Booking/venv/lib/python3.12/site-packages/flask/app.py", line 1060, in url_for
2026-01-27 12:10:04 +01:00:     rv = url_adapter.build(  # type: ignore[union-attr]
2026-01-27 12:10:04 +01:00:          ^^^^^^^^^^^^^^^^^^^^^^^^^^^^^^^^^^^^^^^^^^^^^^
2026-01-27 12:10:04 +01:00:   File "/opt/Tennis_Booking/venv/lib/python3.12/site-packages/werkzeug/routing/map.py", line 924, in build
2026-01-27 12:10:04 +01:00:     raise BuildError(endpoint, values, method, self)
2026-01-27 12:10:04 +01:00: werkzeug.routing.exceptions.BuildError: Could not build url for endpoint 'chat_api'. Did you mean 'chat_message' instead?
2026-01-27 12:10:11 +01:00: [2026-01-27 12:10:11,310] ERROR in app: Exception on /chat [GET]
2026-01-27 12:10:11 +01:00: Traceback (most recent call last):
2026-01-27 12:10:11 +01:00:   File "/opt/Tennis_Booking/venv/lib/python3.12/site-packages/flask/app.py", line 1455, in wsgi_app
2026-01-27 12:10:11 +01:00:     response = self.full_dispatch_request()
2026-01-27 12:10:11 +01:00:                ^^^^^^^^^^^^^^^^^^^^^^^^^^^^
2026-01-27 12:10:11 +01:00:   File "/opt/Tennis_Booking/venv/lib/python3.12/site-packages/flask/app.py", line 869, in full_dispatch_request
2026-01-27 12:10:11 +01:00:     rv = self.handle_user_exception(e)
2026-01-27 12:10:11 +01:00:          ^^^^^^^^^^^^^^^^^^^^^^^^^^^^^
2026-01-27 12:10:11 +01:00:   File "/opt/Tennis_Booking/venv/lib/python3.12/site-packages/flask/app.py", line 867, in full_dispatch_request
2026-01-27 12:10:11 +01:00:     rv = self.dispatch_request()
2026-01-27 12:10:11 +01:00:          ^^^^^^^^^^^^^^^^^^^^^^^
2026-01-27 12:10:11 +01:00:   File "/opt/Tennis_Booking/venv/lib/python3.12/site-packages/flask/app.py", line 852, in dispatch_request
2026-01-27 12:10:11 +01:00:     return self.ensure_sync(self.view_functions[rule.endpoint])(**view_args)
2026-01-27 12:10:11 +01:00:            ^^^^^^^^^^^^^^^^^^^^^^^^^^^^^^^^^^^^^^^^^^^^^^^^^^^^^^^^^^^^^^^^^
2026-01-27 12:10:11 +01:00:   File "/opt/Tennis_Booking/auth/decorators.py", line 13, in decorated_function
2026-01-27 12:10:11 +01:00:     return f(*args, **kwargs)
2026-01-27 12:10:11 +01:00:            ^^^^^^^^^^^^^^^^^^
2026-01-27 12:10:11 +01:00:   File "/opt/Tennis_Booking/app.py", line 148, in chat_interface
2026-01-27 12:10:11 +01:00:     return render_template('chat.html')
2026-01-27 12:10:11 +01:00:            ^^^^^^^^^^^^^^^^^^^^^^^^^^^^
2026-01-27 12:10:11 +01:00:   File "/opt/Tennis_Booking/venv/lib/python3.12/site-packages/flask/templating.py", line 152, in render_template
2026-01-27 12:10:11 +01:00:     return _render(app, template, context)
2026-01-27 12:10:11 +01:00:            ^^^^^^^^^^^^^^^^^^^^^^^^^^^^^^^
2026-01-27 12:10:11 +01:00:   File "/opt/Tennis_Booking/venv/lib/python3.12/site-packages/flask/templating.py", line 133, in _render
2026-01-27 12:10:11 +01:00:     rv = template.render(context)
2026-01-27 12:10:11 +01:00:          ^^^^^^^^^^^^^^^^^^^^^^^^
2026-01-27 12:10:11 +01:00:   File "/opt/Tennis_Booking/venv/lib/python3.12/site-packages/jinja2/environment.py", line 1295, in render
2026-01-27 12:10:11 +01:00:     self.environment.handle_exception()
2026-01-27 12:10:11 +01:00:   File "/opt/Tennis_Booking/venv/lib/python3.12/site-packages/jinja2/environment.py", line 942, in handle_exception
2026-01-27 12:10:11 +01:00:     raise rewrite_traceback_stack(source=source)
2026-01-27 12:10:11 +01:00:   File "/opt/Tennis_Booking/templates/chat.html", line 336, in top-level template code
2026-01-27 12:10:11 +01:00:     const response = await fetch('{{ url_for("chat_api") }}', {
2026-01-27 12:10:11 +01:00:     ^^^^^^^^^^^^^^^^^^^^^^^^^
2026-01-27 12:10:11 +01:00:   File "/opt/Tennis_Booking/venv/lib/python3.12/site-packages/flask/app.py", line 1071, in url_for
2026-01-27 12:10:11 +01:00:     return self.handle_url_build_error(error, endpoint, values)
2026-01-27 12:10:11 +01:00:            ^^^^^^^^^^^^^^^^^^^^^^^^^^^^^^^^^^^^^^^^^^^^^^^^^^^^
2026-01-27 12:10:11 +01:00:   File "/opt/Tennis_Booking/venv/lib/python3.12/site-packages/flask/app.py", line 1060, in url_for
2026-01-27 12:10:11 +01:00:     rv = url_adapter.build(  # type: ignore[union-attr]
2026-01-27 12:10:11 +01:00:          ^^^^^^^^^^^^^^^^^^^^^^^^^^^^^^^^^^^^^^^^^^^^^^
2026-01-27 12:10:11 +01:00:   File "/opt/Tennis_Booking/venv/lib/python3.12/site-packages/werkzeug/routing/map.py", line 924, in build
2026-01-27 12:10:11 +01:00:     raise BuildError(endpoint, values, method, self)
2026-01-27 12:10:11 +01:00: werkzeug.routing.exceptions.BuildError: Could not build url for endpoint 'chat_api'. Did you mean 'chat_message' instead?
2026-01-27 12:10:42 +01:00: [2026-01-27 12:10:42,453] ERROR in app: Exception on /chat [GET]
2026-01-27 12:10:42 +01:00: Traceback (most recent call last):
2026-01-27 12:10:42 +01:00:   File "/opt/Tennis_Booking/venv/lib/python3.12/site-packages/flask/app.py", line 1455, in wsgi_app
2026-01-27 12:10:42 +01:00:     response = self.full_dispatch_request()
2026-01-27 12:10:42 +01:00:                ^^^^^^^^^^^^^^^^^^^^^^^^^^^^
2026-01-27 12:10:42 +01:00:   File "/opt/Tennis_Booking/venv/lib/python3.12/site-packages/flask/app.py", line 869, in full_dispatch_request
2026-01-27 12:10:42 +01:00:     rv = self.handle_user_exception(e)
2026-01-27 12:10:42 +01:00:          ^^^^^^^^^^^^^^^^^^^^^^^^^^^^^
2026-01-27 12:10:42 +01:00:   File "/opt/Tennis_Booking/venv/lib/python3.12/site-packages/flask/app.py", line 867, in full_dispatch_request
2026-01-27 12:10:42 +01:00:     rv = self.dispatch_request()
2026-01-27 12:10:42 +01:00:          ^^^^^^^^^^^^^^^^^^^^^^^
2026-01-27 12:10:42 +01:00:   File "/opt/Tennis_Booking/venv/lib/python3.12/site-packages/flask/app.py", line 852, in dispatch_request
2026-01-27 12:10:42 +01:00:     return self.ensure_sync(self.view_functions[rule.endpoint])(**view_args)
2026-01-27 12:10:42 +01:00:            ^^^^^^^^^^^^^^^^^^^^^^^^^^^^^^^^^^^^^^^^^^^^^^^^^^^^^^^^^^^^^^^^^
2026-01-27 12:10:42 +01:00:   File "/opt/Tennis_Booking/auth/decorators.py", line 13, in decorated_function
2026-01-27 12:10:42 +01:00:     return f(*args, **kwargs)
2026-01-27 12:10:42 +01:00:            ^^^^^^^^^^^^^^^^^^
2026-01-27 12:10:42 +01:00:   File "/opt/Tennis_Booking/app.py", line 148, in chat_interface
2026-01-27 12:10:42 +01:00:     return render_template('chat.html')
2026-01-27 12:10:42 +01:00:            ^^^^^^^^^^^^^^^^^^^^^^^^^^^^
2026-01-27 12:10:42 +01:00:   File "/opt/Tennis_Booking/venv/lib/python3.12/site-packages/flask/templating.py", line 152, in render_template
2026-01-27 12:10:42 +01:00:     return _render(app, template, context)
2026-01-27 12:10:42 +01:00:            ^^^^^^^^^^^^^^^^^^^^^^^^^^^^^^^
2026-01-27 12:10:42 +01:00:   File "/opt/Tennis_Booking/venv/lib/python3.12/site-packages/flask/templating.py", line 133, in _render
2026-01-27 12:10:42 +01:00:     rv = template.render(context)
2026-01-27 12:10:42 +01:00:          ^^^^^^^^^^^^^^^^^^^^^^^^
2026-01-27 12:10:42 +01:00:   File "/opt/Tennis_Booking/venv/lib/python3.12/site-packages/jinja2/environment.py", line 1295, in render
2026-01-27 12:10:42 +01:00:     self.environment.handle_exception()
2026-01-27 12:10:42 +01:00:   File "/opt/Tennis_Booking/venv/lib/python3.12/site-packages/jinja2/environment.py", line 942, in handle_exception
2026-01-27 12:10:42 +01:00:     raise rewrite_traceback_stack(source=source)
2026-01-27 12:10:42 +01:00:   File "/opt/Tennis_Booking/templates/chat.html", line 336, in top-level template code
2026-01-27 12:10:42 +01:00:     const response = await fetch('{{ url_for("chat_api") }}', {
2026-01-27 12:10:42 +01:00:     ^^^^^^^^^^^^^^^^^^^^^^^^^
2026-01-27 12:10:42 +01:00:   File "/opt/Tennis_Booking/venv/lib/python3.12/site-packages/flask/app.py", line 1071, in url_for
2026-01-27 12:10:42 +01:00:     return self.handle_url_build_error(error, endpoint, values)
2026-01-27 12:10:42 +01:00:            ^^^^^^^^^^^^^^^^^^^^^^^^^^^^^^^^^^^^^^^^^^^^^^^^^^^^
2026-01-27 12:10:42 +01:00:   File "/opt/Tennis_Booking/venv/lib/python3.12/site-packages/flask/app.py", line 1060, in url_for
2026-01-27 12:10:42 +01:00:     rv = url_adapter.build(  # type: ignore[union-attr]
2026-01-27 12:10:42 +01:00:          ^^^^^^^^^^^^^^^^^^^^^^^^^^^^^^^^^^^^^^^^^^^^^^
2026-01-27 12:10:42 +01:00:   File "/opt/Tennis_Booking/venv/lib/python3.12/site-packages/werkzeug/routing/map.py", line 924, in build
2026-01-27 12:10:42 +01:00:     raise BuildError(endpoint, values, method, self)
2026-01-27 12:10:42 +01:00: werkzeug.routing.exceptions.BuildError: Could not build url for endpoint 'chat_api'. Did you mean 'chat_message' instead?
2026-01-27 12:11:16 +01:00: [2026-01-27 12:11:16,956] ERROR in app: Exception on /chat [GET]
2026-01-27 12:11:16 +01:00: Traceback (most recent call last):
2026-01-27 12:11:16 +01:00:   File "/opt/Tennis_Booking/venv/lib/python3.12/site-packages/flask/app.py", line 1455, in wsgi_app
2026-01-27 12:11:16 +01:00:     response = self.full_dispatch_request()
2026-01-27 12:11:16 +01:00:                ^^^^^^^^^^^^^^^^^^^^^^^^^^^^
2026-01-27 12:11:16 +01:00:   File "/opt/Tennis_Booking/venv/lib/python3.12/site-packages/flask/app.py", line 869, in full_dispatch_request
2026-01-27 12:11:16 +01:00:     rv = self.handle_user_exception(e)
2026-01-27 12:11:16 +01:00:          ^^^^^^^^^^^^^^^^^^^^^^^^^^^^^
2026-01-27 12:11:16 +01:00:   File "/opt/Tennis_Booking/venv/lib/python3.12/site-packages/flask/app.py", line 867, in full_dispatch_request
2026-01-27 12:11:16 +01:00:     rv = self.dispatch_request()
2026-01-27 12:11:16 +01:00:          ^^^^^^^^^^^^^^^^^^^^^^^
2026-01-27 12:11:16 +01:00:   File "/opt/Tennis_Booking/venv/lib/python3.12/site-packages/flask/app.py", line 852, in dispatch_request
2026-01-27 12:11:16 +01:00:     return self.ensure_sync(self.view_functions[rule.endpoint])(**view_args)
2026-01-27 12:11:16 +01:00:            ^^^^^^^^^^^^^^^^^^^^^^^^^^^^^^^^^^^^^^^^^^^^^^^^^^^^^^^^^^^^^^^^^
2026-01-27 12:11:16 +01:00:   File "/opt/Tennis_Booking/auth/decorators.py", line 13, in decorated_function
2026-01-27 12:11:16 +01:00:     return f(*args, **kwargs)
2026-01-27 12:11:16 +01:00:            ^^^^^^^^^^^^^^^^^^
2026-01-27 12:11:16 +01:00:   File "/opt/Tennis_Booking/app.py", line 148, in chat_interface
2026-01-27 12:11:16 +01:00:     return render_template('chat.html')
2026-01-27 12:11:16 +01:00:            ^^^^^^^^^^^^^^^^^^^^^^^^^^^^
2026-01-27 12:11:16 +01:00:   File "/opt/Tennis_Booking/venv/lib/python3.12/site-packages/flask/templating.py", line 152, in render_template
2026-01-27 12:11:16 +01:00:     return _render(app, template, context)
2026-01-27 12:11:16 +01:00:            ^^^^^^^^^^^^^^^^^^^^^^^^^^^^^^^
2026-01-27 12:11:16 +01:00:   File "/opt/Tennis_Booking/venv/lib/python3.12/site-packages/flask/templating.py", line 133, in _render
2026-01-27 12:11:16 +01:00:     rv = template.render(context)
2026-01-27 12:11:16 +01:00:          ^^^^^^^^^^^^^^^^^^^^^^^^
2026-01-27 12:11:16 +01:00:   File "/opt/Tennis_Booking/venv/lib/python3.12/site-packages/jinja2/environment.py", line 1295, in render
2026-01-27 12:11:16 +01:00:     self.environment.handle_exception()
2026-01-27 12:11:16 +01:00:   File "/opt/Tennis_Booking/venv/lib/python3.12/site-packages/jinja2/environment.py", line 942, in handle_exception
2026-01-27 12:11:16 +01:00:     raise rewrite_traceback_stack(source=source)
2026-01-27 12:11:16 +01:00:   File "/opt/Tennis_Booking/templates/chat.html", line 336, in top-level template code
2026-01-27 12:11:16 +01:00:     const response = await fetch('{{ url_for("chat_api") }}', {
2026-01-27 12:11:16 +01:00:     ^^^^^^^^^^^^^^^^^^^^^^^^^
2026-01-27 12:11:16 +01:00:   File "/opt/Tennis_Booking/venv/lib/python3.12/site-packages/flask/app.py", line 1071, in url_for
2026-01-27 12:11:16 +01:00:     return self.handle_url_build_error(error, endpoint, values)
2026-01-27 12:11:16 +01:00:            ^^^^^^^^^^^^^^^^^^^^^^^^^^^^^^^^^^^^^^^^^^^^^^^^^^^^
2026-01-27 12:11:16 +01:00:   File "/opt/Tennis_Booking/venv/lib/python3.12/site-packages/flask/app.py", line 1060, in url_for
2026-01-27 12:11:16 +01:00:     rv = url_adapter.build(  # type: ignore[union-attr]
2026-01-27 12:11:16 +01:00:          ^^^^^^^^^^^^^^^^^^^^^^^^^^^^^^^^^^^^^^^^^^^^^^
2026-01-27 12:11:16 +01:00:   File "/opt/Tennis_Booking/venv/lib/python3.12/site-packages/werkzeug/routing/map.py", line 924, in build
2026-01-27 12:11:16 +01:00:     raise BuildError(endpoint, values, method, self)
2026-01-27 12:11:16 +01:00: werkzeug.routing.exceptions.BuildError: Could not build url for endpoint 'chat_api'. Did you mean 'chat_message' instead?
2026-01-27 12:11:24 +01:00: [2026-01-27 12:11:24,402] ERROR in app: Exception on /chat [GET]
2026-01-27 12:11:24 +01:00: Traceback (most recent call last):
2026-01-27 12:11:24 +01:00:   File "/opt/Tennis_Booking/venv/lib/python3.12/site-packages/flask/app.py", line 1455, in wsgi_app
2026-01-27 12:11:24 +01:00:     response = self.full_dispatch_request()
2026-01-27 12:11:24 +01:00:                ^^^^^^^^^^^^^^^^^^^^^^^^^^^^
2026-01-27 12:11:24 +01:00:   File "/opt/Tennis_Booking/venv/lib/python3.12/site-packages/flask/app.py", line 869, in full_dispatch_request
2026-01-27 12:11:24 +01:00:     rv = self.handle_user_exception(e)
2026-01-27 12:11:24 +01:00:          ^^^^^^^^^^^^^^^^^^^^^^^^^^^^^
2026-01-27 12:11:24 +01:00:   File "/opt/Tennis_Booking/venv/lib/python3.12/site-packages/flask/app.py", line 867, in full_dispatch_request
2026-01-27 12:11:24 +01:00:     rv = self.dispatch_request()
2026-01-27 12:11:24 +01:00:          ^^^^^^^^^^^^^^^^^^^^^^^
2026-01-27 12:11:24 +01:00:   File "/opt/Tennis_Booking/venv/lib/python3.12/site-packages/flask/app.py", line 852, in dispatch_request
2026-01-27 12:11:24 +01:00:     return self.ensure_sync(self.view_functions[rule.endpoint])(**view_args)
2026-01-27 12:11:24 +01:00:            ^^^^^^^^^^^^^^^^^^^^^^^^^^^^^^^^^^^^^^^^^^^^^^^^^^^^^^^^^^^^^^^^^
2026-01-27 12:11:24 +01:00:   File "/opt/Tennis_Booking/auth/decorators.py", line 13, in decorated_function
2026-01-27 12:11:24 +01:00:     return f(*args, **kwargs)
2026-01-27 12:11:24 +01:00:            ^^^^^^^^^^^^^^^^^^
2026-01-27 12:11:24 +01:00:   File "/opt/Tennis_Booking/app.py", line 148, in chat_interface
2026-01-27 12:11:24 +01:00:     return render_template('chat.html')
2026-01-27 12:11:24 +01:00:            ^^^^^^^^^^^^^^^^^^^^^^^^^^^^
2026-01-27 12:11:24 +01:00:   File "/opt/Tennis_Booking/venv/lib/python3.12/site-packages/flask/templating.py", line 152, in render_template
2026-01-27 12:11:24 +01:00:     return _render(app, template, context)
2026-01-27 12:11:24 +01:00:            ^^^^^^^^^^^^^^^^^^^^^^^^^^^^^^^
2026-01-27 12:11:24 +01:00:   File "/opt/Tennis_Booking/venv/lib/python3.12/site-packages/flask/templating.py", line 133, in _render
2026-01-27 12:11:24 +01:00:     rv = template.render(context)
2026-01-27 12:11:24 +01:00:          ^^^^^^^^^^^^^^^^^^^^^^^^
2026-01-27 12:11:24 +01:00:   File "/opt/Tennis_Booking/venv/lib/python3.12/site-packages/jinja2/environment.py", line 1295, in render
2026-01-27 12:11:24 +01:00:     self.environment.handle_exception()
2026-01-27 12:11:24 +01:00:   File "/opt/Tennis_Booking/venv/lib/python3.12/site-packages/jinja2/environment.py", line 942, in handle_exception
2026-01-27 12:11:24 +01:00:     raise rewrite_traceback_stack(source=source)
2026-01-27 12:11:24 +01:00:   File "/opt/Tennis_Booking/templates/chat.html", line 336, in top-level template code
2026-01-27 12:11:24 +01:00:     const response = await fetch('{{ url_for("chat_api") }}', {
2026-01-27 12:11:24 +01:00:     ^^^^^^^^^^^^^^^^^^^^^^^^^
2026-01-27 12:11:24 +01:00:   File "/opt/Tennis_Booking/venv/lib/python3.12/site-packages/flask/app.py", line 1071, in url_for
2026-01-27 12:11:24 +01:00:     return self.handle_url_build_error(error, endpoint, values)
2026-01-27 12:11:24 +01:00:            ^^^^^^^^^^^^^^^^^^^^^^^^^^^^^^^^^^^^^^^^^^^^^^^^^^^^
2026-01-27 12:11:24 +01:00:   File "/opt/Tennis_Booking/venv/lib/python3.12/site-packages/flask/app.py", line 1060, in url_for
2026-01-27 12:11:24 +01:00:     rv = url_adapter.build(  # type: ignore[union-attr]
2026-01-27 12:11:24 +01:00:          ^^^^^^^^^^^^^^^^^^^^^^^^^^^^^^^^^^^^^^^^^^^^^^
2026-01-27 12:11:24 +01:00:   File "/opt/Tennis_Booking/venv/lib/python3.12/site-packages/werkzeug/routing/map.py", line 924, in build
2026-01-27 12:11:24 +01:00:     raise BuildError(endpoint, values, method, self)
2026-01-27 12:11:24 +01:00: werkzeug.routing.exceptions.BuildError: Could not build url for endpoint 'chat_api'. Did you mean 'chat_message' instead?
2026-01-27 12:11:53 +01:00: [2026-01-27 12:11:53,365] ERROR in app: Exception on /chat [GET]
2026-01-27 12:11:53 +01:00: Traceback (most recent call last):
2026-01-27 12:11:53 +01:00:   File "/opt/Tennis_Booking/venv/lib/python3.12/site-packages/flask/app.py", line 1455, in wsgi_app
2026-01-27 12:11:53 +01:00:     response = self.full_dispatch_request()
2026-01-27 12:11:53 +01:00:                ^^^^^^^^^^^^^^^^^^^^^^^^^^^^
2026-01-27 12:11:53 +01:00:   File "/opt/Tennis_Booking/venv/lib/python3.12/site-packages/flask/app.py", line 869, in full_dispatch_request
2026-01-27 12:11:53 +01:00:     rv = self.handle_user_exception(e)
2026-01-27 12:11:53 +01:00:          ^^^^^^^^^^^^^^^^^^^^^^^^^^^^^
2026-01-27 12:11:53 +01:00:   File "/opt/Tennis_Booking/venv/lib/python3.12/site-packages/flask/app.py", line 867, in full_dispatch_request
2026-01-27 12:11:53 +01:00:     rv = self.dispatch_request()
2026-01-27 12:11:53 +01:00:          ^^^^^^^^^^^^^^^^^^^^^^^
2026-01-27 12:11:53 +01:00:   File "/opt/Tennis_Booking/venv/lib/python3.12/site-packages/flask/app.py", line 852, in dispatch_request
2026-01-27 12:11:53 +01:00:     return self.ensure_sync(self.view_functions[rule.endpoint])(**view_args)
2026-01-27 12:11:53 +01:00:            ^^^^^^^^^^^^^^^^^^^^^^^^^^^^^^^^^^^^^^^^^^^^^^^^^^^^^^^^^^^^^^^^^
2026-01-27 12:11:53 +01:00:   File "/opt/Tennis_Booking/auth/decorators.py", line 13, in decorated_function
2026-01-27 12:11:53 +01:00:     return f(*args, **kwargs)
2026-01-27 12:11:53 +01:00:            ^^^^^^^^^^^^^^^^^^
2026-01-27 12:11:53 +01:00:   File "/opt/Tennis_Booking/app.py", line 148, in chat_interface
2026-01-27 12:11:53 +01:00:     return render_template('chat.html')
2026-01-27 12:11:53 +01:00:            ^^^^^^^^^^^^^^^^^^^^^^^^^^^^
2026-01-27 12:11:53 +01:00:   File "/opt/Tennis_Booking/venv/lib/python3.12/site-packages/flask/templating.py", line 152, in render_template
2026-01-27 12:11:53 +01:00:     return _render(app, template, context)
2026-01-27 12:11:53 +01:00:            ^^^^^^^^^^^^^^^^^^^^^^^^^^^^^^^
2026-01-27 12:11:53 +01:00:   File "/opt/Tennis_Booking/venv/lib/python3.12/site-packages/flask/templating.py", line 133, in _render
2026-01-27 12:11:53 +01:00:     rv = template.render(context)
2026-01-27 12:11:53 +01:00:          ^^^^^^^^^^^^^^^^^^^^^^^^
2026-01-27 12:11:53 +01:00:   File "/opt/Tennis_Booking/venv/lib/python3.12/site-packages/jinja2/environment.py", line 1295, in render
2026-01-27 12:11:53 +01:00:     self.environment.handle_exception()
2026-01-27 12:11:53 +01:00:   File "/opt/Tennis_Booking/venv/lib/python3.12/site-packages/jinja2/environment.py", line 942, in handle_exception
2026-01-27 12:11:53 +01:00:     raise rewrite_traceback_stack(source=source)
2026-01-27 12:11:53 +01:00:   File "/opt/Tennis_Booking/templates/chat.html", line 336, in top-level template code
2026-01-27 12:11:53 +01:00:     const response = await fetch('{{ url_for("chat_api") }}', {
2026-01-27 12:11:53 +01:00:     ^^^^^^^^^^^^^^^^^^^^^^^^^
2026-01-27 12:11:53 +01:00:   File "/opt/Tennis_Booking/venv/lib/python3.12/site-packages/flask/app.py", line 1071, in url_for
2026-01-27 12:11:53 +01:00:     return self.handle_url_build_error(error, endpoint, values)
2026-01-27 12:11:53 +01:00:            ^^^^^^^^^^^^^^^^^^^^^^^^^^^^^^^^^^^^^^^^^^^^^^^^^^^^
2026-01-27 12:11:53 +01:00:   File "/opt/Tennis_Booking/venv/lib/python3.12/site-packages/flask/app.py", line 1060, in url_for
2026-01-27 12:11:53 +01:00:     rv = url_adapter.build(  # type: ignore[union-attr]
2026-01-27 12:11:53 +01:00:          ^^^^^^^^^^^^^^^^^^^^^^^^^^^^^^^^^^^^^^^^^^^^^^
2026-01-27 12:11:53 +01:00:   File "/opt/Tennis_Booking/venv/lib/python3.12/site-packages/werkzeug/routing/map.py", line 924, in build
2026-01-27 12:11:53 +01:00:     raise BuildError(endpoint, values, method, self)
2026-01-27 12:11:53 +01:00: werkzeug.routing.exceptions.BuildError: Could not build url for endpoint 'chat_api'. Did you mean 'chat_message' instead?
2026-01-27 12:13:10 +01:00: [2026-01-27 12:13:10 +0100] [3048074] [INFO] Handling signal: int
2026-01-27 12:13:10 +01:00: [2026-01-27 12:13:10 +0100] [3048077] [INFO] Worker exiting (pid: 3048077)
2026-01-27 12:13:10 +01:00: [2026-01-27 12:13:10 +0100] [3048074] [INFO] Shutting down: Master
2026-01-27 12:13:10 +01:00: [2026-01-27 12:13:10 +0100] [3048326] [INFO] Starting gunicorn 23.0.0
2026-01-27 12:13:10 +01:00: [2026-01-27 12:13:10 +0100] [3048326] [INFO] Listening at: http://0.0.0.0:5001 (3048326)
2026-01-27 12:13:10 +01:00: [2026-01-27 12:13:10 +0100] [3048326] [INFO] Using worker: sync
2026-01-27 12:13:10 +01:00: [2026-01-27 12:13:10 +0100] [3048328] [INFO] Booting worker with pid: 3048328
2026-01-27 12:13:11 +01:00: [2026-01-27 12:13:11 +0100] [3048329] [INFO] Booting worker with pid: 3048329
2026-01-27 17:49:40 +01:00: [2026-01-27 17:49:40 +0100] [3048328] [WARNING] Invalid request from ip=206.168.34.50: Invalid HTTP Version: (2, 0)
2026-01-27 17:50:29 +01:00: [2026-01-27 17:50:29 +0100] [3048328] [WARNING] Invalid request from ip=162.142.125.44: Invalid HTTP Version: (2, 0)
2026-01-27 22:19:25 +01:00: [2026-01-27 22:19:25 +0100] [3048328] [WARNING] Invalid request from ip=91.224.92.114: Invalid HTTP request line: '\x03\x00\x00/*à\x00\x00\x00\x00\x00Cookie: mstshash=Administr'
2026-01-28 06:48:35 +01:00: [2026-01-28 06:48:35 +0100] [3048329] [WARNING] Invalid request from ip=206.168.34.118: Invalid HTTP Version: (2, 0)
2026-01-28 06:49:17 +01:00: [2026-01-28 06:49:17 +0100] [3048328] [WARNING] Invalid request from ip=162.142.125.47: Invalid HTTP Version: (2, 0)
2026-01-28 08:00:55 +01:00: [2026-01-28 08:00:55 +0100] [3048329] [WARNING] Invalid request from ip=173.255.221.86: Invalid HTTP request line: ''
2026-01-28 13:29:24 +01:00: [2026-01-28 13:29:24 +0100] [3048329] [WARNING] Invalid request from ip=3.134.148.59: Invalid HTTP request line: 'SSH-2.0-Go'
2026-01-28 18:01:45 +01:00: [2026-01-28 18:01:45 +0100] [3048326] [CRITICAL] WORKER TIMEOUT (pid:3048328)
2026-01-28 18:01:45 +01:00: [2026-01-28 18:01:45 +0100] [3048328] [ERROR] Error handling request (no URI read)
2026-01-28 18:01:45 +01:00: Traceback (most recent call last):
2026-01-28 18:01:45 +01:00:   File "/opt/Tennis_Booking/venv/lib/python3.12/site-packages/gunicorn/workers/sync.py", line 133, in handle
2026-01-28 18:01:45 +01:00:     req = next(parser)
2026-01-28 18:01:45 +01:00:           ^^^^^^^^^^^^
2026-01-28 18:01:45 +01:00:   File "/opt/Tennis_Booking/venv/lib/python3.12/site-packages/gunicorn/http/parser.py", line 41, in __next__
2026-01-28 18:01:45 +01:00:     self.mesg = self.mesg_class(self.cfg, self.unreader, self.source_addr, self.req_count)
2026-01-28 18:01:45 +01:00:                 ^^^^^^^^^^^^^^^^^^^^^^^^^^^^^^^^^^^^^^^^^^^^^^^^^^^^^^^^^^^^^^^^^^^^^^^^^^
2026-01-28 18:01:45 +01:00:   File "/opt/Tennis_Booking/venv/lib/python3.12/site-packages/gunicorn/http/message.py", line 259, in __init__
2026-01-28 18:01:45 +01:00:     super().__init__(cfg, unreader, peer_addr)
2026-01-28 18:01:45 +01:00:   File "/opt/Tennis_Booking/venv/lib/python3.12/site-packages/gunicorn/http/message.py", line 60, in __init__
2026-01-28 18:01:45 +01:00:     unused = self.parse(self.unreader)
2026-01-28 18:01:45 +01:00:              ^^^^^^^^^^^^^^^^^^^^^^^^^
2026-01-28 18:01:45 +01:00:   File "/opt/Tennis_Booking/venv/lib/python3.12/site-packages/gunicorn/http/message.py", line 274, in parse
2026-01-28 18:01:45 +01:00:     line, rbuf = self.read_line(unreader, buf, self.limit_request_line)
2026-01-28 18:01:45 +01:00:                  ^^^^^^^^^^^^^^^^^^^^^^^^^^^^^^^^^^^^^^^^^^^^^^^^^^^^^^
2026-01-28 18:01:45 +01:00:   File "/opt/Tennis_Booking/venv/lib/python3.12/site-packages/gunicorn/http/message.py", line 326, in read_line
2026-01-28 18:01:45 +01:00:     self.get_data(unreader, buf)
2026-01-28 18:01:45 +01:00:   File "/opt/Tennis_Booking/venv/lib/python3.12/site-packages/gunicorn/http/message.py", line 262, in get_data
2026-01-28 18:01:45 +01:00:     data = unreader.read()
2026-01-28 18:01:45 +01:00:            ^^^^^^^^^^^^^^^
2026-01-28 18:01:45 +01:00:   File "/opt/Tennis_Booking/venv/lib/python3.12/site-packages/gunicorn/http/unreader.py", line 36, in read
2026-01-28 18:01:45 +01:00:     d = self.chunk()
2026-01-28 18:01:45 +01:00:         ^^^^^^^^^^^^
2026-01-28 18:01:45 +01:00:   File "/opt/Tennis_Booking/venv/lib/python3.12/site-packages/gunicorn/http/unreader.py", line 63, in chunk
2026-01-28 18:01:45 +01:00:     return self.sock.recv(self.mxchunk)
2026-01-28 18:01:45 +01:00:            ^^^^^^^^^^^^^^^^^^^^^^^^^^^^
2026-01-28 18:01:45 +01:00:   File "/opt/Tennis_Booking/venv/lib/python3.12/site-packages/gunicorn/workers/base.py", line 204, in handle_abort
2026-01-28 18:01:45 +01:00:     sys.exit(1)
2026-01-28 18:01:45 +01:00: SystemExit: 1
2026-01-28 18:01:45 +01:00: [2026-01-28 18:01:45 +0100] [3048328] [INFO] Worker exiting (pid: 3048328)
2026-01-28 18:01:45 +01:00: [2026-01-28 18:01:45 +0100] [3112990] [INFO] Booting worker with pid: 3112990
2026-01-28 19:49:53 +01:00: [2026-01-28 19:49:53 +0100] [3048329] [WARNING] Invalid request from ip=162.142.125.197: Invalid HTTP Version: (2, 0)
2026-01-28 19:50:29 +01:00: [2026-01-28 19:50:29 +0100] [3048329] [WARNING] Invalid request from ip=66.132.153.120: Invalid HTTP Version: (2, 0)
2026-01-29 08:50:59 +01:00: [2026-01-29 08:50:59 +0100] [3112990] [WARNING] Invalid request from ip=66.132.153.112: Invalid HTTP Version: (2, 0)
2026-01-29 08:50:59 +01:00: [2026-01-29 08:50:59 +0100] [3048329] [WARNING] Invalid request from ip=66.132.153.112: Invalid HTTP Version: (2, 0)
2026-01-29 14:07:09 +01:00: [2026-01-29 14:07:09 +0100] [3048329] [WARNING] Invalid request from ip=3.143.33.63: Invalid HTTP request line: 'SSH-2.0-Go'
2026-01-29 21:51:00 +01:00: [2026-01-29 21:51:00 +0100] [3048329] [WARNING] Invalid request from ip=66.132.153.131: Invalid HTTP Version: (2, 0)
2026-01-29 21:51:26 +01:00: [2026-01-29 21:51:26 +0100] [3048329] [WARNING] Invalid request from ip=167.94.138.206: Invalid HTTP Version: (2, 0)
2026-01-30 00:52:19 +01:00: [2026-01-30 00:52:19 +0100] [3112990] [WARNING] Invalid request from ip=109.205.211.100: Invalid HTTP request line: '\x03\x00\x00/*à\x00\x00\x00\x00\x00Cookie: mstshash=Administr'
2026-01-30 01:34:02 +01:00: [2026-01-30 01:34:02 +0100] [3048329] [WARNING] Invalid request from ip=167.94.138.117: Invalid HTTP Version: (2, 0)
2026-01-30 11:07:12 +01:00: [2026-01-30 11:07:12 +0100] [3048326] [CRITICAL] WORKER TIMEOUT (pid:3112990)
2026-01-30 11:07:12 +01:00: [2026-01-30 11:07:12 +0100] [3112990] [ERROR] Error handling request (no URI read)
2026-01-30 11:07:12 +01:00: Traceback (most recent call last):
2026-01-30 11:07:12 +01:00:   File "/opt/Tennis_Booking/venv/lib/python3.12/site-packages/gunicorn/workers/sync.py", line 133, in handle
2026-01-30 11:07:12 +01:00:     req = next(parser)
2026-01-30 11:07:12 +01:00:           ^^^^^^^^^^^^
2026-01-30 11:07:12 +01:00:   File "/opt/Tennis_Booking/venv/lib/python3.12/site-packages/gunicorn/http/parser.py", line 41, in __next__
2026-01-30 11:07:12 +01:00:     self.mesg = self.mesg_class(self.cfg, self.unreader, self.source_addr, self.req_count)
2026-01-30 11:07:12 +01:00:                 ^^^^^^^^^^^^^^^^^^^^^^^^^^^^^^^^^^^^^^^^^^^^^^^^^^^^^^^^^^^^^^^^^^^^^^^^^^
2026-01-30 11:07:12 +01:00:   File "/opt/Tennis_Booking/venv/lib/python3.12/site-packages/gunicorn/http/message.py", line 259, in __init__
2026-01-30 11:07:12 +01:00:     super().__init__(cfg, unreader, peer_addr)
2026-01-30 11:07:12 +01:00:   File "/opt/Tennis_Booking/venv/lib/python3.12/site-packages/gunicorn/http/message.py", line 60, in __init__
2026-01-30 11:07:12 +01:00:     unused = self.parse(self.unreader)
2026-01-30 11:07:12 +01:00:              ^^^^^^^^^^^^^^^^^^^^^^^^^
2026-01-30 11:07:12 +01:00:   File "/opt/Tennis_Booking/venv/lib/python3.12/site-packages/gunicorn/http/message.py", line 274, in parse
2026-01-30 11:07:12 +01:00:     line, rbuf = self.read_line(unreader, buf, self.limit_request_line)
2026-01-30 11:07:12 +01:00:                  ^^^^^^^^^^^^^^^^^^^^^^^^^^^^^^^^^^^^^^^^^^^^^^^^^^^^^^
2026-01-30 11:07:12 +01:00:   File "/opt/Tennis_Booking/venv/lib/python3.12/site-packages/gunicorn/http/message.py", line 326, in read_line
2026-01-30 11:07:12 +01:00:     self.get_data(unreader, buf)
2026-01-30 11:07:12 +01:00:   File "/opt/Tennis_Booking/venv/lib/python3.12/site-packages/gunicorn/http/message.py", line 262, in get_data
2026-01-30 11:07:12 +01:00:     data = unreader.read()
2026-01-30 11:07:12 +01:00:            ^^^^^^^^^^^^^^^
2026-01-30 11:07:12 +01:00:   File "/opt/Tennis_Booking/venv/lib/python3.12/site-packages/gunicorn/http/unreader.py", line 36, in read
2026-01-30 11:07:12 +01:00:     d = self.chunk()
2026-01-30 11:07:12 +01:00:         ^^^^^^^^^^^^
2026-01-30 11:07:12 +01:00:   File "/opt/Tennis_Booking/venv/lib/python3.12/site-packages/gunicorn/http/unreader.py", line 63, in chunk
2026-01-30 11:07:12 +01:00:     return self.sock.recv(self.mxchunk)
2026-01-30 11:07:12 +01:00:            ^^^^^^^^^^^^^^^^^^^^^^^^^^^^
2026-01-30 11:07:12 +01:00:   File "/opt/Tennis_Booking/venv/lib/python3.12/site-packages/gunicorn/workers/base.py", line 204, in handle_abort
2026-01-30 11:07:12 +01:00:     sys.exit(1)
2026-01-30 11:07:12 +01:00: SystemExit: 1
2026-01-30 11:07:12 +01:00: [2026-01-30 11:07:12 +0100] [3112990] [INFO] Worker exiting (pid: 3112990)
2026-01-30 11:07:12 +01:00: [2026-01-30 11:07:12 +0100] [3198291] [INFO] Booting worker with pid: 3198291
2026-01-30 13:50:46 +01:00: [2026-01-30 13:50:46 +0100] [3198291] [WARNING] Invalid request from ip=167.94.138.179: Invalid HTTP Version: (2, 0)
2026-01-30 13:51:27 +01:00: [2026-01-30 13:51:27 +0100] [3048329] [WARNING] Invalid request from ip=206.168.34.48: Invalid HTTP Version: (2, 0)
2026-01-31 02:47:41 +01:00: [2026-01-31 02:47:41 +0100] [3048329] [WARNING] Invalid request from ip=66.132.153.141: Invalid HTTP Version: (2, 0)
2026-01-31 02:48:56 +01:00: [2026-01-31 02:48:56 +0100] [3198291] [WARNING] Invalid request from ip=206.168.34.205: Invalid HTTP Version: (2, 0)
2026-01-31 14:35:30 +01:00: [2026-01-31 14:35:30 +0100] [3198291] [WARNING] Invalid request from ip=3.137.73.221: Invalid HTTP request line: 'SSH-2.0-Go'
2026-01-31 15:49:59 +01:00: [2026-01-31 15:49:59 +0100] [3198291] [WARNING] Invalid request from ip=206.168.34.57: Invalid HTTP Version: (2, 0)
2026-01-31 15:50:15 +01:00: [2026-01-31 15:50:15 +0100] [3048329] [WARNING] Invalid request from ip=167.94.138.169: Invalid HTTP Version: (2, 0)
2026-01-31 20:31:17 +01:00: [2026-01-31 20:31:17 +0100] [3048326] [CRITICAL] WORKER TIMEOUT (pid:3198291)
2026-01-31 20:31:17 +01:00: [2026-01-31 20:31:17 +0100] [3198291] [ERROR] Error handling request (no URI read)
2026-01-31 20:31:17 +01:00: Traceback (most recent call last):
2026-01-31 20:31:17 +01:00:   File "/opt/Tennis_Booking/venv/lib/python3.12/site-packages/gunicorn/workers/sync.py", line 133, in handle
2026-01-31 20:31:17 +01:00:     req = next(parser)
2026-01-31 20:31:17 +01:00:           ^^^^^^^^^^^^
2026-01-31 20:31:17 +01:00:   File "/opt/Tennis_Booking/venv/lib/python3.12/site-packages/gunicorn/http/parser.py", line 41, in __next__
2026-01-31 20:31:17 +01:00:     self.mesg = self.mesg_class(self.cfg, self.unreader, self.source_addr, self.req_count)
2026-01-31 20:31:17 +01:00:                 ^^^^^^^^^^^^^^^^^^^^^^^^^^^^^^^^^^^^^^^^^^^^^^^^^^^^^^^^^^^^^^^^^^^^^^^^^^
2026-01-31 20:31:17 +01:00:   File "/opt/Tennis_Booking/venv/lib/python3.12/site-packages/gunicorn/http/message.py", line 259, in __init__
2026-01-31 20:31:17 +01:00:     super().__init__(cfg, unreader, peer_addr)
2026-01-31 20:31:17 +01:00:   File "/opt/Tennis_Booking/venv/lib/python3.12/site-packages/gunicorn/http/message.py", line 60, in __init__
2026-01-31 20:31:17 +01:00:     unused = self.parse(self.unreader)
2026-01-31 20:31:17 +01:00:              ^^^^^^^^^^^^^^^^^^^^^^^^^
2026-01-31 20:31:17 +01:00:   File "/opt/Tennis_Booking/venv/lib/python3.12/site-packages/gunicorn/http/message.py", line 274, in parse
2026-01-31 20:31:17 +01:00:     line, rbuf = self.read_line(unreader, buf, self.limit_request_line)
2026-01-31 20:31:17 +01:00:                  ^^^^^^^^^^^^^^^^^^^^^^^^^^^^^^^^^^^^^^^^^^^^^^^^^^^^^^
2026-01-31 20:31:17 +01:00:   File "/opt/Tennis_Booking/venv/lib/python3.12/site-packages/gunicorn/http/message.py", line 326, in read_line
2026-01-31 20:31:17 +01:00:     self.get_data(unreader, buf)
2026-01-31 20:31:17 +01:00:   File "/opt/Tennis_Booking/venv/lib/python3.12/site-packages/gunicorn/http/message.py", line 262, in get_data
2026-01-31 20:31:17 +01:00:     data = unreader.read()
2026-01-31 20:31:17 +01:00:            ^^^^^^^^^^^^^^^
2026-01-31 20:31:17 +01:00:   File "/opt/Tennis_Booking/venv/lib/python3.12/site-packages/gunicorn/http/unreader.py", line 36, in read
2026-01-31 20:31:17 +01:00:     d = self.chunk()
2026-01-31 20:31:17 +01:00:         ^^^^^^^^^^^^
2026-01-31 20:31:17 +01:00:   File "/opt/Tennis_Booking/venv/lib/python3.12/site-packages/gunicorn/http/unreader.py", line 63, in chunk
2026-01-31 20:31:17 +01:00:     return self.sock.recv(self.mxchunk)
2026-01-31 20:31:17 +01:00:            ^^^^^^^^^^^^^^^^^^^^^^^^^^^^
2026-01-31 20:31:17 +01:00:   File "/opt/Tennis_Booking/venv/lib/python3.12/site-packages/gunicorn/workers/base.py", line 204, in handle_abort
2026-01-31 20:31:17 +01:00:     sys.exit(1)
2026-01-31 20:31:17 +01:00: SystemExit: 1
2026-01-31 20:31:17 +01:00: [2026-01-31 20:31:17 +0100] [3198291] [INFO] Worker exiting (pid: 3198291)
2026-01-31 20:31:17 +01:00: [2026-01-31 20:31:17 +0100] [3273439] [INFO] Booting worker with pid: 3273439
2026-01-31 23:38:20 +01:00: [2026-01-31 23:38:20 +0100] [3273439] [WARNING] Invalid request from ip=18.175.159.221: Invalid HTTP method: '\x16\x03\x01\x02\x00\x01\x00\x01ü\x03\x03èíü\xa0Í,>uri\x92r\x987\x9e\x81í~v[\x14d\x17O,\x16¸\x0c\x9dp\x86\x1a'
2026-02-01 04:53:35 +01:00: [2026-02-01 04:53:35 +0100] [3048329] [WARNING] Invalid request from ip=167.94.138.185: Invalid HTTP Version: (2, 0)
2026-02-01 04:53:35 +01:00: [2026-02-01 04:53:35 +0100] [3048329] [WARNING] Invalid request from ip=167.94.138.185: Invalid HTTP Version: (2, 0)
2026-02-01 14:23:16 +01:00: [2026-02-01 14:23:16 +0100] [3048329] [WARNING] Invalid request from ip=3.143.33.63: Invalid HTTP request line: 'SSH-2.0-Go'
2026-02-01 17:50:34 +01:00: [2026-02-01 17:50:34 +0100] [3048329] [WARNING] Invalid request from ip=66.132.153.120: Invalid HTTP Version: (2, 0)
2026-02-01 17:52:15 +01:00: [2026-02-01 17:52:15 +0100] [3273439] [WARNING] Invalid request from ip=167.94.138.116: Invalid HTTP Version: (2, 0)
2026-02-01 17:52:47 +01:00: [2026-02-01 17:52:47 +0100] [3273439] [WARNING] Invalid request from ip=206.168.34.41: Invalid HTTP Version: (2, 0)
2026-02-01 17:53:18 +01:00: [2026-02-01 17:53:18 +0100] [3048329] [WARNING] Invalid request from ip=206.168.34.211: Invalid HTTP Version: (2, 0)
2026-02-02 06:47:14 +01:00: [2026-02-02 06:47:14 +0100] [3273439] [WARNING] Invalid request from ip=66.132.153.123: Invalid HTTP Version: (2, 0)
2026-02-02 06:47:14 +01:00: [2026-02-02 06:47:14 +0100] [3273439] [WARNING] Invalid request from ip=66.132.153.123: Invalid HTTP Version: (2, 0)
2026-02-02 19:47:32 +01:00: [2026-02-02 19:47:32 +0100] [3273439] [WARNING] Invalid request from ip=167.94.138.183: Invalid HTTP Version: (2, 0)
2026-02-02 19:47:32 +01:00: [2026-02-02 19:47:32 +0100] [3048329] [WARNING] Invalid request from ip=167.94.138.183: Invalid HTTP Version: (2, 0)
2026-02-02 20:09:51 +01:00: [2026-02-02 20:09:51 +0100] [3273439] [WARNING] Invalid request from ip=77.90.185.18: Invalid HTTP request line: '\x03\x00\x00/*à\x00\x00\x00\x00\x00Cookie: mstshash=Administr'
2026-02-03 00:56:07 +01:00: [2026-02-03 00:56:07 +0100] [3273439] [WARNING] Invalid request from ip=77.90.185.18: Invalid HTTP request line: '\x03\x00\x00/*à\x00\x00\x00\x00\x00Cookie: mstshash=Administr'
2026-02-03 02:02:38 +01:00: [2026-02-03 02:02:38 +0100] [3048329] [WARNING] Invalid request from ip=172.234.162.56: Invalid HTTP request line: ''
2026-02-03 02:02:38 +01:00: [2026-02-03 02:02:38 +0100] [3273439] [WARNING] Invalid request from ip=172.234.162.56: Invalid HTTP Version: 'RTSP/1.0'
2026-02-03 02:02:53 +01:00: [2026-02-03 02:02:53 +0100] [3273439] [WARNING] Invalid request from ip=172.234.162.56: Invalid HTTP request line: 'HELP'
2026-02-03 02:02:58 +01:00: [2026-02-03 02:02:58 +0100] [3048329] [WARNING] Invalid request from ip=172.234.162.56: Invalid HTTP request line: '\x03\x00\x00*%à\x00\x00\x00\x00\x00Cookie: mstshash=nmap'
2026-02-03 02:03:33 +01:00: [2026-02-03 02:03:33 +0100] [3273439] [WARNING] Invalid request from ip=172.234.162.56: Invalid HTTP Version: 'SIP/2.0'
2026-02-03 03:52:29 +01:00: [2026-02-03 03:52:29 +0100] [3048329] [WARNING] Invalid request from ip=3.132.23.201: Invalid HTTP request line: 'SSH-2.0-Go'
2026-02-03 04:46:03 +01:00: [2026-02-03 04:46:03 +0100] [3273439] [WARNING] Invalid request from ip=3.130.96.91: Invalid HTTP request line: 'SSH-2.0-Go'
2026-02-03 08:51:14 +01:00: [2026-02-03 08:51:14 +0100] [3048329] [WARNING] Invalid request from ip=162.142.125.119: Invalid HTTP Version: (2, 0)
2026-02-03 08:51:14 +01:00: [2026-02-03 08:51:14 +0100] [3273439] [WARNING] Invalid request from ip=162.142.125.119: Invalid HTTP Version: (2, 0)
2026-02-03 21:51:15 +01:00: [2026-02-03 21:51:15 +0100] [3048329] [WARNING] Invalid request from ip=162.142.125.216: Invalid HTTP Version: (2, 0)
2026-02-03 21:52:50 +01:00: [2026-02-03 21:52:50 +0100] [3048329] [WARNING] Invalid request from ip=167.94.138.46: Invalid HTTP Version: (2, 0)
2026-02-04 04:16:00 +01:00: [2026-02-04 04:16:00 +0100] [3048329] [WARNING] Invalid request from ip=3.130.96.91: Invalid HTTP request line: 'SSH-2.0-Go'
2026-02-04 10:47:36 +01:00: [2026-02-04 10:47:36 +0100] [3273439] [WARNING] Invalid request from ip=167.94.138.193: Invalid HTTP Version: (2, 0)
2026-02-04 10:51:18 +01:00: [2026-02-04 10:51:18 +0100] [3048329] [WARNING] Invalid request from ip=167.94.138.207: Invalid HTTP Version: (2, 0)
2026-02-04 11:43:54 +01:00: [2026-02-04 11:43:54 +0100] [3273439] [WARNING] Invalid request from ip=3.138.110.133: Invalid HTTP request line: 'SSH-2.0-Go'
2026-02-04 11:50:15 +01:00: [2026-02-04 11:50:15 +0100] [3273439] [WARNING] Invalid request from ip=52.15.101.224: Invalid HTTP request line: 'SSH-2.0-Go'
2026-02-04 11:55:33 +01:00: [2026-02-04 11:55:33 +0100] [3273439] [WARNING] Invalid request from ip=18.223.29.95: Invalid HTTP request line: 'SSH-2.0-Go'
2026-02-04 18:13:22 +01:00: [2026-02-04 18:13:22 +0100] [3048326] [CRITICAL] WORKER TIMEOUT (pid:3048329)
2026-02-04 18:13:22 +01:00: [2026-02-04 18:13:22 +0100] [3048329] [ERROR] Error handling request (no URI read)
2026-02-04 18:13:22 +01:00: Traceback (most recent call last):
2026-02-04 18:13:22 +01:00:   File "/opt/Tennis_Booking/venv/lib/python3.12/site-packages/gunicorn/workers/sync.py", line 133, in handle
2026-02-04 18:13:22 +01:00:     req = next(parser)
2026-02-04 18:13:22 +01:00:           ^^^^^^^^^^^^
2026-02-04 18:13:22 +01:00:   File "/opt/Tennis_Booking/venv/lib/python3.12/site-packages/gunicorn/http/parser.py", line 41, in __next__
2026-02-04 18:13:22 +01:00:     self.mesg = self.mesg_class(self.cfg, self.unreader, self.source_addr, self.req_count)
2026-02-04 18:13:22 +01:00:                 ^^^^^^^^^^^^^^^^^^^^^^^^^^^^^^^^^^^^^^^^^^^^^^^^^^^^^^^^^^^^^^^^^^^^^^^^^^
2026-02-04 18:13:22 +01:00:   File "/opt/Tennis_Booking/venv/lib/python3.12/site-packages/gunicorn/http/message.py", line 259, in __init__
2026-02-04 18:13:22 +01:00:     super().__init__(cfg, unreader, peer_addr)
2026-02-04 18:13:22 +01:00:   File "/opt/Tennis_Booking/venv/lib/python3.12/site-packages/gunicorn/http/message.py", line 60, in __init__
2026-02-04 18:13:22 +01:00:     unused = self.parse(self.unreader)
2026-02-04 18:13:22 +01:00:              ^^^^^^^^^^^^^^^^^^^^^^^^^
2026-02-04 18:13:22 +01:00:   File "/opt/Tennis_Booking/venv/lib/python3.12/site-packages/gunicorn/http/message.py", line 274, in parse
2026-02-04 18:13:22 +01:00:     line, rbuf = self.read_line(unreader, buf, self.limit_request_line)
2026-02-04 18:13:22 +01:00:                  ^^^^^^^^^^^^^^^^^^^^^^^^^^^^^^^^^^^^^^^^^^^^^^^^^^^^^^
2026-02-04 18:13:22 +01:00:   File "/opt/Tennis_Booking/venv/lib/python3.12/site-packages/gunicorn/http/message.py", line 326, in read_line
2026-02-04 18:13:22 +01:00:     self.get_data(unreader, buf)
2026-02-04 18:13:22 +01:00:   File "/opt/Tennis_Booking/venv/lib/python3.12/site-packages/gunicorn/http/message.py", line 262, in get_data
2026-02-04 18:13:22 +01:00:     data = unreader.read()
2026-02-04 18:13:22 +01:00:            ^^^^^^^^^^^^^^^
2026-02-04 18:13:22 +01:00:   File "/opt/Tennis_Booking/venv/lib/python3.12/site-packages/gunicorn/http/unreader.py", line 36, in read
2026-02-04 18:13:22 +01:00:     d = self.chunk()
2026-02-04 18:13:22 +01:00:         ^^^^^^^^^^^^
2026-02-04 18:13:22 +01:00:   File "/opt/Tennis_Booking/venv/lib/python3.12/site-packages/gunicorn/http/unreader.py", line 63, in chunk
2026-02-04 18:13:22 +01:00:     return self.sock.recv(self.mxchunk)
2026-02-04 18:13:22 +01:00:            ^^^^^^^^^^^^^^^^^^^^^^^^^^^^
2026-02-04 18:13:22 +01:00:   File "/opt/Tennis_Booking/venv/lib/python3.12/site-packages/gunicorn/workers/base.py", line 204, in handle_abort
2026-02-04 18:13:22 +01:00:     sys.exit(1)
2026-02-04 18:13:22 +01:00: SystemExit: 1
2026-02-04 18:13:22 +01:00: [2026-02-04 18:13:22 +0100] [3048329] [INFO] Worker exiting (pid: 3048329)
2026-02-04 18:13:23 +01:00: [2026-02-04 18:13:23 +0100] [3460000] [INFO] Booting worker with pid: 3460000
2026-02-04 21:57:54 +01:00: [2026-02-04 21:57:54 +0100] [3048326] [CRITICAL] WORKER TIMEOUT (pid:3273439)
2026-02-04 21:57:54 +01:00: [2026-02-04 21:57:54 +0100] [3273439] [ERROR] Error handling request (no URI read)
2026-02-04 21:57:54 +01:00: Traceback (most recent call last):
2026-02-04 21:57:54 +01:00:   File "/opt/Tennis_Booking/venv/lib/python3.12/site-packages/gunicorn/workers/sync.py", line 133, in handle
2026-02-04 21:57:54 +01:00:     req = next(parser)
2026-02-04 21:57:54 +01:00:           ^^^^^^^^^^^^
2026-02-04 21:57:54 +01:00:   File "/opt/Tennis_Booking/venv/lib/python3.12/site-packages/gunicorn/http/parser.py", line 41, in __next__
2026-02-04 21:57:54 +01:00:     self.mesg = self.mesg_class(self.cfg, self.unreader, self.source_addr, self.req_count)
2026-02-04 21:57:54 +01:00:                 ^^^^^^^^^^^^^^^^^^^^^^^^^^^^^^^^^^^^^^^^^^^^^^^^^^^^^^^^^^^^^^^^^^^^^^^^^^
2026-02-04 21:57:54 +01:00:   File "/opt/Tennis_Booking/venv/lib/python3.12/site-packages/gunicorn/http/message.py", line 259, in __init__
2026-02-04 21:57:54 +01:00:     super().__init__(cfg, unreader, peer_addr)
2026-02-04 21:57:54 +01:00:   File "/opt/Tennis_Booking/venv/lib/python3.12/site-packages/gunicorn/http/message.py", line 60, in __init__
2026-02-04 21:57:54 +01:00:     unused = self.parse(self.unreader)
2026-02-04 21:57:54 +01:00:              ^^^^^^^^^^^^^^^^^^^^^^^^^
2026-02-04 21:57:54 +01:00:   File "/opt/Tennis_Booking/venv/lib/python3.12/site-packages/gunicorn/http/message.py", line 274, in parse
2026-02-04 21:57:54 +01:00:     line, rbuf = self.read_line(unreader, buf, self.limit_request_line)
2026-02-04 21:57:54 +01:00:                  ^^^^^^^^^^^^^^^^^^^^^^^^^^^^^^^^^^^^^^^^^^^^^^^^^^^^^^
2026-02-04 21:57:54 +01:00:   File "/opt/Tennis_Booking/venv/lib/python3.12/site-packages/gunicorn/http/message.py", line 326, in read_line
2026-02-04 21:57:54 +01:00:     self.get_data(unreader, buf)
2026-02-04 21:57:54 +01:00:   File "/opt/Tennis_Booking/venv/lib/python3.12/site-packages/gunicorn/http/message.py", line 262, in get_data
2026-02-04 21:57:54 +01:00:     data = unreader.read()
2026-02-04 21:57:54 +01:00:            ^^^^^^^^^^^^^^^
2026-02-04 21:57:54 +01:00:   File "/opt/Tennis_Booking/venv/lib/python3.12/site-packages/gunicorn/http/unreader.py", line 36, in read
2026-02-04 21:57:54 +01:00:     d = self.chunk()
2026-02-04 21:57:54 +01:00:         ^^^^^^^^^^^^
2026-02-04 21:57:54 +01:00:   File "/opt/Tennis_Booking/venv/lib/python3.12/site-packages/gunicorn/http/unreader.py", line 63, in chunk
2026-02-04 21:57:54 +01:00:     return self.sock.recv(self.mxchunk)
2026-02-04 21:57:54 +01:00:            ^^^^^^^^^^^^^^^^^^^^^^^^^^^^
2026-02-04 21:57:54 +01:00:   File "/opt/Tennis_Booking/venv/lib/python3.12/site-packages/gunicorn/workers/base.py", line 204, in handle_abort
2026-02-04 21:57:54 +01:00:     sys.exit(1)
2026-02-04 21:57:54 +01:00: SystemExit: 1
2026-02-04 21:57:54 +01:00: [2026-02-04 21:57:54 +0100] [3273439] [INFO] Worker exiting (pid: 3273439)
2026-02-04 21:57:54 +01:00: [2026-02-04 21:57:54 +0100] [3465922] [INFO] Booting worker with pid: 3465922
2026-02-04 23:48:08 +01:00: [2026-02-04 23:48:08 +0100] [3465922] [WARNING] Invalid request from ip=162.142.125.199: Invalid HTTP Version: (2, 0)
2026-02-04 23:48:11 +01:00: [2026-02-04 23:48:11 +0100] [3460000] [WARNING] Invalid request from ip=162.142.125.199: Invalid HTTP Version: (2, 0)
2026-02-05 11:17:04 +01:00: [2026-02-05 11:17:04 +0100] [3048326] [CRITICAL] WORKER TIMEOUT (pid:3460000)
2026-02-05 11:17:04 +01:00: [2026-02-05 11:17:04 +0100] [3460000] [ERROR] Error handling request (no URI read)
2026-02-05 11:17:04 +01:00: Traceback (most recent call last):
2026-02-05 11:17:04 +01:00:   File "/opt/Tennis_Booking/venv/lib/python3.12/site-packages/gunicorn/workers/sync.py", line 133, in handle
2026-02-05 11:17:04 +01:00:     req = next(parser)
2026-02-05 11:17:04 +01:00:           ^^^^^^^^^^^^
2026-02-05 11:17:04 +01:00:   File "/opt/Tennis_Booking/venv/lib/python3.12/site-packages/gunicorn/http/parser.py", line 41, in __next__
2026-02-05 11:17:04 +01:00:     self.mesg = self.mesg_class(self.cfg, self.unreader, self.source_addr, self.req_count)
2026-02-05 11:17:04 +01:00:                 ^^^^^^^^^^^^^^^^^^^^^^^^^^^^^^^^^^^^^^^^^^^^^^^^^^^^^^^^^^^^^^^^^^^^^^^^^^
2026-02-05 11:17:04 +01:00:   File "/opt/Tennis_Booking/venv/lib/python3.12/site-packages/gunicorn/http/message.py", line 259, in __init__
2026-02-05 11:17:04 +01:00:     super().__init__(cfg, unreader, peer_addr)
2026-02-05 11:17:04 +01:00:   File "/opt/Tennis_Booking/venv/lib/python3.12/site-packages/gunicorn/http/message.py", line 60, in __init__
2026-02-05 11:17:04 +01:00:     unused = self.parse(self.unreader)
2026-02-05 11:17:04 +01:00:              ^^^^^^^^^^^^^^^^^^^^^^^^^
2026-02-05 11:17:04 +01:00:   File "/opt/Tennis_Booking/venv/lib/python3.12/site-packages/gunicorn/http/message.py", line 274, in parse
2026-02-05 11:17:04 +01:00:     line, rbuf = self.read_line(unreader, buf, self.limit_request_line)
2026-02-05 11:17:04 +01:00:                  ^^^^^^^^^^^^^^^^^^^^^^^^^^^^^^^^^^^^^^^^^^^^^^^^^^^^^^
2026-02-05 11:17:04 +01:00:   File "/opt/Tennis_Booking/venv/lib/python3.12/site-packages/gunicorn/http/message.py", line 326, in read_line
2026-02-05 11:17:04 +01:00:     self.get_data(unreader, buf)
2026-02-05 11:17:04 +01:00:   File "/opt/Tennis_Booking/venv/lib/python3.12/site-packages/gunicorn/http/message.py", line 262, in get_data
2026-02-05 11:17:04 +01:00:     data = unreader.read()
2026-02-05 11:17:04 +01:00:            ^^^^^^^^^^^^^^^
2026-02-05 11:17:04 +01:00:   File "/opt/Tennis_Booking/venv/lib/python3.12/site-packages/gunicorn/http/unreader.py", line 36, in read
2026-02-05 11:17:04 +01:00:     d = self.chunk()
2026-02-05 11:17:04 +01:00:         ^^^^^^^^^^^^
2026-02-05 11:17:04 +01:00:   File "/opt/Tennis_Booking/venv/lib/python3.12/site-packages/gunicorn/http/unreader.py", line 63, in chunk
2026-02-05 11:17:04 +01:00:     return self.sock.recv(self.mxchunk)
2026-02-05 11:17:04 +01:00:            ^^^^^^^^^^^^^^^^^^^^^^^^^^^^
2026-02-05 11:17:04 +01:00:   File "/opt/Tennis_Booking/venv/lib/python3.12/site-packages/gunicorn/workers/base.py", line 204, in handle_abort
2026-02-05 11:17:04 +01:00:     sys.exit(1)
2026-02-05 11:17:04 +01:00: SystemExit: 1
2026-02-05 11:17:04 +01:00: [2026-02-05 11:17:04 +0100] [3460000] [INFO] Worker exiting (pid: 3460000)
2026-02-05 11:17:05 +01:00: [2026-02-05 11:17:05 +0100] [3497189] [INFO] Booting worker with pid: 3497189
2026-02-05 23:43:02 +01:00: [2026-02-05 23:43:02 +0100] [3465922] [WARNING] Invalid request from ip=193.29.13.64: Invalid HTTP request line: '\x03\x00\x00/*à\x00\x00\x00\x00\x00Cookie: mstshash=Administr'
2026-02-06 01:00:09 +01:00: [2026-02-06 01:00:09 +0100] [3497189] [WARNING] Invalid request from ip=206.168.34.217: Invalid HTTP Version: (2, 0)
2026-02-06 13:52:26 +01:00: [2026-02-06 13:52:26 +0100] [3497189] [WARNING] Invalid request from ip=167.94.138.40: Invalid HTTP Version: (2, 0)
2026-02-06 13:53:01 +01:00: [2026-02-06 13:53:01 +0100] [3497189] [WARNING] Invalid request from ip=167.94.138.121: Invalid HTTP Version: (2, 0)
2026-02-06 18:28:34 +01:00: [2026-02-06 18:28:34 +0100] [3465922] [WARNING] Invalid request from ip=66.132.153.142: Invalid HTTP Version: (2, 0)
2026-02-07 02:22:29 +01:00: [2026-02-07 02:22:29 +0100] [3497189] [WARNING] Invalid request from ip=13.59.157.137: Invalid HTTP request line: 'SSH-2.0-Go'
2026-02-07 02:23:47 +01:00: [2026-02-07 02:23:47 +0100] [3465922] [WARNING] Invalid request from ip=3.137.194.242: Invalid HTTP request line: 'SSH-2.0-Go'
2026-02-07 02:28:07 +01:00: [2026-02-07 02:28:07 +0100] [3465922] [WARNING] Invalid request from ip=18.218.100.167: Invalid HTTP request line: 'SSH-2.0-Go'
2026-02-07 05:59:11 +01:00: [2026-02-07 05:59:11 +0100] [3497189] [WARNING] Invalid request from ip=69.5.22.116: Invalid HTTP method: '\x16\x03\x01\x05Â\x01\x00\x05¾\x03\x03¥v\x1a+\x00i\x1d[)'
2026-02-07 06:01:13 +01:00: [2026-02-07 06:01:13 +0100] [3048326] [CRITICAL] WORKER TIMEOUT (pid:3465922)
2026-02-07 06:01:13 +01:00: [2026-02-07 06:01:13 +0100] [3465922] [ERROR] Error handling request (no URI read)
2026-02-07 06:01:13 +01:00: Traceback (most recent call last):
2026-02-07 06:01:13 +01:00:   File "/opt/Tennis_Booking/venv/lib/python3.12/site-packages/gunicorn/workers/sync.py", line 133, in handle
2026-02-07 06:01:13 +01:00:     req = next(parser)
2026-02-07 06:01:13 +01:00:           ^^^^^^^^^^^^
2026-02-07 06:01:13 +01:00:   File "/opt/Tennis_Booking/venv/lib/python3.12/site-packages/gunicorn/http/parser.py", line 41, in __next__
2026-02-07 06:01:13 +01:00:     self.mesg = self.mesg_class(self.cfg, self.unreader, self.source_addr, self.req_count)
2026-02-07 06:01:13 +01:00:                 ^^^^^^^^^^^^^^^^^^^^^^^^^^^^^^^^^^^^^^^^^^^^^^^^^^^^^^^^^^^^^^^^^^^^^^^^^^
2026-02-07 06:01:13 +01:00:   File "/opt/Tennis_Booking/venv/lib/python3.12/site-packages/gunicorn/http/message.py", line 259, in __init__
2026-02-07 06:01:13 +01:00:     super().__init__(cfg, unreader, peer_addr)
2026-02-07 06:01:13 +01:00:   File "/opt/Tennis_Booking/venv/lib/python3.12/site-packages/gunicorn/http/message.py", line 60, in __init__
2026-02-07 06:01:13 +01:00:     unused = self.parse(self.unreader)
2026-02-07 06:01:13 +01:00:              ^^^^^^^^^^^^^^^^^^^^^^^^^
2026-02-07 06:01:13 +01:00:   File "/opt/Tennis_Booking/venv/lib/python3.12/site-packages/gunicorn/http/message.py", line 274, in parse
2026-02-07 06:01:13 +01:00:     line, rbuf = self.read_line(unreader, buf, self.limit_request_line)
2026-02-07 06:01:13 +01:00:                  ^^^^^^^^^^^^^^^^^^^^^^^^^^^^^^^^^^^^^^^^^^^^^^^^^^^^^^
2026-02-07 06:01:13 +01:00:   File "/opt/Tennis_Booking/venv/lib/python3.12/site-packages/gunicorn/http/message.py", line 326, in read_line
2026-02-07 06:01:13 +01:00:     self.get_data(unreader, buf)
2026-02-07 06:01:13 +01:00:   File "/opt/Tennis_Booking/venv/lib/python3.12/site-packages/gunicorn/http/message.py", line 262, in get_data
2026-02-07 06:01:13 +01:00:     data = unreader.read()
2026-02-07 06:01:13 +01:00:            ^^^^^^^^^^^^^^^
2026-02-07 06:01:13 +01:00:   File "/opt/Tennis_Booking/venv/lib/python3.12/site-packages/gunicorn/http/unreader.py", line 36, in read
2026-02-07 06:01:13 +01:00:     d = self.chunk()
2026-02-07 06:01:13 +01:00:         ^^^^^^^^^^^^
2026-02-07 06:01:13 +01:00:   File "/opt/Tennis_Booking/venv/lib/python3.12/site-packages/gunicorn/http/unreader.py", line 63, in chunk
2026-02-07 06:01:13 +01:00:     return self.sock.recv(self.mxchunk)
2026-02-07 06:01:13 +01:00:            ^^^^^^^^^^^^^^^^^^^^^^^^^^^^
2026-02-07 06:01:13 +01:00:   File "/opt/Tennis_Booking/venv/lib/python3.12/site-packages/gunicorn/workers/base.py", line 204, in handle_abort
2026-02-07 06:01:13 +01:00:     sys.exit(1)
2026-02-07 06:01:13 +01:00: SystemExit: 1
2026-02-07 06:01:13 +01:00: [2026-02-07 06:01:13 +0100] [3465922] [INFO] Worker exiting (pid: 3465922)
2026-02-07 06:01:13 +01:00: [2026-02-07 06:01:13 +0100] [3588865] [INFO] Booting worker with pid: 3588865
2026-02-07 11:35:40 +01:00: [2026-02-07 11:35:40 +0100] [3497189] [WARNING] Invalid request from ip=3.137.194.242: Invalid HTTP request line: 'SSH-2.0-Go'
2026-02-07 11:39:05 +01:00: [2026-02-07 11:39:05 +0100] [3588865] [WARNING] Invalid request from ip=18.219.216.206: Invalid HTTP request line: 'SSH-2.0-Go'
2026-02-07 11:40:32 +01:00: [2026-02-07 11:40:32 +0100] [3497189] [WARNING] Invalid request from ip=13.59.157.137: Invalid HTTP request line: 'SSH-2.0-Go'
2026-02-07 13:57:23 +01:00: [2026-02-07 13:57:23 +0100] [3497189] [WARNING] Invalid request from ip=77.90.185.18: Invalid HTTP request line: '\x03\x00\x00/*à\x00\x00\x00\x00\x00Cookie: mstshash=Administr'
2026-02-07 15:20:52 +01:00: [2026-02-07 15:20:52 +0100] [3048326] [CRITICAL] WORKER TIMEOUT (pid:3497189)
2026-02-07 15:20:52 +01:00: [2026-02-07 15:20:52 +0100] [3497189] [ERROR] Error handling request (no URI read)
2026-02-07 15:20:52 +01:00: Traceback (most recent call last):
2026-02-07 15:20:52 +01:00:   File "/opt/Tennis_Booking/venv/lib/python3.12/site-packages/gunicorn/workers/sync.py", line 133, in handle
2026-02-07 15:20:52 +01:00:     req = next(parser)
2026-02-07 15:20:52 +01:00:           ^^^^^^^^^^^^
2026-02-07 15:20:52 +01:00:   File "/opt/Tennis_Booking/venv/lib/python3.12/site-packages/gunicorn/http/parser.py", line 41, in __next__
2026-02-07 15:20:52 +01:00:     self.mesg = self.mesg_class(self.cfg, self.unreader, self.source_addr, self.req_count)
2026-02-07 15:20:52 +01:00:                 ^^^^^^^^^^^^^^^^^^^^^^^^^^^^^^^^^^^^^^^^^^^^^^^^^^^^^^^^^^^^^^^^^^^^^^^^^^
2026-02-07 15:20:52 +01:00:   File "/opt/Tennis_Booking/venv/lib/python3.12/site-packages/gunicorn/http/message.py", line 259, in __init__
2026-02-07 15:20:52 +01:00:     super().__init__(cfg, unreader, peer_addr)
2026-02-07 15:20:52 +01:00:   File "/opt/Tennis_Booking/venv/lib/python3.12/site-packages/gunicorn/http/message.py", line 60, in __init__
2026-02-07 15:20:52 +01:00:     unused = self.parse(self.unreader)
2026-02-07 15:20:52 +01:00:              ^^^^^^^^^^^^^^^^^^^^^^^^^
2026-02-07 15:20:52 +01:00:   File "/opt/Tennis_Booking/venv/lib/python3.12/site-packages/gunicorn/http/message.py", line 274, in parse
2026-02-07 15:20:52 +01:00:     line, rbuf = self.read_line(unreader, buf, self.limit_request_line)
2026-02-07 15:20:52 +01:00:                  ^^^^^^^^^^^^^^^^^^^^^^^^^^^^^^^^^^^^^^^^^^^^^^^^^^^^^^
2026-02-07 15:20:52 +01:00:   File "/opt/Tennis_Booking/venv/lib/python3.12/site-packages/gunicorn/http/message.py", line 326, in read_line
2026-02-07 15:20:52 +01:00:     self.get_data(unreader, buf)
2026-02-07 15:20:52 +01:00:   File "/opt/Tennis_Booking/venv/lib/python3.12/site-packages/gunicorn/http/message.py", line 262, in get_data
2026-02-07 15:20:52 +01:00:     data = unreader.read()
2026-02-07 15:20:52 +01:00:            ^^^^^^^^^^^^^^^
2026-02-07 15:20:52 +01:00:   File "/opt/Tennis_Booking/venv/lib/python3.12/site-packages/gunicorn/http/unreader.py", line 36, in read
2026-02-07 15:20:52 +01:00:     d = self.chunk()
2026-02-07 15:20:52 +01:00:         ^^^^^^^^^^^^
2026-02-07 15:20:52 +01:00:   File "/opt/Tennis_Booking/venv/lib/python3.12/site-packages/gunicorn/http/unreader.py", line 63, in chunk
2026-02-07 15:20:52 +01:00:     return self.sock.recv(self.mxchunk)
2026-02-07 15:20:52 +01:00:            ^^^^^^^^^^^^^^^^^^^^^^^^^^^^
2026-02-07 15:20:52 +01:00:   File "/opt/Tennis_Booking/venv/lib/python3.12/site-packages/gunicorn/workers/base.py", line 204, in handle_abort
2026-02-07 15:20:52 +01:00:     sys.exit(1)
2026-02-07 15:20:52 +01:00: SystemExit: 1
2026-02-07 15:20:52 +01:00: [2026-02-07 15:20:52 +0100] [3497189] [INFO] Worker exiting (pid: 3497189)
2026-02-07 15:20:52 +01:00: [2026-02-07 15:20:52 +0100] [3606325] [INFO] Booting worker with pid: 3606325
2026-02-07 15:21:08 +01:00: [2026-02-07 15:21:08 +0100] [3048326] [CRITICAL] WORKER TIMEOUT (pid:3588865)
2026-02-07 15:21:08 +01:00: [2026-02-07 15:21:08 +0100] [3588865] [ERROR] Error handling request (no URI read)
2026-02-07 15:21:08 +01:00: Traceback (most recent call last):
2026-02-07 15:21:08 +01:00:   File "/opt/Tennis_Booking/venv/lib/python3.12/site-packages/gunicorn/workers/sync.py", line 133, in handle
2026-02-07 15:21:08 +01:00:     req = next(parser)
2026-02-07 15:21:08 +01:00:           ^^^^^^^^^^^^
2026-02-07 15:21:08 +01:00:   File "/opt/Tennis_Booking/venv/lib/python3.12/site-packages/gunicorn/http/parser.py", line 41, in __next__
2026-02-07 15:21:08 +01:00:     self.mesg = self.mesg_class(self.cfg, self.unreader, self.source_addr, self.req_count)
2026-02-07 15:21:08 +01:00:                 ^^^^^^^^^^^^^^^^^^^^^^^^^^^^^^^^^^^^^^^^^^^^^^^^^^^^^^^^^^^^^^^^^^^^^^^^^^
2026-02-07 15:21:08 +01:00:   File "/opt/Tennis_Booking/venv/lib/python3.12/site-packages/gunicorn/http/message.py", line 259, in __init__
2026-02-07 15:21:08 +01:00:     super().__init__(cfg, unreader, peer_addr)
2026-02-07 15:21:08 +01:00:   File "/opt/Tennis_Booking/venv/lib/python3.12/site-packages/gunicorn/http/message.py", line 60, in __init__
2026-02-07 15:21:08 +01:00:     unused = self.parse(self.unreader)
2026-02-07 15:21:08 +01:00:              ^^^^^^^^^^^^^^^^^^^^^^^^^
2026-02-07 15:21:08 +01:00:   File "/opt/Tennis_Booking/venv/lib/python3.12/site-packages/gunicorn/http/message.py", line 274, in parse
2026-02-07 15:21:08 +01:00:     line, rbuf = self.read_line(unreader, buf, self.limit_request_line)
2026-02-07 15:21:08 +01:00:                  ^^^^^^^^^^^^^^^^^^^^^^^^^^^^^^^^^^^^^^^^^^^^^^^^^^^^^^
2026-02-07 15:21:08 +01:00:   File "/opt/Tennis_Booking/venv/lib/python3.12/site-packages/gunicorn/http/message.py", line 326, in read_line
2026-02-07 15:21:08 +01:00:     self.get_data(unreader, buf)
2026-02-07 15:21:08 +01:00:   File "/opt/Tennis_Booking/venv/lib/python3.12/site-packages/gunicorn/http/message.py", line 262, in get_data
2026-02-07 15:21:08 +01:00:     data = unreader.read()
2026-02-07 15:21:08 +01:00:            ^^^^^^^^^^^^^^^
2026-02-07 15:21:08 +01:00:   File "/opt/Tennis_Booking/venv/lib/python3.12/site-packages/gunicorn/http/unreader.py", line 36, in read
2026-02-07 15:21:08 +01:00:     d = self.chunk()
2026-02-07 15:21:08 +01:00:         ^^^^^^^^^^^^
2026-02-07 15:21:08 +01:00:   File "/opt/Tennis_Booking/venv/lib/python3.12/site-packages/gunicorn/http/unreader.py", line 63, in chunk
2026-02-07 15:21:08 +01:00:     return self.sock.recv(self.mxchunk)
2026-02-07 15:21:08 +01:00:            ^^^^^^^^^^^^^^^^^^^^^^^^^^^^
2026-02-07 15:21:08 +01:00:   File "/opt/Tennis_Booking/venv/lib/python3.12/site-packages/gunicorn/workers/base.py", line 204, in handle_abort
2026-02-07 15:21:08 +01:00:     sys.exit(1)
2026-02-07 15:21:08 +01:00: SystemExit: 1
2026-02-07 15:21:08 +01:00: [2026-02-07 15:21:08 +0100] [3588865] [INFO] Worker exiting (pid: 3588865)
2026-02-07 15:21:08 +01:00: [2026-02-07 15:21:08 +0100] [3606336] [INFO] Booting worker with pid: 3606336
2026-02-07 15:22:54 +01:00: [2026-02-07 15:22:54 +0100] [3048326] [CRITICAL] WORKER TIMEOUT (pid:3606325)
2026-02-07 15:22:54 +01:00: [2026-02-07 15:22:54 +0100] [3606325] [ERROR] Error handling request (no URI read)
2026-02-07 15:22:54 +01:00: Traceback (most recent call last):
2026-02-07 15:22:54 +01:00:   File "/opt/Tennis_Booking/venv/lib/python3.12/site-packages/gunicorn/workers/sync.py", line 133, in handle
2026-02-07 15:22:54 +01:00:     req = next(parser)
2026-02-07 15:22:54 +01:00:           ^^^^^^^^^^^^
2026-02-07 15:22:54 +01:00:   File "/opt/Tennis_Booking/venv/lib/python3.12/site-packages/gunicorn/http/parser.py", line 41, in __next__
2026-02-07 15:22:54 +01:00:     self.mesg = self.mesg_class(self.cfg, self.unreader, self.source_addr, self.req_count)
2026-02-07 15:22:54 +01:00:                 ^^^^^^^^^^^^^^^^^^^^^^^^^^^^^^^^^^^^^^^^^^^^^^^^^^^^^^^^^^^^^^^^^^^^^^^^^^
2026-02-07 15:22:54 +01:00:   File "/opt/Tennis_Booking/venv/lib/python3.12/site-packages/gunicorn/http/message.py", line 259, in __init__
2026-02-07 15:22:54 +01:00:     super().__init__(cfg, unreader, peer_addr)
2026-02-07 15:22:54 +01:00:   File "/opt/Tennis_Booking/venv/lib/python3.12/site-packages/gunicorn/http/message.py", line 60, in __init__
2026-02-07 15:22:54 +01:00:     unused = self.parse(self.unreader)
2026-02-07 15:22:54 +01:00:              ^^^^^^^^^^^^^^^^^^^^^^^^^
2026-02-07 15:22:54 +01:00:   File "/opt/Tennis_Booking/venv/lib/python3.12/site-packages/gunicorn/http/message.py", line 274, in parse
2026-02-07 15:22:54 +01:00:     line, rbuf = self.read_line(unreader, buf, self.limit_request_line)
2026-02-07 15:22:54 +01:00:                  ^^^^^^^^^^^^^^^^^^^^^^^^^^^^^^^^^^^^^^^^^^^^^^^^^^^^^^
2026-02-07 15:22:54 +01:00:   File "/opt/Tennis_Booking/venv/lib/python3.12/site-packages/gunicorn/http/message.py", line 326, in read_line
2026-02-07 15:22:54 +01:00:     self.get_data(unreader, buf)
2026-02-07 15:22:54 +01:00:   File "/opt/Tennis_Booking/venv/lib/python3.12/site-packages/gunicorn/http/message.py", line 262, in get_data
2026-02-07 15:22:54 +01:00:     data = unreader.read()
2026-02-07 15:22:54 +01:00:            ^^^^^^^^^^^^^^^
2026-02-07 15:22:54 +01:00:   File "/opt/Tennis_Booking/venv/lib/python3.12/site-packages/gunicorn/http/unreader.py", line 36, in read
2026-02-07 15:22:54 +01:00:     d = self.chunk()
2026-02-07 15:22:54 +01:00:         ^^^^^^^^^^^^
2026-02-07 15:22:54 +01:00:   File "/opt/Tennis_Booking/venv/lib/python3.12/site-packages/gunicorn/http/unreader.py", line 63, in chunk
2026-02-07 15:22:54 +01:00:     return self.sock.recv(self.mxchunk)
2026-02-07 15:22:54 +01:00:            ^^^^^^^^^^^^^^^^^^^^^^^^^^^^
2026-02-07 15:22:54 +01:00:   File "/opt/Tennis_Booking/venv/lib/python3.12/site-packages/gunicorn/workers/base.py", line 204, in handle_abort
2026-02-07 15:22:54 +01:00:     sys.exit(1)
2026-02-07 15:22:54 +01:00: SystemExit: 1
2026-02-07 15:22:54 +01:00: [2026-02-07 15:22:54 +0100] [3606325] [INFO] Worker exiting (pid: 3606325)
2026-02-07 15:22:54 +01:00: [2026-02-07 15:22:54 +0100] [3606382] [INFO] Booting worker with pid: 3606382
2026-02-07 15:23:08 +01:00: [2026-02-07 15:23:08 +0100] [3048326] [CRITICAL] WORKER TIMEOUT (pid:3606336)
2026-02-07 15:23:08 +01:00: [2026-02-07 15:23:08 +0100] [3606336] [ERROR] Error handling request (no URI read)
2026-02-07 15:23:08 +01:00: Traceback (most recent call last):
2026-02-07 15:23:08 +01:00:   File "/opt/Tennis_Booking/venv/lib/python3.12/site-packages/gunicorn/workers/sync.py", line 133, in handle
2026-02-07 15:23:08 +01:00:     req = next(parser)
2026-02-07 15:23:08 +01:00:           ^^^^^^^^^^^^
2026-02-07 15:23:08 +01:00:   File "/opt/Tennis_Booking/venv/lib/python3.12/site-packages/gunicorn/http/parser.py", line 41, in __next__
2026-02-07 15:23:08 +01:00:     self.mesg = self.mesg_class(self.cfg, self.unreader, self.source_addr, self.req_count)
2026-02-07 15:23:08 +01:00:                 ^^^^^^^^^^^^^^^^^^^^^^^^^^^^^^^^^^^^^^^^^^^^^^^^^^^^^^^^^^^^^^^^^^^^^^^^^^
2026-02-07 15:23:08 +01:00:   File "/opt/Tennis_Booking/venv/lib/python3.12/site-packages/gunicorn/http/message.py", line 259, in __init__
2026-02-07 15:23:08 +01:00:     super().__init__(cfg, unreader, peer_addr)
2026-02-07 15:23:08 +01:00:   File "/opt/Tennis_Booking/venv/lib/python3.12/site-packages/gunicorn/http/message.py", line 60, in __init__
2026-02-07 15:23:08 +01:00:     unused = self.parse(self.unreader)
2026-02-07 15:23:08 +01:00:              ^^^^^^^^^^^^^^^^^^^^^^^^^
2026-02-07 15:23:08 +01:00:   File "/opt/Tennis_Booking/venv/lib/python3.12/site-packages/gunicorn/http/message.py", line 274, in parse
2026-02-07 15:23:08 +01:00:     line, rbuf = self.read_line(unreader, buf, self.limit_request_line)
2026-02-07 15:23:08 +01:00:                  ^^^^^^^^^^^^^^^^^^^^^^^^^^^^^^^^^^^^^^^^^^^^^^^^^^^^^^
2026-02-07 15:23:08 +01:00:   File "/opt/Tennis_Booking/venv/lib/python3.12/site-packages/gunicorn/http/message.py", line 326, in read_line
2026-02-07 15:23:08 +01:00:     self.get_data(unreader, buf)
2026-02-07 15:23:08 +01:00:   File "/opt/Tennis_Booking/venv/lib/python3.12/site-packages/gunicorn/http/message.py", line 262, in get_data
2026-02-07 15:23:08 +01:00:     data = unreader.read()
2026-02-07 15:23:08 +01:00:            ^^^^^^^^^^^^^^^
2026-02-07 15:23:08 +01:00:   File "/opt/Tennis_Booking/venv/lib/python3.12/site-packages/gunicorn/http/unreader.py", line 36, in read
2026-02-07 15:23:08 +01:00:     d = self.chunk()
2026-02-07 15:23:08 +01:00:         ^^^^^^^^^^^^
2026-02-07 15:23:08 +01:00:   File "/opt/Tennis_Booking/venv/lib/python3.12/site-packages/gunicorn/http/unreader.py", line 63, in chunk
2026-02-07 15:23:08 +01:00:     return self.sock.recv(self.mxchunk)
2026-02-07 15:23:08 +01:00:            ^^^^^^^^^^^^^^^^^^^^^^^^^^^^
2026-02-07 15:23:08 +01:00:   File "/opt/Tennis_Booking/venv/lib/python3.12/site-packages/gunicorn/workers/base.py", line 204, in handle_abort
2026-02-07 15:23:08 +01:00:     sys.exit(1)
2026-02-07 15:23:08 +01:00: SystemExit: 1
2026-02-07 15:23:08 +01:00: [2026-02-07 15:23:08 +0100] [3606336] [INFO] Worker exiting (pid: 3606336)
2026-02-07 15:23:08 +01:00: [2026-02-07 15:23:08 +0100] [3606390] [INFO] Booting worker with pid: 3606390
2026-02-07 15:24:54 +01:00: [2026-02-07 15:24:54 +0100] [3048326] [CRITICAL] WORKER TIMEOUT (pid:3606382)
2026-02-07 15:24:54 +01:00: [2026-02-07 15:24:54 +0100] [3606382] [ERROR] Error handling request (no URI read)
2026-02-07 15:24:54 +01:00: Traceback (most recent call last):
2026-02-07 15:24:54 +01:00:   File "/opt/Tennis_Booking/venv/lib/python3.12/site-packages/gunicorn/workers/sync.py", line 133, in handle
2026-02-07 15:24:54 +01:00:     req = next(parser)
2026-02-07 15:24:54 +01:00:           ^^^^^^^^^^^^
2026-02-07 15:24:54 +01:00:   File "/opt/Tennis_Booking/venv/lib/python3.12/site-packages/gunicorn/http/parser.py", line 41, in __next__
2026-02-07 15:24:54 +01:00:     self.mesg = self.mesg_class(self.cfg, self.unreader, self.source_addr, self.req_count)
2026-02-07 15:24:54 +01:00:                 ^^^^^^^^^^^^^^^^^^^^^^^^^^^^^^^^^^^^^^^^^^^^^^^^^^^^^^^^^^^^^^^^^^^^^^^^^^
2026-02-07 15:24:54 +01:00:   File "/opt/Tennis_Booking/venv/lib/python3.12/site-packages/gunicorn/http/message.py", line 259, in __init__
2026-02-07 15:24:54 +01:00:     super().__init__(cfg, unreader, peer_addr)
2026-02-07 15:24:54 +01:00:   File "/opt/Tennis_Booking/venv/lib/python3.12/site-packages/gunicorn/http/message.py", line 60, in __init__
2026-02-07 15:24:54 +01:00:     unused = self.parse(self.unreader)
2026-02-07 15:24:54 +01:00:              ^^^^^^^^^^^^^^^^^^^^^^^^^
2026-02-07 15:24:54 +01:00:   File "/opt/Tennis_Booking/venv/lib/python3.12/site-packages/gunicorn/http/message.py", line 274, in parse
2026-02-07 15:24:54 +01:00:     line, rbuf = self.read_line(unreader, buf, self.limit_request_line)
2026-02-07 15:24:54 +01:00:                  ^^^^^^^^^^^^^^^^^^^^^^^^^^^^^^^^^^^^^^^^^^^^^^^^^^^^^^
2026-02-07 15:24:54 +01:00:   File "/opt/Tennis_Booking/venv/lib/python3.12/site-packages/gunicorn/http/message.py", line 326, in read_line
2026-02-07 15:24:54 +01:00:     self.get_data(unreader, buf)
2026-02-07 15:24:54 +01:00:   File "/opt/Tennis_Booking/venv/lib/python3.12/site-packages/gunicorn/http/message.py", line 262, in get_data
2026-02-07 15:24:54 +01:00:     data = unreader.read()
2026-02-07 15:24:54 +01:00:            ^^^^^^^^^^^^^^^
2026-02-07 15:24:54 +01:00:   File "/opt/Tennis_Booking/venv/lib/python3.12/site-packages/gunicorn/http/unreader.py", line 36, in read
2026-02-07 15:24:54 +01:00:     d = self.chunk()
2026-02-07 15:24:54 +01:00:         ^^^^^^^^^^^^
2026-02-07 15:24:54 +01:00:   File "/opt/Tennis_Booking/venv/lib/python3.12/site-packages/gunicorn/http/unreader.py", line 63, in chunk
2026-02-07 15:24:54 +01:00:     return self.sock.recv(self.mxchunk)
2026-02-07 15:24:54 +01:00:            ^^^^^^^^^^^^^^^^^^^^^^^^^^^^
2026-02-07 15:24:54 +01:00:   File "/opt/Tennis_Booking/venv/lib/python3.12/site-packages/gunicorn/workers/base.py", line 204, in handle_abort
2026-02-07 15:24:54 +01:00:     sys.exit(1)
2026-02-07 15:24:54 +01:00: SystemExit: 1
2026-02-07 15:24:54 +01:00: [2026-02-07 15:24:54 +0100] [3606382] [INFO] Worker exiting (pid: 3606382)
2026-02-07 15:24:54 +01:00: [2026-02-07 15:24:54 +0100] [3606426] [INFO] Booting worker with pid: 3606426
2026-02-07 15:25:08 +01:00: [2026-02-07 15:25:08 +0100] [3048326] [CRITICAL] WORKER TIMEOUT (pid:3606390)
2026-02-07 15:25:08 +01:00: [2026-02-07 15:25:08 +0100] [3606390] [ERROR] Error handling request (no URI read)
2026-02-07 15:25:08 +01:00: Traceback (most recent call last):
2026-02-07 15:25:08 +01:00:   File "/opt/Tennis_Booking/venv/lib/python3.12/site-packages/gunicorn/workers/sync.py", line 133, in handle
2026-02-07 15:25:08 +01:00:     req = next(parser)
2026-02-07 15:25:08 +01:00:           ^^^^^^^^^^^^
2026-02-07 15:25:08 +01:00:   File "/opt/Tennis_Booking/venv/lib/python3.12/site-packages/gunicorn/http/parser.py", line 41, in __next__
2026-02-07 15:25:08 +01:00:     self.mesg = self.mesg_class(self.cfg, self.unreader, self.source_addr, self.req_count)
2026-02-07 15:25:08 +01:00:                 ^^^^^^^^^^^^^^^^^^^^^^^^^^^^^^^^^^^^^^^^^^^^^^^^^^^^^^^^^^^^^^^^^^^^^^^^^^
2026-02-07 15:25:08 +01:00:   File "/opt/Tennis_Booking/venv/lib/python3.12/site-packages/gunicorn/http/message.py", line 259, in __init__
2026-02-07 15:25:08 +01:00:     super().__init__(cfg, unreader, peer_addr)
2026-02-07 15:25:08 +01:00:   File "/opt/Tennis_Booking/venv/lib/python3.12/site-packages/gunicorn/http/message.py", line 60, in __init__
2026-02-07 15:25:08 +01:00:     unused = self.parse(self.unreader)
2026-02-07 15:25:08 +01:00:              ^^^^^^^^^^^^^^^^^^^^^^^^^
2026-02-07 15:25:08 +01:00:   File "/opt/Tennis_Booking/venv/lib/python3.12/site-packages/gunicorn/http/message.py", line 274, in parse
2026-02-07 15:25:08 +01:00:     line, rbuf = self.read_line(unreader, buf, self.limit_request_line)
2026-02-07 15:25:08 +01:00:                  ^^^^^^^^^^^^^^^^^^^^^^^^^^^^^^^^^^^^^^^^^^^^^^^^^^^^^^
2026-02-07 15:25:08 +01:00:   File "/opt/Tennis_Booking/venv/lib/python3.12/site-packages/gunicorn/http/message.py", line 326, in read_line
2026-02-07 15:25:08 +01:00:     self.get_data(unreader, buf)
2026-02-07 15:25:08 +01:00:   File "/opt/Tennis_Booking/venv/lib/python3.12/site-packages/gunicorn/http/message.py", line 262, in get_data
2026-02-07 15:25:08 +01:00:     data = unreader.read()
2026-02-07 15:25:08 +01:00:            ^^^^^^^^^^^^^^^
2026-02-07 15:25:08 +01:00:   File "/opt/Tennis_Booking/venv/lib/python3.12/site-packages/gunicorn/http/unreader.py", line 36, in read
2026-02-07 15:25:08 +01:00:     d = self.chunk()
2026-02-07 15:25:08 +01:00:         ^^^^^^^^^^^^
2026-02-07 15:25:08 +01:00:   File "/opt/Tennis_Booking/venv/lib/python3.12/site-packages/gunicorn/http/unreader.py", line 63, in chunk
2026-02-07 15:25:08 +01:00:     return self.sock.recv(self.mxchunk)
2026-02-07 15:25:08 +01:00:            ^^^^^^^^^^^^^^^^^^^^^^^^^^^^
2026-02-07 15:25:08 +01:00:   File "/opt/Tennis_Booking/venv/lib/python3.12/site-packages/gunicorn/workers/base.py", line 204, in handle_abort
2026-02-07 15:25:08 +01:00:     sys.exit(1)
2026-02-07 15:25:08 +01:00: SystemExit: 1
2026-02-07 15:25:08 +01:00: [2026-02-07 15:25:08 +0100] [3606390] [INFO] Worker exiting (pid: 3606390)
2026-02-07 15:25:09 +01:00: [2026-02-07 15:25:09 +0100] [3606439] [INFO] Booting worker with pid: 3606439
2026-02-07 15:26:55 +01:00: [2026-02-07 15:26:55 +0100] [3048326] [CRITICAL] WORKER TIMEOUT (pid:3606426)
2026-02-07 15:26:55 +01:00: [2026-02-07 15:26:55 +0100] [3606426] [ERROR] Error handling request (no URI read)
2026-02-07 15:26:55 +01:00: Traceback (most recent call last):
2026-02-07 15:26:55 +01:00:   File "/opt/Tennis_Booking/venv/lib/python3.12/site-packages/gunicorn/workers/sync.py", line 133, in handle
2026-02-07 15:26:55 +01:00:     req = next(parser)
2026-02-07 15:26:55 +01:00:           ^^^^^^^^^^^^
2026-02-07 15:26:55 +01:00:   File "/opt/Tennis_Booking/venv/lib/python3.12/site-packages/gunicorn/http/parser.py", line 41, in __next__
2026-02-07 15:26:55 +01:00:     self.mesg = self.mesg_class(self.cfg, self.unreader, self.source_addr, self.req_count)
2026-02-07 15:26:55 +01:00:                 ^^^^^^^^^^^^^^^^^^^^^^^^^^^^^^^^^^^^^^^^^^^^^^^^^^^^^^^^^^^^^^^^^^^^^^^^^^
2026-02-07 15:26:55 +01:00:   File "/opt/Tennis_Booking/venv/lib/python3.12/site-packages/gunicorn/http/message.py", line 259, in __init__
2026-02-07 15:26:55 +01:00:     super().__init__(cfg, unreader, peer_addr)
2026-02-07 15:26:55 +01:00:   File "/opt/Tennis_Booking/venv/lib/python3.12/site-packages/gunicorn/http/message.py", line 60, in __init__
2026-02-07 15:26:55 +01:00:     unused = self.parse(self.unreader)
2026-02-07 15:26:55 +01:00:              ^^^^^^^^^^^^^^^^^^^^^^^^^
2026-02-07 15:26:55 +01:00:   File "/opt/Tennis_Booking/venv/lib/python3.12/site-packages/gunicorn/http/message.py", line 274, in parse
2026-02-07 15:26:55 +01:00:     line, rbuf = self.read_line(unreader, buf, self.limit_request_line)
2026-02-07 15:26:55 +01:00:                  ^^^^^^^^^^^^^^^^^^^^^^^^^^^^^^^^^^^^^^^^^^^^^^^^^^^^^^
2026-02-07 15:26:55 +01:00:   File "/opt/Tennis_Booking/venv/lib/python3.12/site-packages/gunicorn/http/message.py", line 326, in read_line
2026-02-07 15:26:55 +01:00:     self.get_data(unreader, buf)
2026-02-07 15:26:55 +01:00:   File "/opt/Tennis_Booking/venv/lib/python3.12/site-packages/gunicorn/http/message.py", line 262, in get_data
2026-02-07 15:26:55 +01:00:     data = unreader.read()
2026-02-07 15:26:55 +01:00:            ^^^^^^^^^^^^^^^
2026-02-07 15:26:55 +01:00:   File "/opt/Tennis_Booking/venv/lib/python3.12/site-packages/gunicorn/http/unreader.py", line 36, in read
2026-02-07 15:26:55 +01:00:     d = self.chunk()
2026-02-07 15:26:55 +01:00:         ^^^^^^^^^^^^
2026-02-07 15:26:55 +01:00:   File "/opt/Tennis_Booking/venv/lib/python3.12/site-packages/gunicorn/http/unreader.py", line 63, in chunk
2026-02-07 15:26:55 +01:00:     return self.sock.recv(self.mxchunk)
2026-02-07 15:26:55 +01:00:            ^^^^^^^^^^^^^^^^^^^^^^^^^^^^
2026-02-07 15:26:55 +01:00:   File "/opt/Tennis_Booking/venv/lib/python3.12/site-packages/gunicorn/workers/base.py", line 204, in handle_abort
2026-02-07 15:26:55 +01:00:     sys.exit(1)
2026-02-07 15:26:55 +01:00: SystemExit: 1
2026-02-07 15:26:55 +01:00: [2026-02-07 15:26:55 +0100] [3606426] [INFO] Worker exiting (pid: 3606426)
2026-02-07 15:26:55 +01:00: [2026-02-07 15:26:55 +0100] [3606481] [INFO] Booting worker with pid: 3606481
2026-02-07 15:26:55 +01:00: [2026-02-07 15:26:55 +0100] [3606481] [WARNING] Invalid request from ip=69.5.22.116: Invalid HTTP method: "\x16\x03\x01\x05Â\x01\x00\x05¾\x03\x03M#k\x8e\x81%¬q[ÅÀ\x17O\x08=3\x0c«sa\x9a\n'Á=\x1aq§ªÂa*"
2026-02-07 15:27:09 +01:00: [2026-02-07 15:27:09 +0100] [3048326] [CRITICAL] WORKER TIMEOUT (pid:3606439)
2026-02-07 15:27:09 +01:00: [2026-02-07 15:27:09 +0100] [3606439] [ERROR] Error handling request (no URI read)
2026-02-07 15:27:09 +01:00: Traceback (most recent call last):
2026-02-07 15:27:09 +01:00:   File "/opt/Tennis_Booking/venv/lib/python3.12/site-packages/gunicorn/workers/sync.py", line 133, in handle
2026-02-07 15:27:09 +01:00:     req = next(parser)
2026-02-07 15:27:09 +01:00:           ^^^^^^^^^^^^
2026-02-07 15:27:09 +01:00:   File "/opt/Tennis_Booking/venv/lib/python3.12/site-packages/gunicorn/http/parser.py", line 41, in __next__
2026-02-07 15:27:09 +01:00:     self.mesg = self.mesg_class(self.cfg, self.unreader, self.source_addr, self.req_count)
2026-02-07 15:27:09 +01:00:                 ^^^^^^^^^^^^^^^^^^^^^^^^^^^^^^^^^^^^^^^^^^^^^^^^^^^^^^^^^^^^^^^^^^^^^^^^^^
2026-02-07 15:27:09 +01:00:   File "/opt/Tennis_Booking/venv/lib/python3.12/site-packages/gunicorn/http/message.py", line 259, in __init__
2026-02-07 15:27:09 +01:00:     super().__init__(cfg, unreader, peer_addr)
2026-02-07 15:27:09 +01:00:   File "/opt/Tennis_Booking/venv/lib/python3.12/site-packages/gunicorn/http/message.py", line 60, in __init__
2026-02-07 15:27:09 +01:00:     unused = self.parse(self.unreader)
2026-02-07 15:27:09 +01:00:              ^^^^^^^^^^^^^^^^^^^^^^^^^
2026-02-07 15:27:09 +01:00:   File "/opt/Tennis_Booking/venv/lib/python3.12/site-packages/gunicorn/http/message.py", line 274, in parse
2026-02-07 15:27:09 +01:00:     line, rbuf = self.read_line(unreader, buf, self.limit_request_line)
2026-02-07 15:27:09 +01:00:                  ^^^^^^^^^^^^^^^^^^^^^^^^^^^^^^^^^^^^^^^^^^^^^^^^^^^^^^
2026-02-07 15:27:09 +01:00:   File "/opt/Tennis_Booking/venv/lib/python3.12/site-packages/gunicorn/http/message.py", line 326, in read_line
2026-02-07 15:27:09 +01:00:     self.get_data(unreader, buf)
2026-02-07 15:27:09 +01:00:   File "/opt/Tennis_Booking/venv/lib/python3.12/site-packages/gunicorn/http/message.py", line 262, in get_data
2026-02-07 15:27:09 +01:00:     data = unreader.read()
2026-02-07 15:27:09 +01:00:            ^^^^^^^^^^^^^^^
2026-02-07 15:27:09 +01:00:   File "/opt/Tennis_Booking/venv/lib/python3.12/site-packages/gunicorn/http/unreader.py", line 36, in read
2026-02-07 15:27:09 +01:00:     d = self.chunk()
2026-02-07 15:27:09 +01:00:         ^^^^^^^^^^^^
2026-02-07 15:27:09 +01:00:   File "/opt/Tennis_Booking/venv/lib/python3.12/site-packages/gunicorn/http/unreader.py", line 63, in chunk
2026-02-07 15:27:09 +01:00:     return self.sock.recv(self.mxchunk)
2026-02-07 15:27:09 +01:00:            ^^^^^^^^^^^^^^^^^^^^^^^^^^^^
2026-02-07 15:27:09 +01:00:   File "/opt/Tennis_Booking/venv/lib/python3.12/site-packages/gunicorn/workers/base.py", line 204, in handle_abort
2026-02-07 15:27:09 +01:00:     sys.exit(1)
2026-02-07 15:27:09 +01:00: SystemExit: 1
2026-02-07 15:27:09 +01:00: [2026-02-07 15:27:09 +0100] [3606439] [INFO] Worker exiting (pid: 3606439)
2026-02-07 15:27:09 +01:00: [2026-02-07 15:27:09 +0100] [3606486] [INFO] Booting worker with pid: 3606486
2026-02-07 15:28:55 +01:00: [2026-02-07 15:28:55 +0100] [3048326] [CRITICAL] WORKER TIMEOUT (pid:3606481)
2026-02-07 15:28:55 +01:00: [2026-02-07 15:28:55 +0100] [3606481] [ERROR] Error handling request (no URI read)
2026-02-07 15:28:55 +01:00: Traceback (most recent call last):
2026-02-07 15:28:55 +01:00:   File "/opt/Tennis_Booking/venv/lib/python3.12/site-packages/gunicorn/workers/sync.py", line 133, in handle
2026-02-07 15:28:55 +01:00:     req = next(parser)
2026-02-07 15:28:55 +01:00:           ^^^^^^^^^^^^
2026-02-07 15:28:55 +01:00:   File "/opt/Tennis_Booking/venv/lib/python3.12/site-packages/gunicorn/http/parser.py", line 41, in __next__
2026-02-07 15:28:55 +01:00:     self.mesg = self.mesg_class(self.cfg, self.unreader, self.source_addr, self.req_count)
2026-02-07 15:28:55 +01:00:                 ^^^^^^^^^^^^^^^^^^^^^^^^^^^^^^^^^^^^^^^^^^^^^^^^^^^^^^^^^^^^^^^^^^^^^^^^^^
2026-02-07 15:28:55 +01:00:   File "/opt/Tennis_Booking/venv/lib/python3.12/site-packages/gunicorn/http/message.py", line 259, in __init__
2026-02-07 15:28:55 +01:00:     super().__init__(cfg, unreader, peer_addr)
2026-02-07 15:28:55 +01:00:   File "/opt/Tennis_Booking/venv/lib/python3.12/site-packages/gunicorn/http/message.py", line 60, in __init__
2026-02-07 15:28:55 +01:00:     unused = self.parse(self.unreader)
2026-02-07 15:28:55 +01:00:              ^^^^^^^^^^^^^^^^^^^^^^^^^
2026-02-07 15:28:55 +01:00:   File "/opt/Tennis_Booking/venv/lib/python3.12/site-packages/gunicorn/http/message.py", line 274, in parse
2026-02-07 15:28:55 +01:00:     line, rbuf = self.read_line(unreader, buf, self.limit_request_line)
2026-02-07 15:28:55 +01:00:                  ^^^^^^^^^^^^^^^^^^^^^^^^^^^^^^^^^^^^^^^^^^^^^^^^^^^^^^
2026-02-07 15:28:55 +01:00:   File "/opt/Tennis_Booking/venv/lib/python3.12/site-packages/gunicorn/http/message.py", line 326, in read_line
2026-02-07 15:28:55 +01:00:     self.get_data(unreader, buf)
2026-02-07 15:28:55 +01:00:   File "/opt/Tennis_Booking/venv/lib/python3.12/site-packages/gunicorn/http/message.py", line 262, in get_data
2026-02-07 15:28:55 +01:00:     data = unreader.read()
2026-02-07 15:28:55 +01:00:            ^^^^^^^^^^^^^^^
2026-02-07 15:28:55 +01:00:   File "/opt/Tennis_Booking/venv/lib/python3.12/site-packages/gunicorn/http/unreader.py", line 36, in read
2026-02-07 15:28:55 +01:00:     d = self.chunk()
2026-02-07 15:28:55 +01:00:         ^^^^^^^^^^^^
2026-02-07 15:28:55 +01:00:   File "/opt/Tennis_Booking/venv/lib/python3.12/site-packages/gunicorn/http/unreader.py", line 63, in chunk
2026-02-07 15:28:55 +01:00:     return self.sock.recv(self.mxchunk)
2026-02-07 15:28:55 +01:00:            ^^^^^^^^^^^^^^^^^^^^^^^^^^^^
2026-02-07 15:28:55 +01:00:   File "/opt/Tennis_Booking/venv/lib/python3.12/site-packages/gunicorn/workers/base.py", line 204, in handle_abort
2026-02-07 15:28:55 +01:00:     sys.exit(1)
2026-02-07 15:28:55 +01:00: SystemExit: 1
2026-02-07 15:28:55 +01:00: [2026-02-07 15:28:55 +0100] [3606481] [INFO] Worker exiting (pid: 3606481)
2026-02-07 15:28:55 +01:00: [2026-02-07 15:28:55 +0100] [3606525] [INFO] Booting worker with pid: 3606525
2026-02-07 15:29:09 +01:00: [2026-02-07 15:29:09 +0100] [3048326] [CRITICAL] WORKER TIMEOUT (pid:3606486)
2026-02-07 15:29:09 +01:00: [2026-02-07 15:29:09 +0100] [3606486] [ERROR] Error handling request (no URI read)
2026-02-07 15:29:09 +01:00: Traceback (most recent call last):
2026-02-07 15:29:09 +01:00:   File "/opt/Tennis_Booking/venv/lib/python3.12/site-packages/gunicorn/workers/sync.py", line 133, in handle
2026-02-07 15:29:09 +01:00:     req = next(parser)
2026-02-07 15:29:09 +01:00:           ^^^^^^^^^^^^
2026-02-07 15:29:09 +01:00:   File "/opt/Tennis_Booking/venv/lib/python3.12/site-packages/gunicorn/http/parser.py", line 41, in __next__
2026-02-07 15:29:09 +01:00:     self.mesg = self.mesg_class(self.cfg, self.unreader, self.source_addr, self.req_count)
2026-02-07 15:29:09 +01:00:                 ^^^^^^^^^^^^^^^^^^^^^^^^^^^^^^^^^^^^^^^^^^^^^^^^^^^^^^^^^^^^^^^^^^^^^^^^^^
2026-02-07 15:29:09 +01:00:   File "/opt/Tennis_Booking/venv/lib/python3.12/site-packages/gunicorn/http/message.py", line 259, in __init__
2026-02-07 15:29:09 +01:00:     super().__init__(cfg, unreader, peer_addr)
2026-02-07 15:29:09 +01:00:   File "/opt/Tennis_Booking/venv/lib/python3.12/site-packages/gunicorn/http/message.py", line 60, in __init__
2026-02-07 15:29:09 +01:00:     unused = self.parse(self.unreader)
2026-02-07 15:29:09 +01:00:              ^^^^^^^^^^^^^^^^^^^^^^^^^
2026-02-07 15:29:09 +01:00:   File "/opt/Tennis_Booking/venv/lib/python3.12/site-packages/gunicorn/http/message.py", line 274, in parse
2026-02-07 15:29:09 +01:00:     line, rbuf = self.read_line(unreader, buf, self.limit_request_line)
2026-02-07 15:29:09 +01:00:                  ^^^^^^^^^^^^^^^^^^^^^^^^^^^^^^^^^^^^^^^^^^^^^^^^^^^^^^
2026-02-07 15:29:09 +01:00:   File "/opt/Tennis_Booking/venv/lib/python3.12/site-packages/gunicorn/http/message.py", line 326, in read_line
2026-02-07 15:29:09 +01:00:     self.get_data(unreader, buf)
2026-02-07 15:29:09 +01:00:   File "/opt/Tennis_Booking/venv/lib/python3.12/site-packages/gunicorn/http/message.py", line 262, in get_data
2026-02-07 15:29:09 +01:00:     data = unreader.read()
2026-02-07 15:29:09 +01:00:            ^^^^^^^^^^^^^^^
2026-02-07 15:29:09 +01:00:   File "/opt/Tennis_Booking/venv/lib/python3.12/site-packages/gunicorn/http/unreader.py", line 36, in read
2026-02-07 15:29:09 +01:00:     d = self.chunk()
2026-02-07 15:29:09 +01:00:         ^^^^^^^^^^^^
2026-02-07 15:29:09 +01:00:   File "/opt/Tennis_Booking/venv/lib/python3.12/site-packages/gunicorn/http/unreader.py", line 63, in chunk
2026-02-07 15:29:09 +01:00:     return self.sock.recv(self.mxchunk)
2026-02-07 15:29:09 +01:00:            ^^^^^^^^^^^^^^^^^^^^^^^^^^^^
2026-02-07 15:29:09 +01:00:   File "/opt/Tennis_Booking/venv/lib/python3.12/site-packages/gunicorn/workers/base.py", line 204, in handle_abort
2026-02-07 15:29:09 +01:00:     sys.exit(1)
2026-02-07 15:29:09 +01:00: SystemExit: 1
2026-02-07 15:29:09 +01:00: [2026-02-07 15:29:09 +0100] [3606486] [INFO] Worker exiting (pid: 3606486)
2026-02-07 15:29:09 +01:00: [2026-02-07 15:29:09 +0100] [3606530] [INFO] Booting worker with pid: 3606530
2026-02-07 15:30:55 +01:00: [2026-02-07 15:30:55 +0100] [3048326] [CRITICAL] WORKER TIMEOUT (pid:3606525)
2026-02-07 15:30:55 +01:00: [2026-02-07 15:30:55 +0100] [3606525] [ERROR] Error handling request (no URI read)
2026-02-07 15:30:55 +01:00: Traceback (most recent call last):
2026-02-07 15:30:55 +01:00:   File "/opt/Tennis_Booking/venv/lib/python3.12/site-packages/gunicorn/workers/sync.py", line 133, in handle
2026-02-07 15:30:55 +01:00:     req = next(parser)
2026-02-07 15:30:55 +01:00:           ^^^^^^^^^^^^
2026-02-07 15:30:55 +01:00:   File "/opt/Tennis_Booking/venv/lib/python3.12/site-packages/gunicorn/http/parser.py", line 41, in __next__
2026-02-07 15:30:55 +01:00:     self.mesg = self.mesg_class(self.cfg, self.unreader, self.source_addr, self.req_count)
2026-02-07 15:30:55 +01:00:                 ^^^^^^^^^^^^^^^^^^^^^^^^^^^^^^^^^^^^^^^^^^^^^^^^^^^^^^^^^^^^^^^^^^^^^^^^^^
2026-02-07 15:30:55 +01:00:   File "/opt/Tennis_Booking/venv/lib/python3.12/site-packages/gunicorn/http/message.py", line 259, in __init__
2026-02-07 15:30:55 +01:00:     super().__init__(cfg, unreader, peer_addr)
2026-02-07 15:30:55 +01:00:   File "/opt/Tennis_Booking/venv/lib/python3.12/site-packages/gunicorn/http/message.py", line 60, in __init__
2026-02-07 15:30:55 +01:00:     unused = self.parse(self.unreader)
2026-02-07 15:30:55 +01:00:              ^^^^^^^^^^^^^^^^^^^^^^^^^
2026-02-07 15:30:55 +01:00:   File "/opt/Tennis_Booking/venv/lib/python3.12/site-packages/gunicorn/http/message.py", line 274, in parse
2026-02-07 15:30:55 +01:00:     line, rbuf = self.read_line(unreader, buf, self.limit_request_line)
2026-02-07 15:30:55 +01:00:                  ^^^^^^^^^^^^^^^^^^^^^^^^^^^^^^^^^^^^^^^^^^^^^^^^^^^^^^
2026-02-07 15:30:55 +01:00:   File "/opt/Tennis_Booking/venv/lib/python3.12/site-packages/gunicorn/http/message.py", line 326, in read_line
2026-02-07 15:30:55 +01:00:     self.get_data(unreader, buf)
2026-02-07 15:30:55 +01:00:   File "/opt/Tennis_Booking/venv/lib/python3.12/site-packages/gunicorn/http/message.py", line 262, in get_data
2026-02-07 15:30:55 +01:00:     data = unreader.read()
2026-02-07 15:30:55 +01:00:            ^^^^^^^^^^^^^^^
2026-02-07 15:30:55 +01:00:   File "/opt/Tennis_Booking/venv/lib/python3.12/site-packages/gunicorn/http/unreader.py", line 36, in read
2026-02-07 15:30:55 +01:00:     d = self.chunk()
2026-02-07 15:30:55 +01:00:         ^^^^^^^^^^^^
2026-02-07 15:30:55 +01:00:   File "/opt/Tennis_Booking/venv/lib/python3.12/site-packages/gunicorn/http/unreader.py", line 63, in chunk
2026-02-07 15:30:55 +01:00:     return self.sock.recv(self.mxchunk)
2026-02-07 15:30:55 +01:00:            ^^^^^^^^^^^^^^^^^^^^^^^^^^^^
2026-02-07 15:30:55 +01:00:   File "/opt/Tennis_Booking/venv/lib/python3.12/site-packages/gunicorn/workers/base.py", line 204, in handle_abort
2026-02-07 15:30:55 +01:00:     sys.exit(1)
2026-02-07 15:30:55 +01:00: SystemExit: 1
2026-02-07 15:30:55 +01:00: [2026-02-07 15:30:55 +0100] [3606525] [INFO] Worker exiting (pid: 3606525)
2026-02-07 15:30:55 +01:00: [2026-02-07 15:30:55 +0100] [3606580] [INFO] Booting worker with pid: 3606580
2026-02-07 15:31:10 +01:00: [2026-02-07 15:31:10 +0100] [3048326] [CRITICAL] WORKER TIMEOUT (pid:3606530)
2026-02-07 15:31:10 +01:00: [2026-02-07 15:31:10 +0100] [3606530] [ERROR] Error handling request (no URI read)
2026-02-07 15:31:10 +01:00: Traceback (most recent call last):
2026-02-07 15:31:10 +01:00:   File "/opt/Tennis_Booking/venv/lib/python3.12/site-packages/gunicorn/workers/sync.py", line 133, in handle
2026-02-07 15:31:10 +01:00:     req = next(parser)
2026-02-07 15:31:10 +01:00:           ^^^^^^^^^^^^
2026-02-07 15:31:10 +01:00:   File "/opt/Tennis_Booking/venv/lib/python3.12/site-packages/gunicorn/http/parser.py", line 41, in __next__
2026-02-07 15:31:10 +01:00:     self.mesg = self.mesg_class(self.cfg, self.unreader, self.source_addr, self.req_count)
2026-02-07 15:31:10 +01:00:                 ^^^^^^^^^^^^^^^^^^^^^^^^^^^^^^^^^^^^^^^^^^^^^^^^^^^^^^^^^^^^^^^^^^^^^^^^^^
2026-02-07 15:31:10 +01:00:   File "/opt/Tennis_Booking/venv/lib/python3.12/site-packages/gunicorn/http/message.py", line 259, in __init__
2026-02-07 15:31:10 +01:00:     super().__init__(cfg, unreader, peer_addr)
2026-02-07 15:31:10 +01:00:   File "/opt/Tennis_Booking/venv/lib/python3.12/site-packages/gunicorn/http/message.py", line 60, in __init__
2026-02-07 15:31:10 +01:00:     unused = self.parse(self.unreader)
2026-02-07 15:31:10 +01:00:              ^^^^^^^^^^^^^^^^^^^^^^^^^
2026-02-07 15:31:10 +01:00:   File "/opt/Tennis_Booking/venv/lib/python3.12/site-packages/gunicorn/http/message.py", line 274, in parse
2026-02-07 15:31:10 +01:00:     line, rbuf = self.read_line(unreader, buf, self.limit_request_line)
2026-02-07 15:31:10 +01:00:                  ^^^^^^^^^^^^^^^^^^^^^^^^^^^^^^^^^^^^^^^^^^^^^^^^^^^^^^
2026-02-07 15:31:10 +01:00:   File "/opt/Tennis_Booking/venv/lib/python3.12/site-packages/gunicorn/http/message.py", line 326, in read_line
2026-02-07 15:31:10 +01:00:     self.get_data(unreader, buf)
2026-02-07 15:31:10 +01:00:   File "/opt/Tennis_Booking/venv/lib/python3.12/site-packages/gunicorn/http/message.py", line 262, in get_data
2026-02-07 15:31:10 +01:00:     data = unreader.read()
2026-02-07 15:31:10 +01:00:            ^^^^^^^^^^^^^^^
2026-02-07 15:31:10 +01:00:   File "/opt/Tennis_Booking/venv/lib/python3.12/site-packages/gunicorn/http/unreader.py", line 36, in read
2026-02-07 15:31:10 +01:00:     d = self.chunk()
2026-02-07 15:31:10 +01:00:         ^^^^^^^^^^^^
2026-02-07 15:31:10 +01:00:   File "/opt/Tennis_Booking/venv/lib/python3.12/site-packages/gunicorn/http/unreader.py", line 63, in chunk
2026-02-07 15:31:10 +01:00:     return self.sock.recv(self.mxchunk)
2026-02-07 15:31:10 +01:00:            ^^^^^^^^^^^^^^^^^^^^^^^^^^^^
2026-02-07 15:31:10 +01:00:   File "/opt/Tennis_Booking/venv/lib/python3.12/site-packages/gunicorn/workers/base.py", line 204, in handle_abort
2026-02-07 15:31:10 +01:00:     sys.exit(1)
2026-02-07 15:31:10 +01:00: SystemExit: 1
2026-02-07 15:31:10 +01:00: [2026-02-07 15:31:10 +0100] [3606530] [INFO] Worker exiting (pid: 3606530)
2026-02-07 15:31:10 +01:00: [2026-02-07 15:31:10 +0100] [3606591] [INFO] Booting worker with pid: 3606591
2026-02-07 15:32:56 +01:00: [2026-02-07 15:32:56 +0100] [3048326] [CRITICAL] WORKER TIMEOUT (pid:3606580)
2026-02-07 15:32:56 +01:00: [2026-02-07 15:32:56 +0100] [3606580] [ERROR] Error handling request (no URI read)
2026-02-07 15:32:56 +01:00: Traceback (most recent call last):
2026-02-07 15:32:56 +01:00:   File "/opt/Tennis_Booking/venv/lib/python3.12/site-packages/gunicorn/workers/sync.py", line 133, in handle
2026-02-07 15:32:56 +01:00:     req = next(parser)
2026-02-07 15:32:56 +01:00:           ^^^^^^^^^^^^
2026-02-07 15:32:56 +01:00:   File "/opt/Tennis_Booking/venv/lib/python3.12/site-packages/gunicorn/http/parser.py", line 41, in __next__
2026-02-07 15:32:56 +01:00:     self.mesg = self.mesg_class(self.cfg, self.unreader, self.source_addr, self.req_count)
2026-02-07 15:32:56 +01:00:                 ^^^^^^^^^^^^^^^^^^^^^^^^^^^^^^^^^^^^^^^^^^^^^^^^^^^^^^^^^^^^^^^^^^^^^^^^^^
2026-02-07 15:32:56 +01:00:   File "/opt/Tennis_Booking/venv/lib/python3.12/site-packages/gunicorn/http/message.py", line 259, in __init__
2026-02-07 15:32:56 +01:00:     super().__init__(cfg, unreader, peer_addr)
2026-02-07 15:32:56 +01:00:   File "/opt/Tennis_Booking/venv/lib/python3.12/site-packages/gunicorn/http/message.py", line 60, in __init__
2026-02-07 15:32:56 +01:00:     unused = self.parse(self.unreader)
2026-02-07 15:32:56 +01:00:              ^^^^^^^^^^^^^^^^^^^^^^^^^
2026-02-07 15:32:56 +01:00:   File "/opt/Tennis_Booking/venv/lib/python3.12/site-packages/gunicorn/http/message.py", line 274, in parse
2026-02-07 15:32:56 +01:00:     line, rbuf = self.read_line(unreader, buf, self.limit_request_line)
2026-02-07 15:32:56 +01:00:                  ^^^^^^^^^^^^^^^^^^^^^^^^^^^^^^^^^^^^^^^^^^^^^^^^^^^^^^
2026-02-07 15:32:56 +01:00:   File "/opt/Tennis_Booking/venv/lib/python3.12/site-packages/gunicorn/http/message.py", line 326, in read_line
2026-02-07 15:32:56 +01:00:     self.get_data(unreader, buf)
2026-02-07 15:32:56 +01:00:   File "/opt/Tennis_Booking/venv/lib/python3.12/site-packages/gunicorn/http/message.py", line 262, in get_data
2026-02-07 15:32:56 +01:00:     data = unreader.read()
2026-02-07 15:32:56 +01:00:            ^^^^^^^^^^^^^^^
2026-02-07 15:32:56 +01:00:   File "/opt/Tennis_Booking/venv/lib/python3.12/site-packages/gunicorn/http/unreader.py", line 36, in read
2026-02-07 15:32:56 +01:00:     d = self.chunk()
2026-02-07 15:32:56 +01:00:         ^^^^^^^^^^^^
2026-02-07 15:32:56 +01:00:   File "/opt/Tennis_Booking/venv/lib/python3.12/site-packages/gunicorn/http/unreader.py", line 63, in chunk
2026-02-07 15:32:56 +01:00:     return self.sock.recv(self.mxchunk)
2026-02-07 15:32:56 +01:00:            ^^^^^^^^^^^^^^^^^^^^^^^^^^^^
2026-02-07 15:32:56 +01:00:   File "/opt/Tennis_Booking/venv/lib/python3.12/site-packages/gunicorn/workers/base.py", line 204, in handle_abort
2026-02-07 15:32:56 +01:00:     sys.exit(1)
2026-02-07 15:32:56 +01:00: SystemExit: 1
2026-02-07 15:32:56 +01:00: [2026-02-07 15:32:56 +0100] [3606580] [INFO] Worker exiting (pid: 3606580)
2026-02-07 15:32:56 +01:00: [2026-02-07 15:32:56 +0100] [3606630] [INFO] Booting worker with pid: 3606630
2026-02-07 15:33:10 +01:00: [2026-02-07 15:33:10 +0100] [3048326] [CRITICAL] WORKER TIMEOUT (pid:3606591)
2026-02-07 15:33:10 +01:00: [2026-02-07 15:33:10 +0100] [3606591] [ERROR] Error handling request (no URI read)
2026-02-07 15:33:10 +01:00: Traceback (most recent call last):
2026-02-07 15:33:10 +01:00:   File "/opt/Tennis_Booking/venv/lib/python3.12/site-packages/gunicorn/workers/sync.py", line 133, in handle
2026-02-07 15:33:10 +01:00:     req = next(parser)
2026-02-07 15:33:10 +01:00:           ^^^^^^^^^^^^
2026-02-07 15:33:10 +01:00:   File "/opt/Tennis_Booking/venv/lib/python3.12/site-packages/gunicorn/http/parser.py", line 41, in __next__
2026-02-07 15:33:10 +01:00:     self.mesg = self.mesg_class(self.cfg, self.unreader, self.source_addr, self.req_count)
2026-02-07 15:33:10 +01:00:                 ^^^^^^^^^^^^^^^^^^^^^^^^^^^^^^^^^^^^^^^^^^^^^^^^^^^^^^^^^^^^^^^^^^^^^^^^^^
2026-02-07 15:33:10 +01:00:   File "/opt/Tennis_Booking/venv/lib/python3.12/site-packages/gunicorn/http/message.py", line 259, in __init__
2026-02-07 15:33:10 +01:00:     super().__init__(cfg, unreader, peer_addr)
2026-02-07 15:33:10 +01:00:   File "/opt/Tennis_Booking/venv/lib/python3.12/site-packages/gunicorn/http/message.py", line 60, in __init__
2026-02-07 15:33:10 +01:00:     unused = self.parse(self.unreader)
2026-02-07 15:33:10 +01:00:              ^^^^^^^^^^^^^^^^^^^^^^^^^
2026-02-07 15:33:10 +01:00:   File "/opt/Tennis_Booking/venv/lib/python3.12/site-packages/gunicorn/http/message.py", line 274, in parse
2026-02-07 15:33:10 +01:00:     line, rbuf = self.read_line(unreader, buf, self.limit_request_line)
2026-02-07 15:33:10 +01:00:                  ^^^^^^^^^^^^^^^^^^^^^^^^^^^^^^^^^^^^^^^^^^^^^^^^^^^^^^
2026-02-07 15:33:10 +01:00:   File "/opt/Tennis_Booking/venv/lib/python3.12/site-packages/gunicorn/http/message.py", line 326, in read_line
2026-02-07 15:33:10 +01:00:     self.get_data(unreader, buf)
2026-02-07 15:33:10 +01:00:   File "/opt/Tennis_Booking/venv/lib/python3.12/site-packages/gunicorn/http/message.py", line 262, in get_data
2026-02-07 15:33:10 +01:00:     data = unreader.read()
2026-02-07 15:33:10 +01:00:            ^^^^^^^^^^^^^^^
2026-02-07 15:33:10 +01:00:   File "/opt/Tennis_Booking/venv/lib/python3.12/site-packages/gunicorn/http/unreader.py", line 36, in read
2026-02-07 15:33:10 +01:00:     d = self.chunk()
2026-02-07 15:33:10 +01:00:         ^^^^^^^^^^^^
2026-02-07 15:33:10 +01:00:   File "/opt/Tennis_Booking/venv/lib/python3.12/site-packages/gunicorn/http/unreader.py", line 63, in chunk
2026-02-07 15:33:10 +01:00:     return self.sock.recv(self.mxchunk)
2026-02-07 15:33:10 +01:00:            ^^^^^^^^^^^^^^^^^^^^^^^^^^^^
2026-02-07 15:33:10 +01:00:   File "/opt/Tennis_Booking/venv/lib/python3.12/site-packages/gunicorn/workers/base.py", line 204, in handle_abort
2026-02-07 15:33:10 +01:00:     sys.exit(1)
2026-02-07 15:33:10 +01:00: SystemExit: 1
2026-02-07 15:33:10 +01:00: [2026-02-07 15:33:10 +0100] [3606591] [INFO] Worker exiting (pid: 3606591)
2026-02-07 15:33:10 +01:00: [2026-02-07 15:33:10 +0100] [3606637] [INFO] Booting worker with pid: 3606637
2026-02-07 15:34:56 +01:00: [2026-02-07 15:34:56 +0100] [3048326] [CRITICAL] WORKER TIMEOUT (pid:3606630)
2026-02-07 15:34:56 +01:00: [2026-02-07 15:34:56 +0100] [3606630] [ERROR] Error handling request (no URI read)
2026-02-07 15:34:56 +01:00: Traceback (most recent call last):
2026-02-07 15:34:56 +01:00:   File "/opt/Tennis_Booking/venv/lib/python3.12/site-packages/gunicorn/workers/sync.py", line 133, in handle
2026-02-07 15:34:56 +01:00:     req = next(parser)
2026-02-07 15:34:56 +01:00:           ^^^^^^^^^^^^
2026-02-07 15:34:56 +01:00:   File "/opt/Tennis_Booking/venv/lib/python3.12/site-packages/gunicorn/http/parser.py", line 41, in __next__
2026-02-07 15:34:56 +01:00:     self.mesg = self.mesg_class(self.cfg, self.unreader, self.source_addr, self.req_count)
2026-02-07 15:34:56 +01:00:                 ^^^^^^^^^^^^^^^^^^^^^^^^^^^^^^^^^^^^^^^^^^^^^^^^^^^^^^^^^^^^^^^^^^^^^^^^^^
2026-02-07 15:34:56 +01:00:   File "/opt/Tennis_Booking/venv/lib/python3.12/site-packages/gunicorn/http/message.py", line 259, in __init__
2026-02-07 15:34:56 +01:00:     super().__init__(cfg, unreader, peer_addr)
2026-02-07 15:34:56 +01:00:   File "/opt/Tennis_Booking/venv/lib/python3.12/site-packages/gunicorn/http/message.py", line 60, in __init__
2026-02-07 15:34:56 +01:00:     unused = self.parse(self.unreader)
2026-02-07 15:34:56 +01:00:              ^^^^^^^^^^^^^^^^^^^^^^^^^
2026-02-07 15:34:56 +01:00:   File "/opt/Tennis_Booking/venv/lib/python3.12/site-packages/gunicorn/http/message.py", line 274, in parse
2026-02-07 15:34:56 +01:00:     line, rbuf = self.read_line(unreader, buf, self.limit_request_line)
2026-02-07 15:34:56 +01:00:                  ^^^^^^^^^^^^^^^^^^^^^^^^^^^^^^^^^^^^^^^^^^^^^^^^^^^^^^
2026-02-07 15:34:56 +01:00:   File "/opt/Tennis_Booking/venv/lib/python3.12/site-packages/gunicorn/http/message.py", line 326, in read_line
2026-02-07 15:34:56 +01:00:     self.get_data(unreader, buf)
2026-02-07 15:34:56 +01:00:   File "/opt/Tennis_Booking/venv/lib/python3.12/site-packages/gunicorn/http/message.py", line 262, in get_data
2026-02-07 15:34:56 +01:00:     data = unreader.read()
2026-02-07 15:34:56 +01:00:            ^^^^^^^^^^^^^^^
2026-02-07 15:34:56 +01:00:   File "/opt/Tennis_Booking/venv/lib/python3.12/site-packages/gunicorn/http/unreader.py", line 36, in read
2026-02-07 15:34:56 +01:00:     d = self.chunk()
2026-02-07 15:34:56 +01:00:         ^^^^^^^^^^^^
2026-02-07 15:34:56 +01:00:   File "/opt/Tennis_Booking/venv/lib/python3.12/site-packages/gunicorn/http/unreader.py", line 63, in chunk
2026-02-07 15:34:56 +01:00:     return self.sock.recv(self.mxchunk)
2026-02-07 15:34:56 +01:00:            ^^^^^^^^^^^^^^^^^^^^^^^^^^^^
2026-02-07 15:34:56 +01:00:   File "/opt/Tennis_Booking/venv/lib/python3.12/site-packages/gunicorn/workers/base.py", line 204, in handle_abort
2026-02-07 15:34:56 +01:00:     sys.exit(1)
2026-02-07 15:34:56 +01:00: SystemExit: 1
2026-02-07 15:34:56 +01:00: [2026-02-07 15:34:56 +0100] [3606630] [INFO] Worker exiting (pid: 3606630)
2026-02-07 15:34:56 +01:00: [2026-02-07 15:34:56 +0100] [3606676] [INFO] Booting worker with pid: 3606676
2026-02-07 15:35:10 +01:00: [2026-02-07 15:35:10 +0100] [3048326] [CRITICAL] WORKER TIMEOUT (pid:3606637)
2026-02-07 15:35:10 +01:00: [2026-02-07 15:35:10 +0100] [3606637] [ERROR] Error handling request (no URI read)
2026-02-07 15:35:10 +01:00: Traceback (most recent call last):
2026-02-07 15:35:10 +01:00:   File "/opt/Tennis_Booking/venv/lib/python3.12/site-packages/gunicorn/workers/sync.py", line 133, in handle
2026-02-07 15:35:10 +01:00:     req = next(parser)
2026-02-07 15:35:10 +01:00:           ^^^^^^^^^^^^
2026-02-07 15:35:10 +01:00:   File "/opt/Tennis_Booking/venv/lib/python3.12/site-packages/gunicorn/http/parser.py", line 41, in __next__
2026-02-07 15:35:10 +01:00:     self.mesg = self.mesg_class(self.cfg, self.unreader, self.source_addr, self.req_count)
2026-02-07 15:35:10 +01:00:                 ^^^^^^^^^^^^^^^^^^^^^^^^^^^^^^^^^^^^^^^^^^^^^^^^^^^^^^^^^^^^^^^^^^^^^^^^^^
2026-02-07 15:35:10 +01:00:   File "/opt/Tennis_Booking/venv/lib/python3.12/site-packages/gunicorn/http/message.py", line 259, in __init__
2026-02-07 15:35:10 +01:00:     super().__init__(cfg, unreader, peer_addr)
2026-02-07 15:35:10 +01:00:   File "/opt/Tennis_Booking/venv/lib/python3.12/site-packages/gunicorn/http/message.py", line 60, in __init__
2026-02-07 15:35:10 +01:00:     unused = self.parse(self.unreader)
2026-02-07 15:35:10 +01:00:              ^^^^^^^^^^^^^^^^^^^^^^^^^
2026-02-07 15:35:10 +01:00:   File "/opt/Tennis_Booking/venv/lib/python3.12/site-packages/gunicorn/http/message.py", line 274, in parse
2026-02-07 15:35:10 +01:00:     line, rbuf = self.read_line(unreader, buf, self.limit_request_line)
2026-02-07 15:35:10 +01:00:                  ^^^^^^^^^^^^^^^^^^^^^^^^^^^^^^^^^^^^^^^^^^^^^^^^^^^^^^
2026-02-07 15:35:10 +01:00:   File "/opt/Tennis_Booking/venv/lib/python3.12/site-packages/gunicorn/http/message.py", line 326, in read_line
2026-02-07 15:35:10 +01:00:     self.get_data(unreader, buf)
2026-02-07 15:35:10 +01:00:   File "/opt/Tennis_Booking/venv/lib/python3.12/site-packages/gunicorn/http/message.py", line 262, in get_data
2026-02-07 15:35:10 +01:00:     data = unreader.read()
2026-02-07 15:35:10 +01:00:            ^^^^^^^^^^^^^^^
2026-02-07 15:35:10 +01:00:   File "/opt/Tennis_Booking/venv/lib/python3.12/site-packages/gunicorn/http/unreader.py", line 36, in read
2026-02-07 15:35:10 +01:00:     d = self.chunk()
2026-02-07 15:35:10 +01:00:         ^^^^^^^^^^^^
2026-02-07 15:35:10 +01:00:   File "/opt/Tennis_Booking/venv/lib/python3.12/site-packages/gunicorn/http/unreader.py", line 63, in chunk
2026-02-07 15:35:10 +01:00:     return self.sock.recv(self.mxchunk)
2026-02-07 15:35:10 +01:00:            ^^^^^^^^^^^^^^^^^^^^^^^^^^^^
2026-02-07 15:35:10 +01:00:   File "/opt/Tennis_Booking/venv/lib/python3.12/site-packages/gunicorn/workers/base.py", line 204, in handle_abort
2026-02-07 15:35:10 +01:00:     sys.exit(1)
2026-02-07 15:35:10 +01:00: SystemExit: 1
2026-02-07 15:35:10 +01:00: [2026-02-07 15:35:10 +0100] [3606637] [INFO] Worker exiting (pid: 3606637)
2026-02-07 15:35:10 +01:00: [2026-02-07 15:35:10 +0100] [3606684] [INFO] Booting worker with pid: 3606684
2026-02-07 15:36:57 +01:00: [2026-02-07 15:36:57 +0100] [3048326] [CRITICAL] WORKER TIMEOUT (pid:3606676)
2026-02-07 15:36:57 +01:00: [2026-02-07 15:36:57 +0100] [3606676] [ERROR] Error handling request (no URI read)
2026-02-07 15:36:57 +01:00: Traceback (most recent call last):
2026-02-07 15:36:57 +01:00:   File "/opt/Tennis_Booking/venv/lib/python3.12/site-packages/gunicorn/workers/sync.py", line 133, in handle
2026-02-07 15:36:57 +01:00:     req = next(parser)
2026-02-07 15:36:57 +01:00:           ^^^^^^^^^^^^
2026-02-07 15:36:57 +01:00:   File "/opt/Tennis_Booking/venv/lib/python3.12/site-packages/gunicorn/http/parser.py", line 41, in __next__
2026-02-07 15:36:57 +01:00:     self.mesg = self.mesg_class(self.cfg, self.unreader, self.source_addr, self.req_count)
2026-02-07 15:36:57 +01:00:                 ^^^^^^^^^^^^^^^^^^^^^^^^^^^^^^^^^^^^^^^^^^^^^^^^^^^^^^^^^^^^^^^^^^^^^^^^^^
2026-02-07 15:36:57 +01:00:   File "/opt/Tennis_Booking/venv/lib/python3.12/site-packages/gunicorn/http/message.py", line 259, in __init__
2026-02-07 15:36:57 +01:00:     super().__init__(cfg, unreader, peer_addr)
2026-02-07 15:36:57 +01:00:   File "/opt/Tennis_Booking/venv/lib/python3.12/site-packages/gunicorn/http/message.py", line 60, in __init__
2026-02-07 15:36:57 +01:00:     unused = self.parse(self.unreader)
2026-02-07 15:36:57 +01:00:              ^^^^^^^^^^^^^^^^^^^^^^^^^
2026-02-07 15:36:57 +01:00:   File "/opt/Tennis_Booking/venv/lib/python3.12/site-packages/gunicorn/http/message.py", line 274, in parse
2026-02-07 15:36:57 +01:00:     line, rbuf = self.read_line(unreader, buf, self.limit_request_line)
2026-02-07 15:36:57 +01:00:                  ^^^^^^^^^^^^^^^^^^^^^^^^^^^^^^^^^^^^^^^^^^^^^^^^^^^^^^
2026-02-07 15:36:57 +01:00:   File "/opt/Tennis_Booking/venv/lib/python3.12/site-packages/gunicorn/http/message.py", line 326, in read_line
2026-02-07 15:36:57 +01:00:     self.get_data(unreader, buf)
2026-02-07 15:36:57 +01:00:   File "/opt/Tennis_Booking/venv/lib/python3.12/site-packages/gunicorn/http/message.py", line 262, in get_data
2026-02-07 15:36:57 +01:00:     data = unreader.read()
2026-02-07 15:36:57 +01:00:            ^^^^^^^^^^^^^^^
2026-02-07 15:36:57 +01:00:   File "/opt/Tennis_Booking/venv/lib/python3.12/site-packages/gunicorn/http/unreader.py", line 36, in read
2026-02-07 15:36:57 +01:00:     d = self.chunk()
2026-02-07 15:36:57 +01:00:         ^^^^^^^^^^^^
2026-02-07 15:36:57 +01:00:   File "/opt/Tennis_Booking/venv/lib/python3.12/site-packages/gunicorn/http/unreader.py", line 63, in chunk
2026-02-07 15:36:57 +01:00:     return self.sock.recv(self.mxchunk)
2026-02-07 15:36:57 +01:00:            ^^^^^^^^^^^^^^^^^^^^^^^^^^^^
2026-02-07 15:36:57 +01:00:   File "/opt/Tennis_Booking/venv/lib/python3.12/site-packages/gunicorn/workers/base.py", line 204, in handle_abort
2026-02-07 15:36:57 +01:00:     sys.exit(1)
2026-02-07 15:36:57 +01:00: SystemExit: 1
2026-02-07 15:36:57 +01:00: [2026-02-07 15:36:57 +0100] [3606676] [INFO] Worker exiting (pid: 3606676)
2026-02-07 15:36:57 +01:00: [2026-02-07 15:36:57 +0100] [3606726] [INFO] Booting worker with pid: 3606726
2026-02-07 15:37:11 +01:00: [2026-02-07 15:37:11 +0100] [3048326] [CRITICAL] WORKER TIMEOUT (pid:3606684)
2026-02-07 15:37:11 +01:00: [2026-02-07 15:37:11 +0100] [3606684] [ERROR] Error handling request (no URI read)
2026-02-07 15:37:11 +01:00: Traceback (most recent call last):
2026-02-07 15:37:11 +01:00:   File "/opt/Tennis_Booking/venv/lib/python3.12/site-packages/gunicorn/workers/sync.py", line 133, in handle
2026-02-07 15:37:11 +01:00:     req = next(parser)
2026-02-07 15:37:11 +01:00:           ^^^^^^^^^^^^
2026-02-07 15:37:11 +01:00:   File "/opt/Tennis_Booking/venv/lib/python3.12/site-packages/gunicorn/http/parser.py", line 41, in __next__
2026-02-07 15:37:11 +01:00:     self.mesg = self.mesg_class(self.cfg, self.unreader, self.source_addr, self.req_count)
2026-02-07 15:37:11 +01:00:                 ^^^^^^^^^^^^^^^^^^^^^^^^^^^^^^^^^^^^^^^^^^^^^^^^^^^^^^^^^^^^^^^^^^^^^^^^^^
2026-02-07 15:37:11 +01:00:   File "/opt/Tennis_Booking/venv/lib/python3.12/site-packages/gunicorn/http/message.py", line 259, in __init__
2026-02-07 15:37:11 +01:00:     super().__init__(cfg, unreader, peer_addr)
2026-02-07 15:37:11 +01:00:   File "/opt/Tennis_Booking/venv/lib/python3.12/site-packages/gunicorn/http/message.py", line 60, in __init__
2026-02-07 15:37:11 +01:00:     unused = self.parse(self.unreader)
2026-02-07 15:37:11 +01:00:              ^^^^^^^^^^^^^^^^^^^^^^^^^
2026-02-07 15:37:11 +01:00:   File "/opt/Tennis_Booking/venv/lib/python3.12/site-packages/gunicorn/http/message.py", line 274, in parse
2026-02-07 15:37:11 +01:00:     line, rbuf = self.read_line(unreader, buf, self.limit_request_line)
2026-02-07 15:37:11 +01:00:                  ^^^^^^^^^^^^^^^^^^^^^^^^^^^^^^^^^^^^^^^^^^^^^^^^^^^^^^
2026-02-07 15:37:11 +01:00:   File "/opt/Tennis_Booking/venv/lib/python3.12/site-packages/gunicorn/http/message.py", line 326, in read_line
2026-02-07 15:37:11 +01:00:     self.get_data(unreader, buf)
2026-02-07 15:37:11 +01:00:   File "/opt/Tennis_Booking/venv/lib/python3.12/site-packages/gunicorn/http/message.py", line 262, in get_data
2026-02-07 15:37:11 +01:00:     data = unreader.read()
2026-02-07 15:37:11 +01:00:            ^^^^^^^^^^^^^^^
2026-02-07 15:37:11 +01:00:   File "/opt/Tennis_Booking/venv/lib/python3.12/site-packages/gunicorn/http/unreader.py", line 36, in read
2026-02-07 15:37:11 +01:00:     d = self.chunk()
2026-02-07 15:37:11 +01:00:         ^^^^^^^^^^^^
2026-02-07 15:37:11 +01:00:   File "/opt/Tennis_Booking/venv/lib/python3.12/site-packages/gunicorn/http/unreader.py", line 63, in chunk
2026-02-07 15:37:11 +01:00:     return self.sock.recv(self.mxchunk)
2026-02-07 15:37:11 +01:00:            ^^^^^^^^^^^^^^^^^^^^^^^^^^^^
2026-02-07 15:37:11 +01:00:   File "/opt/Tennis_Booking/venv/lib/python3.12/site-packages/gunicorn/workers/base.py", line 204, in handle_abort
2026-02-07 15:37:11 +01:00:     sys.exit(1)
2026-02-07 15:37:11 +01:00: SystemExit: 1
2026-02-07 15:37:11 +01:00: [2026-02-07 15:37:11 +0100] [3606684] [INFO] Worker exiting (pid: 3606684)
2026-02-07 15:37:11 +01:00: [2026-02-07 15:37:11 +0100] [3606735] [INFO] Booting worker with pid: 3606735
2026-02-07 15:38:57 +01:00: [2026-02-07 15:38:57 +0100] [3048326] [CRITICAL] WORKER TIMEOUT (pid:3606726)
2026-02-07 15:38:57 +01:00: [2026-02-07 15:38:57 +0100] [3606726] [ERROR] Error handling request (no URI read)
2026-02-07 15:38:57 +01:00: Traceback (most recent call last):
2026-02-07 15:38:57 +01:00:   File "/opt/Tennis_Booking/venv/lib/python3.12/site-packages/gunicorn/workers/sync.py", line 133, in handle
2026-02-07 15:38:57 +01:00:     req = next(parser)
2026-02-07 15:38:57 +01:00:           ^^^^^^^^^^^^
2026-02-07 15:38:57 +01:00:   File "/opt/Tennis_Booking/venv/lib/python3.12/site-packages/gunicorn/http/parser.py", line 41, in __next__
2026-02-07 15:38:57 +01:00:     self.mesg = self.mesg_class(self.cfg, self.unreader, self.source_addr, self.req_count)
2026-02-07 15:38:57 +01:00:                 ^^^^^^^^^^^^^^^^^^^^^^^^^^^^^^^^^^^^^^^^^^^^^^^^^^^^^^^^^^^^^^^^^^^^^^^^^^
2026-02-07 15:38:57 +01:00:   File "/opt/Tennis_Booking/venv/lib/python3.12/site-packages/gunicorn/http/message.py", line 259, in __init__
2026-02-07 15:38:57 +01:00:     super().__init__(cfg, unreader, peer_addr)
2026-02-07 15:38:57 +01:00:   File "/opt/Tennis_Booking/venv/lib/python3.12/site-packages/gunicorn/http/message.py", line 60, in __init__
2026-02-07 15:38:57 +01:00:     unused = self.parse(self.unreader)
2026-02-07 15:38:57 +01:00:              ^^^^^^^^^^^^^^^^^^^^^^^^^
2026-02-07 15:38:57 +01:00:   File "/opt/Tennis_Booking/venv/lib/python3.12/site-packages/gunicorn/http/message.py", line 274, in parse
2026-02-07 15:38:57 +01:00:     line, rbuf = self.read_line(unreader, buf, self.limit_request_line)
2026-02-07 15:38:57 +01:00:                  ^^^^^^^^^^^^^^^^^^^^^^^^^^^^^^^^^^^^^^^^^^^^^^^^^^^^^^
2026-02-07 15:38:57 +01:00:   File "/opt/Tennis_Booking/venv/lib/python3.12/site-packages/gunicorn/http/message.py", line 326, in read_line
2026-02-07 15:38:57 +01:00:     self.get_data(unreader, buf)
2026-02-07 15:38:57 +01:00:   File "/opt/Tennis_Booking/venv/lib/python3.12/site-packages/gunicorn/http/message.py", line 262, in get_data
2026-02-07 15:38:57 +01:00:     data = unreader.read()
2026-02-07 15:38:57 +01:00:            ^^^^^^^^^^^^^^^
2026-02-07 15:38:57 +01:00:   File "/opt/Tennis_Booking/venv/lib/python3.12/site-packages/gunicorn/http/unreader.py", line 36, in read
2026-02-07 15:38:57 +01:00:     d = self.chunk()
2026-02-07 15:38:57 +01:00:         ^^^^^^^^^^^^
2026-02-07 15:38:57 +01:00:   File "/opt/Tennis_Booking/venv/lib/python3.12/site-packages/gunicorn/http/unreader.py", line 63, in chunk
2026-02-07 15:38:57 +01:00:     return self.sock.recv(self.mxchunk)
2026-02-07 15:38:57 +01:00:            ^^^^^^^^^^^^^^^^^^^^^^^^^^^^
2026-02-07 15:38:57 +01:00:   File "/opt/Tennis_Booking/venv/lib/python3.12/site-packages/gunicorn/workers/base.py", line 204, in handle_abort
2026-02-07 15:38:57 +01:00:     sys.exit(1)
2026-02-07 15:38:57 +01:00: SystemExit: 1
2026-02-07 15:38:57 +01:00: [2026-02-07 15:38:57 +0100] [3606726] [INFO] Worker exiting (pid: 3606726)
2026-02-07 15:38:57 +01:00: [2026-02-07 15:38:57 +0100] [3606768] [INFO] Booting worker with pid: 3606768
2026-02-07 15:39:11 +01:00: [2026-02-07 15:39:11 +0100] [3048326] [CRITICAL] WORKER TIMEOUT (pid:3606735)
2026-02-07 15:39:11 +01:00: [2026-02-07 15:39:11 +0100] [3606735] [ERROR] Error handling request (no URI read)
2026-02-07 15:39:11 +01:00: Traceback (most recent call last):
2026-02-07 15:39:11 +01:00:   File "/opt/Tennis_Booking/venv/lib/python3.12/site-packages/gunicorn/workers/sync.py", line 133, in handle
2026-02-07 15:39:11 +01:00:     req = next(parser)
2026-02-07 15:39:11 +01:00:           ^^^^^^^^^^^^
2026-02-07 15:39:11 +01:00:   File "/opt/Tennis_Booking/venv/lib/python3.12/site-packages/gunicorn/http/parser.py", line 41, in __next__
2026-02-07 15:39:11 +01:00:     self.mesg = self.mesg_class(self.cfg, self.unreader, self.source_addr, self.req_count)
2026-02-07 15:39:11 +01:00:                 ^^^^^^^^^^^^^^^^^^^^^^^^^^^^^^^^^^^^^^^^^^^^^^^^^^^^^^^^^^^^^^^^^^^^^^^^^^
2026-02-07 15:39:11 +01:00:   File "/opt/Tennis_Booking/venv/lib/python3.12/site-packages/gunicorn/http/message.py", line 259, in __init__
2026-02-07 15:39:11 +01:00:     super().__init__(cfg, unreader, peer_addr)
2026-02-07 15:39:11 +01:00:   File "/opt/Tennis_Booking/venv/lib/python3.12/site-packages/gunicorn/http/message.py", line 60, in __init__
2026-02-07 15:39:11 +01:00:     unused = self.parse(self.unreader)
2026-02-07 15:39:11 +01:00:              ^^^^^^^^^^^^^^^^^^^^^^^^^
2026-02-07 15:39:11 +01:00:   File "/opt/Tennis_Booking/venv/lib/python3.12/site-packages/gunicorn/http/message.py", line 274, in parse
2026-02-07 15:39:11 +01:00:     line, rbuf = self.read_line(unreader, buf, self.limit_request_line)
2026-02-07 15:39:11 +01:00:                  ^^^^^^^^^^^^^^^^^^^^^^^^^^^^^^^^^^^^^^^^^^^^^^^^^^^^^^
2026-02-07 15:39:11 +01:00:   File "/opt/Tennis_Booking/venv/lib/python3.12/site-packages/gunicorn/http/message.py", line 326, in read_line
2026-02-07 15:39:11 +01:00:     self.get_data(unreader, buf)
2026-02-07 15:39:11 +01:00:   File "/opt/Tennis_Booking/venv/lib/python3.12/site-packages/gunicorn/http/message.py", line 262, in get_data
2026-02-07 15:39:11 +01:00:     data = unreader.read()
2026-02-07 15:39:11 +01:00:            ^^^^^^^^^^^^^^^
2026-02-07 15:39:11 +01:00:   File "/opt/Tennis_Booking/venv/lib/python3.12/site-packages/gunicorn/http/unreader.py", line 36, in read
2026-02-07 15:39:11 +01:00:     d = self.chunk()
2026-02-07 15:39:11 +01:00:         ^^^^^^^^^^^^
2026-02-07 15:39:11 +01:00:   File "/opt/Tennis_Booking/venv/lib/python3.12/site-packages/gunicorn/http/unreader.py", line 63, in chunk
2026-02-07 15:39:11 +01:00:     return self.sock.recv(self.mxchunk)
2026-02-07 15:39:11 +01:00:            ^^^^^^^^^^^^^^^^^^^^^^^^^^^^
2026-02-07 15:39:11 +01:00:   File "/opt/Tennis_Booking/venv/lib/python3.12/site-packages/gunicorn/workers/base.py", line 204, in handle_abort
2026-02-07 15:39:11 +01:00:     sys.exit(1)
2026-02-07 15:39:11 +01:00: SystemExit: 1
2026-02-07 15:39:11 +01:00: [2026-02-07 15:39:11 +0100] [3606735] [INFO] Worker exiting (pid: 3606735)
2026-02-07 15:39:11 +01:00: [2026-02-07 15:39:11 +0100] [3606775] [INFO] Booting worker with pid: 3606775
2026-02-07 15:40:57 +01:00: [2026-02-07 15:40:57 +0100] [3048326] [CRITICAL] WORKER TIMEOUT (pid:3606768)
2026-02-07 15:40:57 +01:00: [2026-02-07 15:40:57 +0100] [3606768] [ERROR] Error handling request (no URI read)
2026-02-07 15:40:57 +01:00: Traceback (most recent call last):
2026-02-07 15:40:57 +01:00:   File "/opt/Tennis_Booking/venv/lib/python3.12/site-packages/gunicorn/workers/sync.py", line 133, in handle
2026-02-07 15:40:57 +01:00:     req = next(parser)
2026-02-07 15:40:57 +01:00:           ^^^^^^^^^^^^
2026-02-07 15:40:57 +01:00:   File "/opt/Tennis_Booking/venv/lib/python3.12/site-packages/gunicorn/http/parser.py", line 41, in __next__
2026-02-07 15:40:57 +01:00:     self.mesg = self.mesg_class(self.cfg, self.unreader, self.source_addr, self.req_count)
2026-02-07 15:40:57 +01:00:                 ^^^^^^^^^^^^^^^^^^^^^^^^^^^^^^^^^^^^^^^^^^^^^^^^^^^^^^^^^^^^^^^^^^^^^^^^^^
2026-02-07 15:40:57 +01:00:   File "/opt/Tennis_Booking/venv/lib/python3.12/site-packages/gunicorn/http/message.py", line 259, in __init__
2026-02-07 15:40:57 +01:00:     super().__init__(cfg, unreader, peer_addr)
2026-02-07 15:40:57 +01:00:   File "/opt/Tennis_Booking/venv/lib/python3.12/site-packages/gunicorn/http/message.py", line 60, in __init__
2026-02-07 15:40:57 +01:00:     unused = self.parse(self.unreader)
2026-02-07 15:40:57 +01:00:              ^^^^^^^^^^^^^^^^^^^^^^^^^
2026-02-07 15:40:57 +01:00:   File "/opt/Tennis_Booking/venv/lib/python3.12/site-packages/gunicorn/http/message.py", line 274, in parse
2026-02-07 15:40:57 +01:00:     line, rbuf = self.read_line(unreader, buf, self.limit_request_line)
2026-02-07 15:40:57 +01:00:                  ^^^^^^^^^^^^^^^^^^^^^^^^^^^^^^^^^^^^^^^^^^^^^^^^^^^^^^
2026-02-07 15:40:57 +01:00:   File "/opt/Tennis_Booking/venv/lib/python3.12/site-packages/gunicorn/http/message.py", line 326, in read_line
2026-02-07 15:40:57 +01:00:     self.get_data(unreader, buf)
2026-02-07 15:40:57 +01:00:   File "/opt/Tennis_Booking/venv/lib/python3.12/site-packages/gunicorn/http/message.py", line 262, in get_data
2026-02-07 15:40:57 +01:00:     data = unreader.read()
2026-02-07 15:40:57 +01:00:            ^^^^^^^^^^^^^^^
2026-02-07 15:40:57 +01:00:   File "/opt/Tennis_Booking/venv/lib/python3.12/site-packages/gunicorn/http/unreader.py", line 36, in read
2026-02-07 15:40:57 +01:00:     d = self.chunk()
2026-02-07 15:40:57 +01:00:         ^^^^^^^^^^^^
2026-02-07 15:40:57 +01:00:   File "/opt/Tennis_Booking/venv/lib/python3.12/site-packages/gunicorn/http/unreader.py", line 63, in chunk
2026-02-07 15:40:57 +01:00:     return self.sock.recv(self.mxchunk)
2026-02-07 15:40:57 +01:00:            ^^^^^^^^^^^^^^^^^^^^^^^^^^^^
2026-02-07 15:40:57 +01:00:   File "/opt/Tennis_Booking/venv/lib/python3.12/site-packages/gunicorn/workers/base.py", line 204, in handle_abort
2026-02-07 15:40:57 +01:00:     sys.exit(1)
2026-02-07 15:40:57 +01:00: SystemExit: 1
2026-02-07 15:40:57 +01:00: [2026-02-07 15:40:57 +0100] [3606768] [INFO] Worker exiting (pid: 3606768)
2026-02-07 15:40:57 +01:00: [2026-02-07 15:40:57 +0100] [3606817] [INFO] Booting worker with pid: 3606817
2026-02-07 15:41:11 +01:00: [2026-02-07 15:41:11 +0100] [3048326] [CRITICAL] WORKER TIMEOUT (pid:3606775)
2026-02-07 15:41:11 +01:00: [2026-02-07 15:41:11 +0100] [3606775] [ERROR] Error handling request (no URI read)
2026-02-07 15:41:11 +01:00: Traceback (most recent call last):
2026-02-07 15:41:11 +01:00:   File "/opt/Tennis_Booking/venv/lib/python3.12/site-packages/gunicorn/workers/sync.py", line 133, in handle
2026-02-07 15:41:11 +01:00:     req = next(parser)
2026-02-07 15:41:11 +01:00:           ^^^^^^^^^^^^
2026-02-07 15:41:11 +01:00:   File "/opt/Tennis_Booking/venv/lib/python3.12/site-packages/gunicorn/http/parser.py", line 41, in __next__
2026-02-07 15:41:11 +01:00:     self.mesg = self.mesg_class(self.cfg, self.unreader, self.source_addr, self.req_count)
2026-02-07 15:41:11 +01:00:                 ^^^^^^^^^^^^^^^^^^^^^^^^^^^^^^^^^^^^^^^^^^^^^^^^^^^^^^^^^^^^^^^^^^^^^^^^^^
2026-02-07 15:41:11 +01:00:   File "/opt/Tennis_Booking/venv/lib/python3.12/site-packages/gunicorn/http/message.py", line 259, in __init__
2026-02-07 15:41:11 +01:00:     super().__init__(cfg, unreader, peer_addr)
2026-02-07 15:41:11 +01:00:   File "/opt/Tennis_Booking/venv/lib/python3.12/site-packages/gunicorn/http/message.py", line 60, in __init__
2026-02-07 15:41:11 +01:00:     unused = self.parse(self.unreader)
2026-02-07 15:41:11 +01:00:              ^^^^^^^^^^^^^^^^^^^^^^^^^
2026-02-07 15:41:11 +01:00:   File "/opt/Tennis_Booking/venv/lib/python3.12/site-packages/gunicorn/http/message.py", line 274, in parse
2026-02-07 15:41:11 +01:00:     line, rbuf = self.read_line(unreader, buf, self.limit_request_line)
2026-02-07 15:41:11 +01:00:                  ^^^^^^^^^^^^^^^^^^^^^^^^^^^^^^^^^^^^^^^^^^^^^^^^^^^^^^
2026-02-07 15:41:11 +01:00:   File "/opt/Tennis_Booking/venv/lib/python3.12/site-packages/gunicorn/http/message.py", line 326, in read_line
2026-02-07 15:41:11 +01:00:     self.get_data(unreader, buf)
2026-02-07 15:41:11 +01:00:   File "/opt/Tennis_Booking/venv/lib/python3.12/site-packages/gunicorn/http/message.py", line 262, in get_data
2026-02-07 15:41:11 +01:00:     data = unreader.read()
2026-02-07 15:41:11 +01:00:            ^^^^^^^^^^^^^^^
2026-02-07 15:41:11 +01:00:   File "/opt/Tennis_Booking/venv/lib/python3.12/site-packages/gunicorn/http/unreader.py", line 36, in read
2026-02-07 15:41:11 +01:00:     d = self.chunk()
2026-02-07 15:41:11 +01:00:         ^^^^^^^^^^^^
2026-02-07 15:41:11 +01:00:   File "/opt/Tennis_Booking/venv/lib/python3.12/site-packages/gunicorn/http/unreader.py", line 63, in chunk
2026-02-07 15:41:11 +01:00:     return self.sock.recv(self.mxchunk)
2026-02-07 15:41:11 +01:00:            ^^^^^^^^^^^^^^^^^^^^^^^^^^^^
2026-02-07 15:41:11 +01:00:   File "/opt/Tennis_Booking/venv/lib/python3.12/site-packages/gunicorn/workers/base.py", line 204, in handle_abort
2026-02-07 15:41:11 +01:00:     sys.exit(1)
2026-02-07 15:41:11 +01:00: SystemExit: 1
2026-02-07 15:41:11 +01:00: [2026-02-07 15:41:11 +0100] [3606775] [INFO] Worker exiting (pid: 3606775)
2026-02-07 15:41:12 +01:00: [2026-02-07 15:41:12 +0100] [3606826] [INFO] Booting worker with pid: 3606826
2026-02-07 15:42:58 +01:00: [2026-02-07 15:42:58 +0100] [3048326] [CRITICAL] WORKER TIMEOUT (pid:3606817)
2026-02-07 15:42:58 +01:00: [2026-02-07 15:42:58 +0100] [3606817] [ERROR] Error handling request (no URI read)
2026-02-07 15:42:58 +01:00: Traceback (most recent call last):
2026-02-07 15:42:58 +01:00:   File "/opt/Tennis_Booking/venv/lib/python3.12/site-packages/gunicorn/workers/sync.py", line 133, in handle
2026-02-07 15:42:58 +01:00:     req = next(parser)
2026-02-07 15:42:58 +01:00:           ^^^^^^^^^^^^
2026-02-07 15:42:58 +01:00:   File "/opt/Tennis_Booking/venv/lib/python3.12/site-packages/gunicorn/http/parser.py", line 41, in __next__
2026-02-07 15:42:58 +01:00:     self.mesg = self.mesg_class(self.cfg, self.unreader, self.source_addr, self.req_count)
2026-02-07 15:42:58 +01:00:                 ^^^^^^^^^^^^^^^^^^^^^^^^^^^^^^^^^^^^^^^^^^^^^^^^^^^^^^^^^^^^^^^^^^^^^^^^^^
2026-02-07 15:42:58 +01:00:   File "/opt/Tennis_Booking/venv/lib/python3.12/site-packages/gunicorn/http/message.py", line 259, in __init__
2026-02-07 15:42:58 +01:00:     super().__init__(cfg, unreader, peer_addr)
2026-02-07 15:42:58 +01:00:   File "/opt/Tennis_Booking/venv/lib/python3.12/site-packages/gunicorn/http/message.py", line 60, in __init__
2026-02-07 15:42:58 +01:00:     unused = self.parse(self.unreader)
2026-02-07 15:42:58 +01:00:              ^^^^^^^^^^^^^^^^^^^^^^^^^
2026-02-07 15:42:58 +01:00:   File "/opt/Tennis_Booking/venv/lib/python3.12/site-packages/gunicorn/http/message.py", line 274, in parse
2026-02-07 15:42:58 +01:00:     line, rbuf = self.read_line(unreader, buf, self.limit_request_line)
2026-02-07 15:42:58 +01:00:                  ^^^^^^^^^^^^^^^^^^^^^^^^^^^^^^^^^^^^^^^^^^^^^^^^^^^^^^
2026-02-07 15:42:58 +01:00:   File "/opt/Tennis_Booking/venv/lib/python3.12/site-packages/gunicorn/http/message.py", line 326, in read_line
2026-02-07 15:42:58 +01:00:     self.get_data(unreader, buf)
2026-02-07 15:42:58 +01:00:   File "/opt/Tennis_Booking/venv/lib/python3.12/site-packages/gunicorn/http/message.py", line 262, in get_data
2026-02-07 15:42:58 +01:00:     data = unreader.read()
2026-02-07 15:42:58 +01:00:            ^^^^^^^^^^^^^^^
2026-02-07 15:42:58 +01:00:   File "/opt/Tennis_Booking/venv/lib/python3.12/site-packages/gunicorn/http/unreader.py", line 36, in read
2026-02-07 15:42:58 +01:00:     d = self.chunk()
2026-02-07 15:42:58 +01:00:         ^^^^^^^^^^^^
2026-02-07 15:42:58 +01:00:   File "/opt/Tennis_Booking/venv/lib/python3.12/site-packages/gunicorn/http/unreader.py", line 63, in chunk
2026-02-07 15:42:58 +01:00:     return self.sock.recv(self.mxchunk)
2026-02-07 15:42:58 +01:00:            ^^^^^^^^^^^^^^^^^^^^^^^^^^^^
2026-02-07 15:42:58 +01:00:   File "/opt/Tennis_Booking/venv/lib/python3.12/site-packages/gunicorn/workers/base.py", line 204, in handle_abort
2026-02-07 15:42:58 +01:00:     sys.exit(1)
2026-02-07 15:42:58 +01:00: SystemExit: 1
2026-02-07 15:42:58 +01:00: [2026-02-07 15:42:58 +0100] [3606817] [INFO] Worker exiting (pid: 3606817)
2026-02-07 15:42:58 +01:00: [2026-02-07 15:42:58 +0100] [3606873] [INFO] Booting worker with pid: 3606873
2026-02-07 15:43:12 +01:00: [2026-02-07 15:43:12 +0100] [3048326] [CRITICAL] WORKER TIMEOUT (pid:3606826)
2026-02-07 15:43:12 +01:00: [2026-02-07 15:43:12 +0100] [3606826] [ERROR] Error handling request (no URI read)
2026-02-07 15:43:12 +01:00: Traceback (most recent call last):
2026-02-07 15:43:12 +01:00:   File "/opt/Tennis_Booking/venv/lib/python3.12/site-packages/gunicorn/workers/sync.py", line 133, in handle
2026-02-07 15:43:12 +01:00:     req = next(parser)
2026-02-07 15:43:12 +01:00:           ^^^^^^^^^^^^
2026-02-07 15:43:12 +01:00:   File "/opt/Tennis_Booking/venv/lib/python3.12/site-packages/gunicorn/http/parser.py", line 41, in __next__
2026-02-07 15:43:12 +01:00:     self.mesg = self.mesg_class(self.cfg, self.unreader, self.source_addr, self.req_count)
2026-02-07 15:43:12 +01:00:                 ^^^^^^^^^^^^^^^^^^^^^^^^^^^^^^^^^^^^^^^^^^^^^^^^^^^^^^^^^^^^^^^^^^^^^^^^^^
2026-02-07 15:43:12 +01:00:   File "/opt/Tennis_Booking/venv/lib/python3.12/site-packages/gunicorn/http/message.py", line 259, in __init__
2026-02-07 15:43:12 +01:00:     super().__init__(cfg, unreader, peer_addr)
2026-02-07 15:43:12 +01:00:   File "/opt/Tennis_Booking/venv/lib/python3.12/site-packages/gunicorn/http/message.py", line 60, in __init__
2026-02-07 15:43:12 +01:00:     unused = self.parse(self.unreader)
2026-02-07 15:43:12 +01:00:              ^^^^^^^^^^^^^^^^^^^^^^^^^
2026-02-07 15:43:12 +01:00:   File "/opt/Tennis_Booking/venv/lib/python3.12/site-packages/gunicorn/http/message.py", line 274, in parse
2026-02-07 15:43:12 +01:00:     line, rbuf = self.read_line(unreader, buf, self.limit_request_line)
2026-02-07 15:43:12 +01:00:                  ^^^^^^^^^^^^^^^^^^^^^^^^^^^^^^^^^^^^^^^^^^^^^^^^^^^^^^
2026-02-07 15:43:12 +01:00:   File "/opt/Tennis_Booking/venv/lib/python3.12/site-packages/gunicorn/http/message.py", line 326, in read_line
2026-02-07 15:43:12 +01:00:     self.get_data(unreader, buf)
2026-02-07 15:43:12 +01:00:   File "/opt/Tennis_Booking/venv/lib/python3.12/site-packages/gunicorn/http/message.py", line 262, in get_data
2026-02-07 15:43:12 +01:00:     data = unreader.read()
2026-02-07 15:43:12 +01:00:            ^^^^^^^^^^^^^^^
2026-02-07 15:43:12 +01:00:   File "/opt/Tennis_Booking/venv/lib/python3.12/site-packages/gunicorn/http/unreader.py", line 36, in read
2026-02-07 15:43:12 +01:00:     d = self.chunk()
2026-02-07 15:43:12 +01:00:         ^^^^^^^^^^^^
2026-02-07 15:43:12 +01:00:   File "/opt/Tennis_Booking/venv/lib/python3.12/site-packages/gunicorn/http/unreader.py", line 63, in chunk
2026-02-07 15:43:12 +01:00:     return self.sock.recv(self.mxchunk)
2026-02-07 15:43:12 +01:00:            ^^^^^^^^^^^^^^^^^^^^^^^^^^^^
2026-02-07 15:43:12 +01:00:   File "/opt/Tennis_Booking/venv/lib/python3.12/site-packages/gunicorn/workers/base.py", line 204, in handle_abort
2026-02-07 15:43:12 +01:00:     sys.exit(1)
2026-02-07 15:43:12 +01:00: SystemExit: 1
2026-02-07 15:43:12 +01:00: [2026-02-07 15:43:12 +0100] [3606826] [INFO] Worker exiting (pid: 3606826)
2026-02-07 15:43:12 +01:00: [2026-02-07 15:43:12 +0100] [3606878] [INFO] Booting worker with pid: 3606878
2026-02-07 15:44:58 +01:00: [2026-02-07 15:44:58 +0100] [3048326] [CRITICAL] WORKER TIMEOUT (pid:3606873)
2026-02-07 15:44:58 +01:00: [2026-02-07 15:44:58 +0100] [3606873] [ERROR] Error handling request (no URI read)
2026-02-07 15:44:58 +01:00: Traceback (most recent call last):
2026-02-07 15:44:58 +01:00:   File "/opt/Tennis_Booking/venv/lib/python3.12/site-packages/gunicorn/workers/sync.py", line 133, in handle
2026-02-07 15:44:58 +01:00:     req = next(parser)
2026-02-07 15:44:58 +01:00:           ^^^^^^^^^^^^
2026-02-07 15:44:58 +01:00:   File "/opt/Tennis_Booking/venv/lib/python3.12/site-packages/gunicorn/http/parser.py", line 41, in __next__
2026-02-07 15:44:58 +01:00:     self.mesg = self.mesg_class(self.cfg, self.unreader, self.source_addr, self.req_count)
2026-02-07 15:44:58 +01:00:                 ^^^^^^^^^^^^^^^^^^^^^^^^^^^^^^^^^^^^^^^^^^^^^^^^^^^^^^^^^^^^^^^^^^^^^^^^^^
2026-02-07 15:44:58 +01:00:   File "/opt/Tennis_Booking/venv/lib/python3.12/site-packages/gunicorn/http/message.py", line 259, in __init__
2026-02-07 15:44:58 +01:00:     super().__init__(cfg, unreader, peer_addr)
2026-02-07 15:44:58 +01:00:   File "/opt/Tennis_Booking/venv/lib/python3.12/site-packages/gunicorn/http/message.py", line 60, in __init__
2026-02-07 15:44:58 +01:00:     unused = self.parse(self.unreader)
2026-02-07 15:44:58 +01:00:              ^^^^^^^^^^^^^^^^^^^^^^^^^
2026-02-07 15:44:58 +01:00:   File "/opt/Tennis_Booking/venv/lib/python3.12/site-packages/gunicorn/http/message.py", line 274, in parse
2026-02-07 15:44:58 +01:00:     line, rbuf = self.read_line(unreader, buf, self.limit_request_line)
2026-02-07 15:44:58 +01:00:                  ^^^^^^^^^^^^^^^^^^^^^^^^^^^^^^^^^^^^^^^^^^^^^^^^^^^^^^
2026-02-07 15:44:58 +01:00:   File "/opt/Tennis_Booking/venv/lib/python3.12/site-packages/gunicorn/http/message.py", line 326, in read_line
2026-02-07 15:44:58 +01:00:     self.get_data(unreader, buf)
2026-02-07 15:44:58 +01:00:   File "/opt/Tennis_Booking/venv/lib/python3.12/site-packages/gunicorn/http/message.py", line 262, in get_data
2026-02-07 15:44:58 +01:00:     data = unreader.read()
2026-02-07 15:44:58 +01:00:            ^^^^^^^^^^^^^^^
2026-02-07 15:44:58 +01:00:   File "/opt/Tennis_Booking/venv/lib/python3.12/site-packages/gunicorn/http/unreader.py", line 36, in read
2026-02-07 15:44:58 +01:00:     d = self.chunk()
2026-02-07 15:44:58 +01:00:         ^^^^^^^^^^^^
2026-02-07 15:44:58 +01:00:   File "/opt/Tennis_Booking/venv/lib/python3.12/site-packages/gunicorn/http/unreader.py", line 63, in chunk
2026-02-07 15:44:58 +01:00:     return self.sock.recv(self.mxchunk)
2026-02-07 15:44:58 +01:00:            ^^^^^^^^^^^^^^^^^^^^^^^^^^^^
2026-02-07 15:44:58 +01:00:   File "/opt/Tennis_Booking/venv/lib/python3.12/site-packages/gunicorn/workers/base.py", line 204, in handle_abort
2026-02-07 15:44:58 +01:00:     sys.exit(1)
2026-02-07 15:44:58 +01:00: SystemExit: 1
2026-02-07 15:44:58 +01:00: [2026-02-07 15:44:58 +0100] [3606873] [INFO] Worker exiting (pid: 3606873)
2026-02-07 15:44:58 +01:00: [2026-02-07 15:44:58 +0100] [3606918] [INFO] Booting worker with pid: 3606918
2026-02-07 15:45:12 +01:00: [2026-02-07 15:45:12 +0100] [3048326] [CRITICAL] WORKER TIMEOUT (pid:3606878)
2026-02-07 15:45:12 +01:00: [2026-02-07 15:45:12 +0100] [3606878] [ERROR] Error handling request (no URI read)
2026-02-07 15:45:12 +01:00: Traceback (most recent call last):
2026-02-07 15:45:12 +01:00:   File "/opt/Tennis_Booking/venv/lib/python3.12/site-packages/gunicorn/workers/sync.py", line 133, in handle
2026-02-07 15:45:12 +01:00:     req = next(parser)
2026-02-07 15:45:12 +01:00:           ^^^^^^^^^^^^
2026-02-07 15:45:12 +01:00:   File "/opt/Tennis_Booking/venv/lib/python3.12/site-packages/gunicorn/http/parser.py", line 41, in __next__
2026-02-07 15:45:12 +01:00:     self.mesg = self.mesg_class(self.cfg, self.unreader, self.source_addr, self.req_count)
2026-02-07 15:45:12 +01:00:                 ^^^^^^^^^^^^^^^^^^^^^^^^^^^^^^^^^^^^^^^^^^^^^^^^^^^^^^^^^^^^^^^^^^^^^^^^^^
2026-02-07 15:45:12 +01:00:   File "/opt/Tennis_Booking/venv/lib/python3.12/site-packages/gunicorn/http/message.py", line 259, in __init__
2026-02-07 15:45:12 +01:00:     super().__init__(cfg, unreader, peer_addr)
2026-02-07 15:45:12 +01:00:   File "/opt/Tennis_Booking/venv/lib/python3.12/site-packages/gunicorn/http/message.py", line 60, in __init__
2026-02-07 15:45:12 +01:00:     unused = self.parse(self.unreader)
2026-02-07 15:45:12 +01:00:              ^^^^^^^^^^^^^^^^^^^^^^^^^
2026-02-07 15:45:12 +01:00:   File "/opt/Tennis_Booking/venv/lib/python3.12/site-packages/gunicorn/http/message.py", line 274, in parse
2026-02-07 15:45:12 +01:00:     line, rbuf = self.read_line(unreader, buf, self.limit_request_line)
2026-02-07 15:45:12 +01:00:                  ^^^^^^^^^^^^^^^^^^^^^^^^^^^^^^^^^^^^^^^^^^^^^^^^^^^^^^
2026-02-07 15:45:12 +01:00:   File "/opt/Tennis_Booking/venv/lib/python3.12/site-packages/gunicorn/http/message.py", line 326, in read_line
2026-02-07 15:45:12 +01:00:     self.get_data(unreader, buf)
2026-02-07 15:45:12 +01:00:   File "/opt/Tennis_Booking/venv/lib/python3.12/site-packages/gunicorn/http/message.py", line 262, in get_data
2026-02-07 15:45:12 +01:00:     data = unreader.read()
2026-02-07 15:45:12 +01:00:            ^^^^^^^^^^^^^^^
2026-02-07 15:45:12 +01:00:   File "/opt/Tennis_Booking/venv/lib/python3.12/site-packages/gunicorn/http/unreader.py", line 36, in read
2026-02-07 15:45:12 +01:00:     d = self.chunk()
2026-02-07 15:45:12 +01:00:         ^^^^^^^^^^^^
2026-02-07 15:45:12 +01:00:   File "/opt/Tennis_Booking/venv/lib/python3.12/site-packages/gunicorn/http/unreader.py", line 63, in chunk
2026-02-07 15:45:12 +01:00:     return self.sock.recv(self.mxchunk)
2026-02-07 15:45:12 +01:00:            ^^^^^^^^^^^^^^^^^^^^^^^^^^^^
2026-02-07 15:45:12 +01:00:   File "/opt/Tennis_Booking/venv/lib/python3.12/site-packages/gunicorn/workers/base.py", line 204, in handle_abort
2026-02-07 15:45:12 +01:00:     sys.exit(1)
2026-02-07 15:45:12 +01:00: SystemExit: 1
2026-02-07 15:45:12 +01:00: [2026-02-07 15:45:12 +0100] [3606878] [INFO] Worker exiting (pid: 3606878)
2026-02-07 15:45:12 +01:00: [2026-02-07 15:45:12 +0100] [3606932] [INFO] Booting worker with pid: 3606932
2026-02-07 15:46:59 +01:00: [2026-02-07 15:46:59 +0100] [3048326] [CRITICAL] WORKER TIMEOUT (pid:3606918)
2026-02-07 15:46:59 +01:00: [2026-02-07 15:46:59 +0100] [3606918] [ERROR] Error handling request (no URI read)
2026-02-07 15:46:59 +01:00: Traceback (most recent call last):
2026-02-07 15:46:59 +01:00:   File "/opt/Tennis_Booking/venv/lib/python3.12/site-packages/gunicorn/workers/sync.py", line 133, in handle
2026-02-07 15:46:59 +01:00:     req = next(parser)
2026-02-07 15:46:59 +01:00:           ^^^^^^^^^^^^
2026-02-07 15:46:59 +01:00:   File "/opt/Tennis_Booking/venv/lib/python3.12/site-packages/gunicorn/http/parser.py", line 41, in __next__
2026-02-07 15:46:59 +01:00:     self.mesg = self.mesg_class(self.cfg, self.unreader, self.source_addr, self.req_count)
2026-02-07 15:46:59 +01:00:                 ^^^^^^^^^^^^^^^^^^^^^^^^^^^^^^^^^^^^^^^^^^^^^^^^^^^^^^^^^^^^^^^^^^^^^^^^^^
2026-02-07 15:46:59 +01:00:   File "/opt/Tennis_Booking/venv/lib/python3.12/site-packages/gunicorn/http/message.py", line 259, in __init__
2026-02-07 15:46:59 +01:00:     super().__init__(cfg, unreader, peer_addr)
2026-02-07 15:46:59 +01:00:   File "/opt/Tennis_Booking/venv/lib/python3.12/site-packages/gunicorn/http/message.py", line 60, in __init__
2026-02-07 15:46:59 +01:00:     unused = self.parse(self.unreader)
2026-02-07 15:46:59 +01:00:              ^^^^^^^^^^^^^^^^^^^^^^^^^
2026-02-07 15:46:59 +01:00:   File "/opt/Tennis_Booking/venv/lib/python3.12/site-packages/gunicorn/http/message.py", line 274, in parse
2026-02-07 15:46:59 +01:00:     line, rbuf = self.read_line(unreader, buf, self.limit_request_line)
2026-02-07 15:46:59 +01:00:                  ^^^^^^^^^^^^^^^^^^^^^^^^^^^^^^^^^^^^^^^^^^^^^^^^^^^^^^
2026-02-07 15:46:59 +01:00:   File "/opt/Tennis_Booking/venv/lib/python3.12/site-packages/gunicorn/http/message.py", line 326, in read_line
2026-02-07 15:46:59 +01:00:     self.get_data(unreader, buf)
2026-02-07 15:46:59 +01:00:   File "/opt/Tennis_Booking/venv/lib/python3.12/site-packages/gunicorn/http/message.py", line 262, in get_data
2026-02-07 15:46:59 +01:00:     data = unreader.read()
2026-02-07 15:46:59 +01:00:            ^^^^^^^^^^^^^^^
2026-02-07 15:46:59 +01:00:   File "/opt/Tennis_Booking/venv/lib/python3.12/site-packages/gunicorn/http/unreader.py", line 36, in read
2026-02-07 15:46:59 +01:00:     d = self.chunk()
2026-02-07 15:46:59 +01:00:         ^^^^^^^^^^^^
2026-02-07 15:46:59 +01:00:   File "/opt/Tennis_Booking/venv/lib/python3.12/site-packages/gunicorn/http/unreader.py", line 63, in chunk
2026-02-07 15:46:59 +01:00:     return self.sock.recv(self.mxchunk)
2026-02-07 15:46:59 +01:00:            ^^^^^^^^^^^^^^^^^^^^^^^^^^^^
2026-02-07 15:46:59 +01:00:   File "/opt/Tennis_Booking/venv/lib/python3.12/site-packages/gunicorn/workers/base.py", line 204, in handle_abort
2026-02-07 15:46:59 +01:00:     sys.exit(1)
2026-02-07 15:46:59 +01:00: SystemExit: 1
2026-02-07 15:46:59 +01:00: [2026-02-07 15:46:59 +0100] [3606918] [INFO] Worker exiting (pid: 3606918)
2026-02-07 15:46:59 +01:00: [2026-02-07 15:46:59 +0100] [3606983] [INFO] Booting worker with pid: 3606983
2026-02-07 15:47:13 +01:00: [2026-02-07 15:47:13 +0100] [3048326] [CRITICAL] WORKER TIMEOUT (pid:3606932)
2026-02-07 15:47:13 +01:00: [2026-02-07 15:47:13 +0100] [3606932] [ERROR] Error handling request (no URI read)
2026-02-07 15:47:13 +01:00: Traceback (most recent call last):
2026-02-07 15:47:13 +01:00:   File "/opt/Tennis_Booking/venv/lib/python3.12/site-packages/gunicorn/workers/sync.py", line 133, in handle
2026-02-07 15:47:13 +01:00:     req = next(parser)
2026-02-07 15:47:13 +01:00:           ^^^^^^^^^^^^
2026-02-07 15:47:13 +01:00:   File "/opt/Tennis_Booking/venv/lib/python3.12/site-packages/gunicorn/http/parser.py", line 41, in __next__
2026-02-07 15:47:13 +01:00:     self.mesg = self.mesg_class(self.cfg, self.unreader, self.source_addr, self.req_count)
2026-02-07 15:47:13 +01:00:                 ^^^^^^^^^^^^^^^^^^^^^^^^^^^^^^^^^^^^^^^^^^^^^^^^^^^^^^^^^^^^^^^^^^^^^^^^^^
2026-02-07 15:47:13 +01:00:   File "/opt/Tennis_Booking/venv/lib/python3.12/site-packages/gunicorn/http/message.py", line 259, in __init__
2026-02-07 15:47:13 +01:00:     super().__init__(cfg, unreader, peer_addr)
2026-02-07 15:47:13 +01:00:   File "/opt/Tennis_Booking/venv/lib/python3.12/site-packages/gunicorn/http/message.py", line 60, in __init__
2026-02-07 15:47:13 +01:00:     unused = self.parse(self.unreader)
2026-02-07 15:47:13 +01:00:              ^^^^^^^^^^^^^^^^^^^^^^^^^
2026-02-07 15:47:13 +01:00:   File "/opt/Tennis_Booking/venv/lib/python3.12/site-packages/gunicorn/http/message.py", line 274, in parse
2026-02-07 15:47:13 +01:00:     line, rbuf = self.read_line(unreader, buf, self.limit_request_line)
2026-02-07 15:47:13 +01:00:                  ^^^^^^^^^^^^^^^^^^^^^^^^^^^^^^^^^^^^^^^^^^^^^^^^^^^^^^
2026-02-07 15:47:13 +01:00:   File "/opt/Tennis_Booking/venv/lib/python3.12/site-packages/gunicorn/http/message.py", line 326, in read_line
2026-02-07 15:47:13 +01:00:     self.get_data(unreader, buf)
2026-02-07 15:47:13 +01:00:   File "/opt/Tennis_Booking/venv/lib/python3.12/site-packages/gunicorn/http/message.py", line 262, in get_data
2026-02-07 15:47:13 +01:00:     data = unreader.read()
2026-02-07 15:47:13 +01:00:            ^^^^^^^^^^^^^^^
2026-02-07 15:47:13 +01:00:   File "/opt/Tennis_Booking/venv/lib/python3.12/site-packages/gunicorn/http/unreader.py", line 36, in read
2026-02-07 15:47:13 +01:00:     d = self.chunk()
2026-02-07 15:47:13 +01:00:         ^^^^^^^^^^^^
2026-02-07 15:47:13 +01:00:   File "/opt/Tennis_Booking/venv/lib/python3.12/site-packages/gunicorn/http/unreader.py", line 63, in chunk
2026-02-07 15:47:13 +01:00:     return self.sock.recv(self.mxchunk)
2026-02-07 15:47:13 +01:00:            ^^^^^^^^^^^^^^^^^^^^^^^^^^^^
2026-02-07 15:47:13 +01:00:   File "/opt/Tennis_Booking/venv/lib/python3.12/site-packages/gunicorn/workers/base.py", line 204, in handle_abort
2026-02-07 15:47:13 +01:00:     sys.exit(1)
2026-02-07 15:47:13 +01:00: SystemExit: 1
2026-02-07 15:47:13 +01:00: [2026-02-07 15:47:13 +0100] [3606932] [INFO] Worker exiting (pid: 3606932)
2026-02-07 15:47:13 +01:00: [2026-02-07 15:47:13 +0100] [3606990] [INFO] Booting worker with pid: 3606990
2026-02-07 15:48:59 +01:00: [2026-02-07 15:48:59 +0100] [3048326] [CRITICAL] WORKER TIMEOUT (pid:3606983)
2026-02-07 15:48:59 +01:00: [2026-02-07 15:48:59 +0100] [3606983] [ERROR] Error handling request (no URI read)
2026-02-07 15:48:59 +01:00: Traceback (most recent call last):
2026-02-07 15:48:59 +01:00:   File "/opt/Tennis_Booking/venv/lib/python3.12/site-packages/gunicorn/workers/sync.py", line 133, in handle
2026-02-07 15:48:59 +01:00:     req = next(parser)
2026-02-07 15:48:59 +01:00:           ^^^^^^^^^^^^
2026-02-07 15:48:59 +01:00:   File "/opt/Tennis_Booking/venv/lib/python3.12/site-packages/gunicorn/http/parser.py", line 41, in __next__
2026-02-07 15:48:59 +01:00:     self.mesg = self.mesg_class(self.cfg, self.unreader, self.source_addr, self.req_count)
2026-02-07 15:48:59 +01:00:                 ^^^^^^^^^^^^^^^^^^^^^^^^^^^^^^^^^^^^^^^^^^^^^^^^^^^^^^^^^^^^^^^^^^^^^^^^^^
2026-02-07 15:48:59 +01:00:   File "/opt/Tennis_Booking/venv/lib/python3.12/site-packages/gunicorn/http/message.py", line 259, in __init__
2026-02-07 15:48:59 +01:00:     super().__init__(cfg, unreader, peer_addr)
2026-02-07 15:48:59 +01:00:   File "/opt/Tennis_Booking/venv/lib/python3.12/site-packages/gunicorn/http/message.py", line 60, in __init__
2026-02-07 15:48:59 +01:00:     unused = self.parse(self.unreader)
2026-02-07 15:48:59 +01:00:              ^^^^^^^^^^^^^^^^^^^^^^^^^
2026-02-07 15:48:59 +01:00:   File "/opt/Tennis_Booking/venv/lib/python3.12/site-packages/gunicorn/http/message.py", line 274, in parse
2026-02-07 15:48:59 +01:00:     line, rbuf = self.read_line(unreader, buf, self.limit_request_line)
2026-02-07 15:48:59 +01:00:                  ^^^^^^^^^^^^^^^^^^^^^^^^^^^^^^^^^^^^^^^^^^^^^^^^^^^^^^
2026-02-07 15:48:59 +01:00:   File "/opt/Tennis_Booking/venv/lib/python3.12/site-packages/gunicorn/http/message.py", line 326, in read_line
2026-02-07 15:48:59 +01:00:     self.get_data(unreader, buf)
2026-02-07 15:48:59 +01:00:   File "/opt/Tennis_Booking/venv/lib/python3.12/site-packages/gunicorn/http/message.py", line 262, in get_data
2026-02-07 15:48:59 +01:00:     data = unreader.read()
2026-02-07 15:48:59 +01:00:            ^^^^^^^^^^^^^^^
2026-02-07 15:48:59 +01:00:   File "/opt/Tennis_Booking/venv/lib/python3.12/site-packages/gunicorn/http/unreader.py", line 36, in read
2026-02-07 15:48:59 +01:00:     d = self.chunk()
2026-02-07 15:48:59 +01:00:         ^^^^^^^^^^^^
2026-02-07 15:48:59 +01:00:   File "/opt/Tennis_Booking/venv/lib/python3.12/site-packages/gunicorn/http/unreader.py", line 63, in chunk
2026-02-07 15:48:59 +01:00:     return self.sock.recv(self.mxchunk)
2026-02-07 15:48:59 +01:00:            ^^^^^^^^^^^^^^^^^^^^^^^^^^^^
2026-02-07 15:48:59 +01:00:   File "/opt/Tennis_Booking/venv/lib/python3.12/site-packages/gunicorn/workers/base.py", line 204, in handle_abort
2026-02-07 15:48:59 +01:00:     sys.exit(1)
2026-02-07 15:48:59 +01:00: SystemExit: 1
2026-02-07 15:48:59 +01:00: [2026-02-07 15:48:59 +0100] [3606983] [INFO] Worker exiting (pid: 3606983)
2026-02-07 15:48:59 +01:00: [2026-02-07 15:48:59 +0100] [3607043] [INFO] Booting worker with pid: 3607043
2026-02-07 15:49:13 +01:00: [2026-02-07 15:49:13 +0100] [3048326] [CRITICAL] WORKER TIMEOUT (pid:3606990)
2026-02-07 15:49:13 +01:00: [2026-02-07 15:49:13 +0100] [3606990] [ERROR] Error handling request (no URI read)
2026-02-07 15:49:13 +01:00: Traceback (most recent call last):
2026-02-07 15:49:13 +01:00:   File "/opt/Tennis_Booking/venv/lib/python3.12/site-packages/gunicorn/workers/sync.py", line 133, in handle
2026-02-07 15:49:13 +01:00:     req = next(parser)
2026-02-07 15:49:13 +01:00:           ^^^^^^^^^^^^
2026-02-07 15:49:13 +01:00:   File "/opt/Tennis_Booking/venv/lib/python3.12/site-packages/gunicorn/http/parser.py", line 41, in __next__
2026-02-07 15:49:13 +01:00:     self.mesg = self.mesg_class(self.cfg, self.unreader, self.source_addr, self.req_count)
2026-02-07 15:49:13 +01:00:                 ^^^^^^^^^^^^^^^^^^^^^^^^^^^^^^^^^^^^^^^^^^^^^^^^^^^^^^^^^^^^^^^^^^^^^^^^^^
2026-02-07 15:49:13 +01:00:   File "/opt/Tennis_Booking/venv/lib/python3.12/site-packages/gunicorn/http/message.py", line 259, in __init__
2026-02-07 15:49:13 +01:00:     super().__init__(cfg, unreader, peer_addr)
2026-02-07 15:49:13 +01:00:   File "/opt/Tennis_Booking/venv/lib/python3.12/site-packages/gunicorn/http/message.py", line 60, in __init__
2026-02-07 15:49:13 +01:00:     unused = self.parse(self.unreader)
2026-02-07 15:49:13 +01:00:              ^^^^^^^^^^^^^^^^^^^^^^^^^
2026-02-07 15:49:13 +01:00:   File "/opt/Tennis_Booking/venv/lib/python3.12/site-packages/gunicorn/http/message.py", line 274, in parse
2026-02-07 15:49:13 +01:00:     line, rbuf = self.read_line(unreader, buf, self.limit_request_line)
2026-02-07 15:49:13 +01:00:                  ^^^^^^^^^^^^^^^^^^^^^^^^^^^^^^^^^^^^^^^^^^^^^^^^^^^^^^
2026-02-07 15:49:13 +01:00:   File "/opt/Tennis_Booking/venv/lib/python3.12/site-packages/gunicorn/http/message.py", line 326, in read_line
2026-02-07 15:49:13 +01:00:     self.get_data(unreader, buf)
2026-02-07 15:49:13 +01:00:   File "/opt/Tennis_Booking/venv/lib/python3.12/site-packages/gunicorn/http/message.py", line 262, in get_data
2026-02-07 15:49:13 +01:00:     data = unreader.read()
2026-02-07 15:49:13 +01:00:            ^^^^^^^^^^^^^^^
2026-02-07 15:49:13 +01:00:   File "/opt/Tennis_Booking/venv/lib/python3.12/site-packages/gunicorn/http/unreader.py", line 36, in read
2026-02-07 15:49:13 +01:00:     d = self.chunk()
2026-02-07 15:49:13 +01:00:         ^^^^^^^^^^^^
2026-02-07 15:49:13 +01:00:   File "/opt/Tennis_Booking/venv/lib/python3.12/site-packages/gunicorn/http/unreader.py", line 63, in chunk
2026-02-07 15:49:13 +01:00:     return self.sock.recv(self.mxchunk)
2026-02-07 15:49:13 +01:00:            ^^^^^^^^^^^^^^^^^^^^^^^^^^^^
2026-02-07 15:49:13 +01:00:   File "/opt/Tennis_Booking/venv/lib/python3.12/site-packages/gunicorn/workers/base.py", line 204, in handle_abort
2026-02-07 15:49:13 +01:00:     sys.exit(1)
2026-02-07 15:49:13 +01:00: SystemExit: 1
2026-02-07 15:49:13 +01:00: [2026-02-07 15:49:13 +0100] [3606990] [INFO] Worker exiting (pid: 3606990)
2026-02-07 15:49:13 +01:00: [2026-02-07 15:49:13 +0100] [3607054] [INFO] Booting worker with pid: 3607054
2026-02-07 15:50:59 +01:00: [2026-02-07 15:50:59 +0100] [3048326] [CRITICAL] WORKER TIMEOUT (pid:3607043)
2026-02-07 15:50:59 +01:00: [2026-02-07 15:50:59 +0100] [3607043] [ERROR] Error handling request (no URI read)
2026-02-07 15:50:59 +01:00: Traceback (most recent call last):
2026-02-07 15:50:59 +01:00:   File "/opt/Tennis_Booking/venv/lib/python3.12/site-packages/gunicorn/workers/sync.py", line 133, in handle
2026-02-07 15:50:59 +01:00:     req = next(parser)
2026-02-07 15:50:59 +01:00:           ^^^^^^^^^^^^
2026-02-07 15:50:59 +01:00:   File "/opt/Tennis_Booking/venv/lib/python3.12/site-packages/gunicorn/http/parser.py", line 41, in __next__
2026-02-07 15:50:59 +01:00:     self.mesg = self.mesg_class(self.cfg, self.unreader, self.source_addr, self.req_count)
2026-02-07 15:50:59 +01:00:                 ^^^^^^^^^^^^^^^^^^^^^^^^^^^^^^^^^^^^^^^^^^^^^^^^^^^^^^^^^^^^^^^^^^^^^^^^^^
2026-02-07 15:50:59 +01:00:   File "/opt/Tennis_Booking/venv/lib/python3.12/site-packages/gunicorn/http/message.py", line 259, in __init__
2026-02-07 15:50:59 +01:00:     super().__init__(cfg, unreader, peer_addr)
2026-02-07 15:50:59 +01:00:   File "/opt/Tennis_Booking/venv/lib/python3.12/site-packages/gunicorn/http/message.py", line 60, in __init__
2026-02-07 15:50:59 +01:00:     unused = self.parse(self.unreader)
2026-02-07 15:50:59 +01:00:              ^^^^^^^^^^^^^^^^^^^^^^^^^
2026-02-07 15:50:59 +01:00:   File "/opt/Tennis_Booking/venv/lib/python3.12/site-packages/gunicorn/http/message.py", line 274, in parse
2026-02-07 15:50:59 +01:00:     line, rbuf = self.read_line(unreader, buf, self.limit_request_line)
2026-02-07 15:50:59 +01:00:                  ^^^^^^^^^^^^^^^^^^^^^^^^^^^^^^^^^^^^^^^^^^^^^^^^^^^^^^
2026-02-07 15:50:59 +01:00:   File "/opt/Tennis_Booking/venv/lib/python3.12/site-packages/gunicorn/http/message.py", line 326, in read_line
2026-02-07 15:50:59 +01:00:     self.get_data(unreader, buf)
2026-02-07 15:50:59 +01:00:   File "/opt/Tennis_Booking/venv/lib/python3.12/site-packages/gunicorn/http/message.py", line 262, in get_data
2026-02-07 15:50:59 +01:00:     data = unreader.read()
2026-02-07 15:50:59 +01:00:            ^^^^^^^^^^^^^^^
2026-02-07 15:50:59 +01:00:   File "/opt/Tennis_Booking/venv/lib/python3.12/site-packages/gunicorn/http/unreader.py", line 36, in read
2026-02-07 15:50:59 +01:00:     d = self.chunk()
2026-02-07 15:50:59 +01:00:         ^^^^^^^^^^^^
2026-02-07 15:50:59 +01:00:   File "/opt/Tennis_Booking/venv/lib/python3.12/site-packages/gunicorn/http/unreader.py", line 63, in chunk
2026-02-07 15:50:59 +01:00:     return self.sock.recv(self.mxchunk)
2026-02-07 15:50:59 +01:00:            ^^^^^^^^^^^^^^^^^^^^^^^^^^^^
2026-02-07 15:50:59 +01:00:   File "/opt/Tennis_Booking/venv/lib/python3.12/site-packages/gunicorn/workers/base.py", line 204, in handle_abort
2026-02-07 15:50:59 +01:00:     sys.exit(1)
2026-02-07 15:50:59 +01:00: SystemExit: 1
2026-02-07 15:50:59 +01:00: [2026-02-07 15:50:59 +0100] [3607043] [INFO] Worker exiting (pid: 3607043)
2026-02-07 15:51:00 +01:00: [2026-02-07 15:51:00 +0100] [3607109] [INFO] Booting worker with pid: 3607109
2026-02-07 15:51:14 +01:00: [2026-02-07 15:51:14 +0100] [3048326] [CRITICAL] WORKER TIMEOUT (pid:3607054)
2026-02-07 15:51:14 +01:00: [2026-02-07 15:51:14 +0100] [3607054] [ERROR] Error handling request (no URI read)
2026-02-07 15:51:14 +01:00: Traceback (most recent call last):
2026-02-07 15:51:14 +01:00:   File "/opt/Tennis_Booking/venv/lib/python3.12/site-packages/gunicorn/workers/sync.py", line 133, in handle
2026-02-07 15:51:14 +01:00:     req = next(parser)
2026-02-07 15:51:14 +01:00:           ^^^^^^^^^^^^
2026-02-07 15:51:14 +01:00:   File "/opt/Tennis_Booking/venv/lib/python3.12/site-packages/gunicorn/http/parser.py", line 41, in __next__
2026-02-07 15:51:14 +01:00:     self.mesg = self.mesg_class(self.cfg, self.unreader, self.source_addr, self.req_count)
2026-02-07 15:51:14 +01:00:                 ^^^^^^^^^^^^^^^^^^^^^^^^^^^^^^^^^^^^^^^^^^^^^^^^^^^^^^^^^^^^^^^^^^^^^^^^^^
2026-02-07 15:51:14 +01:00:   File "/opt/Tennis_Booking/venv/lib/python3.12/site-packages/gunicorn/http/message.py", line 259, in __init__
2026-02-07 15:51:14 +01:00:     super().__init__(cfg, unreader, peer_addr)
2026-02-07 15:51:14 +01:00:   File "/opt/Tennis_Booking/venv/lib/python3.12/site-packages/gunicorn/http/message.py", line 60, in __init__
2026-02-07 15:51:14 +01:00:     unused = self.parse(self.unreader)
2026-02-07 15:51:14 +01:00:              ^^^^^^^^^^^^^^^^^^^^^^^^^
2026-02-07 15:51:14 +01:00:   File "/opt/Tennis_Booking/venv/lib/python3.12/site-packages/gunicorn/http/message.py", line 274, in parse
2026-02-07 15:51:14 +01:00:     line, rbuf = self.read_line(unreader, buf, self.limit_request_line)
2026-02-07 15:51:14 +01:00:                  ^^^^^^^^^^^^^^^^^^^^^^^^^^^^^^^^^^^^^^^^^^^^^^^^^^^^^^
2026-02-07 15:51:14 +01:00:   File "/opt/Tennis_Booking/venv/lib/python3.12/site-packages/gunicorn/http/message.py", line 326, in read_line
2026-02-07 15:51:14 +01:00:     self.get_data(unreader, buf)
2026-02-07 15:51:14 +01:00:   File "/opt/Tennis_Booking/venv/lib/python3.12/site-packages/gunicorn/http/message.py", line 262, in get_data
2026-02-07 15:51:14 +01:00:     data = unreader.read()
2026-02-07 15:51:14 +01:00:            ^^^^^^^^^^^^^^^
2026-02-07 15:51:14 +01:00:   File "/opt/Tennis_Booking/venv/lib/python3.12/site-packages/gunicorn/http/unreader.py", line 36, in read
2026-02-07 15:51:14 +01:00:     d = self.chunk()
2026-02-07 15:51:14 +01:00:         ^^^^^^^^^^^^
2026-02-07 15:51:14 +01:00:   File "/opt/Tennis_Booking/venv/lib/python3.12/site-packages/gunicorn/http/unreader.py", line 63, in chunk
2026-02-07 15:51:14 +01:00:     return self.sock.recv(self.mxchunk)
2026-02-07 15:51:14 +01:00:            ^^^^^^^^^^^^^^^^^^^^^^^^^^^^
2026-02-07 15:51:14 +01:00:   File "/opt/Tennis_Booking/venv/lib/python3.12/site-packages/gunicorn/workers/base.py", line 204, in handle_abort
2026-02-07 15:51:14 +01:00:     sys.exit(1)
2026-02-07 15:51:14 +01:00: SystemExit: 1
2026-02-07 15:51:14 +01:00: [2026-02-07 15:51:14 +0100] [3607054] [INFO] Worker exiting (pid: 3607054)
2026-02-07 15:51:14 +01:00: [2026-02-07 15:51:14 +0100] [3607119] [INFO] Booting worker with pid: 3607119
2026-02-07 15:53:00 +01:00: [2026-02-07 15:53:00 +0100] [3048326] [CRITICAL] WORKER TIMEOUT (pid:3607109)
2026-02-07 15:53:00 +01:00: [2026-02-07 15:53:00 +0100] [3607109] [ERROR] Error handling request (no URI read)
2026-02-07 15:53:00 +01:00: Traceback (most recent call last):
2026-02-07 15:53:00 +01:00:   File "/opt/Tennis_Booking/venv/lib/python3.12/site-packages/gunicorn/workers/sync.py", line 133, in handle
2026-02-07 15:53:00 +01:00:     req = next(parser)
2026-02-07 15:53:00 +01:00:           ^^^^^^^^^^^^
2026-02-07 15:53:00 +01:00:   File "/opt/Tennis_Booking/venv/lib/python3.12/site-packages/gunicorn/http/parser.py", line 41, in __next__
2026-02-07 15:53:00 +01:00:     self.mesg = self.mesg_class(self.cfg, self.unreader, self.source_addr, self.req_count)
2026-02-07 15:53:00 +01:00:                 ^^^^^^^^^^^^^^^^^^^^^^^^^^^^^^^^^^^^^^^^^^^^^^^^^^^^^^^^^^^^^^^^^^^^^^^^^^
2026-02-07 15:53:00 +01:00:   File "/opt/Tennis_Booking/venv/lib/python3.12/site-packages/gunicorn/http/message.py", line 259, in __init__
2026-02-07 15:53:00 +01:00:     super().__init__(cfg, unreader, peer_addr)
2026-02-07 15:53:00 +01:00:   File "/opt/Tennis_Booking/venv/lib/python3.12/site-packages/gunicorn/http/message.py", line 60, in __init__
2026-02-07 15:53:00 +01:00:     unused = self.parse(self.unreader)
2026-02-07 15:53:00 +01:00:              ^^^^^^^^^^^^^^^^^^^^^^^^^
2026-02-07 15:53:00 +01:00:   File "/opt/Tennis_Booking/venv/lib/python3.12/site-packages/gunicorn/http/message.py", line 274, in parse
2026-02-07 15:53:00 +01:00:     line, rbuf = self.read_line(unreader, buf, self.limit_request_line)
2026-02-07 15:53:00 +01:00:                  ^^^^^^^^^^^^^^^^^^^^^^^^^^^^^^^^^^^^^^^^^^^^^^^^^^^^^^
2026-02-07 15:53:00 +01:00:   File "/opt/Tennis_Booking/venv/lib/python3.12/site-packages/gunicorn/http/message.py", line 326, in read_line
2026-02-07 15:53:00 +01:00:     self.get_data(unreader, buf)
2026-02-07 15:53:00 +01:00:   File "/opt/Tennis_Booking/venv/lib/python3.12/site-packages/gunicorn/http/message.py", line 262, in get_data
2026-02-07 15:53:00 +01:00:     data = unreader.read()
2026-02-07 15:53:00 +01:00:            ^^^^^^^^^^^^^^^
2026-02-07 15:53:00 +01:00:   File "/opt/Tennis_Booking/venv/lib/python3.12/site-packages/gunicorn/http/unreader.py", line 36, in read
2026-02-07 15:53:00 +01:00:     d = self.chunk()
2026-02-07 15:53:00 +01:00:         ^^^^^^^^^^^^
2026-02-07 15:53:00 +01:00:   File "/opt/Tennis_Booking/venv/lib/python3.12/site-packages/gunicorn/http/unreader.py", line 63, in chunk
2026-02-07 15:53:00 +01:00:     return self.sock.recv(self.mxchunk)
2026-02-07 15:53:00 +01:00:            ^^^^^^^^^^^^^^^^^^^^^^^^^^^^
2026-02-07 15:53:00 +01:00:   File "/opt/Tennis_Booking/venv/lib/python3.12/site-packages/gunicorn/workers/base.py", line 204, in handle_abort
2026-02-07 15:53:00 +01:00:     sys.exit(1)
2026-02-07 15:53:00 +01:00: SystemExit: 1
2026-02-07 15:53:00 +01:00: [2026-02-07 15:53:00 +0100] [3607109] [INFO] Worker exiting (pid: 3607109)
2026-02-07 15:53:00 +01:00: [2026-02-07 15:53:00 +0100] [3607156] [INFO] Booting worker with pid: 3607156
2026-02-07 15:53:14 +01:00: [2026-02-07 15:53:14 +0100] [3048326] [CRITICAL] WORKER TIMEOUT (pid:3607119)
2026-02-07 15:53:14 +01:00: [2026-02-07 15:53:14 +0100] [3607119] [ERROR] Error handling request (no URI read)
2026-02-07 15:53:14 +01:00: Traceback (most recent call last):
2026-02-07 15:53:14 +01:00:   File "/opt/Tennis_Booking/venv/lib/python3.12/site-packages/gunicorn/workers/sync.py", line 133, in handle
2026-02-07 15:53:14 +01:00:     req = next(parser)
2026-02-07 15:53:14 +01:00:           ^^^^^^^^^^^^
2026-02-07 15:53:14 +01:00:   File "/opt/Tennis_Booking/venv/lib/python3.12/site-packages/gunicorn/http/parser.py", line 41, in __next__
2026-02-07 15:53:14 +01:00:     self.mesg = self.mesg_class(self.cfg, self.unreader, self.source_addr, self.req_count)
2026-02-07 15:53:14 +01:00:                 ^^^^^^^^^^^^^^^^^^^^^^^^^^^^^^^^^^^^^^^^^^^^^^^^^^^^^^^^^^^^^^^^^^^^^^^^^^
2026-02-07 15:53:14 +01:00:   File "/opt/Tennis_Booking/venv/lib/python3.12/site-packages/gunicorn/http/message.py", line 259, in __init__
2026-02-07 15:53:14 +01:00:     super().__init__(cfg, unreader, peer_addr)
2026-02-07 15:53:14 +01:00:   File "/opt/Tennis_Booking/venv/lib/python3.12/site-packages/gunicorn/http/message.py", line 60, in __init__
2026-02-07 15:53:14 +01:00:     unused = self.parse(self.unreader)
2026-02-07 15:53:14 +01:00:              ^^^^^^^^^^^^^^^^^^^^^^^^^
2026-02-07 15:53:14 +01:00:   File "/opt/Tennis_Booking/venv/lib/python3.12/site-packages/gunicorn/http/message.py", line 274, in parse
2026-02-07 15:53:14 +01:00:     line, rbuf = self.read_line(unreader, buf, self.limit_request_line)
2026-02-07 15:53:14 +01:00:                  ^^^^^^^^^^^^^^^^^^^^^^^^^^^^^^^^^^^^^^^^^^^^^^^^^^^^^^
2026-02-07 15:53:14 +01:00:   File "/opt/Tennis_Booking/venv/lib/python3.12/site-packages/gunicorn/http/message.py", line 326, in read_line
2026-02-07 15:53:14 +01:00:     self.get_data(unreader, buf)
2026-02-07 15:53:14 +01:00:   File "/opt/Tennis_Booking/venv/lib/python3.12/site-packages/gunicorn/http/message.py", line 262, in get_data
2026-02-07 15:53:14 +01:00:     data = unreader.read()
2026-02-07 15:53:14 +01:00:            ^^^^^^^^^^^^^^^
2026-02-07 15:53:14 +01:00:   File "/opt/Tennis_Booking/venv/lib/python3.12/site-packages/gunicorn/http/unreader.py", line 36, in read
2026-02-07 15:53:14 +01:00:     d = self.chunk()
2026-02-07 15:53:14 +01:00:         ^^^^^^^^^^^^
2026-02-07 15:53:14 +01:00:   File "/opt/Tennis_Booking/venv/lib/python3.12/site-packages/gunicorn/http/unreader.py", line 63, in chunk
2026-02-07 15:53:14 +01:00:     return self.sock.recv(self.mxchunk)
2026-02-07 15:53:14 +01:00:            ^^^^^^^^^^^^^^^^^^^^^^^^^^^^
2026-02-07 15:53:14 +01:00:   File "/opt/Tennis_Booking/venv/lib/python3.12/site-packages/gunicorn/workers/base.py", line 204, in handle_abort
2026-02-07 15:53:14 +01:00:     sys.exit(1)
2026-02-07 15:53:14 +01:00: SystemExit: 1
2026-02-07 15:53:14 +01:00: [2026-02-07 15:53:14 +0100] [3607119] [INFO] Worker exiting (pid: 3607119)
2026-02-07 15:53:14 +01:00: [2026-02-07 15:53:14 +0100] [3607161] [INFO] Booting worker with pid: 3607161
2026-02-07 15:55:00 +01:00: [2026-02-07 15:55:00 +0100] [3048326] [CRITICAL] WORKER TIMEOUT (pid:3607156)
2026-02-07 15:55:00 +01:00: [2026-02-07 15:55:00 +0100] [3607156] [ERROR] Error handling request (no URI read)
2026-02-07 15:55:00 +01:00: Traceback (most recent call last):
2026-02-07 15:55:00 +01:00:   File "/opt/Tennis_Booking/venv/lib/python3.12/site-packages/gunicorn/workers/sync.py", line 133, in handle
2026-02-07 15:55:00 +01:00:     req = next(parser)
2026-02-07 15:55:00 +01:00:           ^^^^^^^^^^^^
2026-02-07 15:55:00 +01:00:   File "/opt/Tennis_Booking/venv/lib/python3.12/site-packages/gunicorn/http/parser.py", line 41, in __next__
2026-02-07 15:55:00 +01:00:     self.mesg = self.mesg_class(self.cfg, self.unreader, self.source_addr, self.req_count)
2026-02-07 15:55:00 +01:00:                 ^^^^^^^^^^^^^^^^^^^^^^^^^^^^^^^^^^^^^^^^^^^^^^^^^^^^^^^^^^^^^^^^^^^^^^^^^^
2026-02-07 15:55:00 +01:00:   File "/opt/Tennis_Booking/venv/lib/python3.12/site-packages/gunicorn/http/message.py", line 259, in __init__
2026-02-07 15:55:00 +01:00:     super().__init__(cfg, unreader, peer_addr)
2026-02-07 15:55:00 +01:00:   File "/opt/Tennis_Booking/venv/lib/python3.12/site-packages/gunicorn/http/message.py", line 60, in __init__
2026-02-07 15:55:00 +01:00:     unused = self.parse(self.unreader)
2026-02-07 15:55:00 +01:00:              ^^^^^^^^^^^^^^^^^^^^^^^^^
2026-02-07 15:55:00 +01:00:   File "/opt/Tennis_Booking/venv/lib/python3.12/site-packages/gunicorn/http/message.py", line 274, in parse
2026-02-07 15:55:00 +01:00:     line, rbuf = self.read_line(unreader, buf, self.limit_request_line)
2026-02-07 15:55:00 +01:00:                  ^^^^^^^^^^^^^^^^^^^^^^^^^^^^^^^^^^^^^^^^^^^^^^^^^^^^^^
2026-02-07 15:55:00 +01:00:   File "/opt/Tennis_Booking/venv/lib/python3.12/site-packages/gunicorn/http/message.py", line 326, in read_line
2026-02-07 15:55:00 +01:00:     self.get_data(unreader, buf)
2026-02-07 15:55:00 +01:00:   File "/opt/Tennis_Booking/venv/lib/python3.12/site-packages/gunicorn/http/message.py", line 262, in get_data
2026-02-07 15:55:00 +01:00:     data = unreader.read()
2026-02-07 15:55:00 +01:00:            ^^^^^^^^^^^^^^^
2026-02-07 15:55:00 +01:00:   File "/opt/Tennis_Booking/venv/lib/python3.12/site-packages/gunicorn/http/unreader.py", line 36, in read
2026-02-07 15:55:00 +01:00:     d = self.chunk()
2026-02-07 15:55:00 +01:00:         ^^^^^^^^^^^^
2026-02-07 15:55:00 +01:00:   File "/opt/Tennis_Booking/venv/lib/python3.12/site-packages/gunicorn/http/unreader.py", line 63, in chunk
2026-02-07 15:55:00 +01:00:     return self.sock.recv(self.mxchunk)
2026-02-07 15:55:00 +01:00:            ^^^^^^^^^^^^^^^^^^^^^^^^^^^^
2026-02-07 15:55:00 +01:00:   File "/opt/Tennis_Booking/venv/lib/python3.12/site-packages/gunicorn/workers/base.py", line 204, in handle_abort
2026-02-07 15:55:00 +01:00:     sys.exit(1)
2026-02-07 15:55:00 +01:00: SystemExit: 1
2026-02-07 15:55:00 +01:00: [2026-02-07 15:55:00 +0100] [3607156] [INFO] Worker exiting (pid: 3607156)
2026-02-07 15:55:00 +01:00: [2026-02-07 15:55:00 +0100] [3607196] [INFO] Booting worker with pid: 3607196
2026-02-07 15:55:14 +01:00: [2026-02-07 15:55:14 +0100] [3048326] [CRITICAL] WORKER TIMEOUT (pid:3607161)
2026-02-07 15:55:14 +01:00: [2026-02-07 15:55:14 +0100] [3607161] [ERROR] Error handling request (no URI read)
2026-02-07 15:55:14 +01:00: Traceback (most recent call last):
2026-02-07 15:55:14 +01:00:   File "/opt/Tennis_Booking/venv/lib/python3.12/site-packages/gunicorn/workers/sync.py", line 133, in handle
2026-02-07 15:55:14 +01:00:     req = next(parser)
2026-02-07 15:55:14 +01:00:           ^^^^^^^^^^^^
2026-02-07 15:55:14 +01:00:   File "/opt/Tennis_Booking/venv/lib/python3.12/site-packages/gunicorn/http/parser.py", line 41, in __next__
2026-02-07 15:55:14 +01:00:     self.mesg = self.mesg_class(self.cfg, self.unreader, self.source_addr, self.req_count)
2026-02-07 15:55:14 +01:00:                 ^^^^^^^^^^^^^^^^^^^^^^^^^^^^^^^^^^^^^^^^^^^^^^^^^^^^^^^^^^^^^^^^^^^^^^^^^^
2026-02-07 15:55:14 +01:00:   File "/opt/Tennis_Booking/venv/lib/python3.12/site-packages/gunicorn/http/message.py", line 259, in __init__
2026-02-07 15:55:14 +01:00:     super().__init__(cfg, unreader, peer_addr)
2026-02-07 15:55:14 +01:00:   File "/opt/Tennis_Booking/venv/lib/python3.12/site-packages/gunicorn/http/message.py", line 60, in __init__
2026-02-07 15:55:14 +01:00:     unused = self.parse(self.unreader)
2026-02-07 15:55:14 +01:00:              ^^^^^^^^^^^^^^^^^^^^^^^^^
2026-02-07 15:55:14 +01:00:   File "/opt/Tennis_Booking/venv/lib/python3.12/site-packages/gunicorn/http/message.py", line 274, in parse
2026-02-07 15:55:14 +01:00:     line, rbuf = self.read_line(unreader, buf, self.limit_request_line)
2026-02-07 15:55:14 +01:00:                  ^^^^^^^^^^^^^^^^^^^^^^^^^^^^^^^^^^^^^^^^^^^^^^^^^^^^^^
2026-02-07 15:55:14 +01:00:   File "/opt/Tennis_Booking/venv/lib/python3.12/site-packages/gunicorn/http/message.py", line 326, in read_line
2026-02-07 15:55:14 +01:00:     self.get_data(unreader, buf)
2026-02-07 15:55:14 +01:00:   File "/opt/Tennis_Booking/venv/lib/python3.12/site-packages/gunicorn/http/message.py", line 262, in get_data
2026-02-07 15:55:14 +01:00:     data = unreader.read()
2026-02-07 15:55:14 +01:00:            ^^^^^^^^^^^^^^^
2026-02-07 15:55:14 +01:00:   File "/opt/Tennis_Booking/venv/lib/python3.12/site-packages/gunicorn/http/unreader.py", line 36, in read
2026-02-07 15:55:14 +01:00:     d = self.chunk()
2026-02-07 15:55:14 +01:00:         ^^^^^^^^^^^^
2026-02-07 15:55:14 +01:00:   File "/opt/Tennis_Booking/venv/lib/python3.12/site-packages/gunicorn/http/unreader.py", line 63, in chunk
2026-02-07 15:55:14 +01:00:     return self.sock.recv(self.mxchunk)
2026-02-07 15:55:14 +01:00:            ^^^^^^^^^^^^^^^^^^^^^^^^^^^^
2026-02-07 15:55:14 +01:00:   File "/opt/Tennis_Booking/venv/lib/python3.12/site-packages/gunicorn/workers/base.py", line 204, in handle_abort
2026-02-07 15:55:14 +01:00:     sys.exit(1)
2026-02-07 15:55:14 +01:00: SystemExit: 1
2026-02-07 15:55:14 +01:00: [2026-02-07 15:55:14 +0100] [3607161] [INFO] Worker exiting (pid: 3607161)
2026-02-07 15:55:15 +01:00: [2026-02-07 15:55:15 +0100] [3607208] [INFO] Booting worker with pid: 3607208
2026-02-07 15:57:01 +01:00: [2026-02-07 15:57:01 +0100] [3048326] [CRITICAL] WORKER TIMEOUT (pid:3607196)
2026-02-07 15:57:01 +01:00: [2026-02-07 15:57:01 +0100] [3607196] [ERROR] Error handling request (no URI read)
2026-02-07 15:57:01 +01:00: Traceback (most recent call last):
2026-02-07 15:57:01 +01:00:   File "/opt/Tennis_Booking/venv/lib/python3.12/site-packages/gunicorn/workers/sync.py", line 133, in handle
2026-02-07 15:57:01 +01:00:     req = next(parser)
2026-02-07 15:57:01 +01:00:           ^^^^^^^^^^^^
2026-02-07 15:57:01 +01:00:   File "/opt/Tennis_Booking/venv/lib/python3.12/site-packages/gunicorn/http/parser.py", line 41, in __next__
2026-02-07 15:57:01 +01:00:     self.mesg = self.mesg_class(self.cfg, self.unreader, self.source_addr, self.req_count)
2026-02-07 15:57:01 +01:00:                 ^^^^^^^^^^^^^^^^^^^^^^^^^^^^^^^^^^^^^^^^^^^^^^^^^^^^^^^^^^^^^^^^^^^^^^^^^^
2026-02-07 15:57:01 +01:00:   File "/opt/Tennis_Booking/venv/lib/python3.12/site-packages/gunicorn/http/message.py", line 259, in __init__
2026-02-07 15:57:01 +01:00:     super().__init__(cfg, unreader, peer_addr)
2026-02-07 15:57:01 +01:00:   File "/opt/Tennis_Booking/venv/lib/python3.12/site-packages/gunicorn/http/message.py", line 60, in __init__
2026-02-07 15:57:01 +01:00:     unused = self.parse(self.unreader)
2026-02-07 15:57:01 +01:00:              ^^^^^^^^^^^^^^^^^^^^^^^^^
2026-02-07 15:57:01 +01:00:   File "/opt/Tennis_Booking/venv/lib/python3.12/site-packages/gunicorn/http/message.py", line 274, in parse
2026-02-07 15:57:01 +01:00:     line, rbuf = self.read_line(unreader, buf, self.limit_request_line)
2026-02-07 15:57:01 +01:00:                  ^^^^^^^^^^^^^^^^^^^^^^^^^^^^^^^^^^^^^^^^^^^^^^^^^^^^^^
2026-02-07 15:57:01 +01:00:   File "/opt/Tennis_Booking/venv/lib/python3.12/site-packages/gunicorn/http/message.py", line 326, in read_line
2026-02-07 15:57:01 +01:00:     self.get_data(unreader, buf)
2026-02-07 15:57:01 +01:00:   File "/opt/Tennis_Booking/venv/lib/python3.12/site-packages/gunicorn/http/message.py", line 262, in get_data
2026-02-07 15:57:01 +01:00:     data = unreader.read()
2026-02-07 15:57:01 +01:00:            ^^^^^^^^^^^^^^^
2026-02-07 15:57:01 +01:00:   File "/opt/Tennis_Booking/venv/lib/python3.12/site-packages/gunicorn/http/unreader.py", line 36, in read
2026-02-07 15:57:01 +01:00:     d = self.chunk()
2026-02-07 15:57:01 +01:00:         ^^^^^^^^^^^^
2026-02-07 15:57:01 +01:00:   File "/opt/Tennis_Booking/venv/lib/python3.12/site-packages/gunicorn/http/unreader.py", line 63, in chunk
2026-02-07 15:57:01 +01:00:     return self.sock.recv(self.mxchunk)
2026-02-07 15:57:01 +01:00:            ^^^^^^^^^^^^^^^^^^^^^^^^^^^^
2026-02-07 15:57:01 +01:00:   File "/opt/Tennis_Booking/venv/lib/python3.12/site-packages/gunicorn/workers/base.py", line 204, in handle_abort
2026-02-07 15:57:01 +01:00:     sys.exit(1)
2026-02-07 15:57:01 +01:00: SystemExit: 1
2026-02-07 15:57:01 +01:00: [2026-02-07 15:57:01 +0100] [3607196] [INFO] Worker exiting (pid: 3607196)
2026-02-07 15:57:01 +01:00: [2026-02-07 15:57:01 +0100] [3607245] [INFO] Booting worker with pid: 3607245
2026-02-07 15:57:15 +01:00: [2026-02-07 15:57:15 +0100] [3048326] [CRITICAL] WORKER TIMEOUT (pid:3607208)
2026-02-07 15:57:15 +01:00: [2026-02-07 15:57:15 +0100] [3607208] [ERROR] Error handling request (no URI read)
2026-02-07 15:57:15 +01:00: Traceback (most recent call last):
2026-02-07 15:57:15 +01:00:   File "/opt/Tennis_Booking/venv/lib/python3.12/site-packages/gunicorn/workers/sync.py", line 133, in handle
2026-02-07 15:57:15 +01:00:     req = next(parser)
2026-02-07 15:57:15 +01:00:           ^^^^^^^^^^^^
2026-02-07 15:57:15 +01:00:   File "/opt/Tennis_Booking/venv/lib/python3.12/site-packages/gunicorn/http/parser.py", line 41, in __next__
2026-02-07 15:57:15 +01:00:     self.mesg = self.mesg_class(self.cfg, self.unreader, self.source_addr, self.req_count)
2026-02-07 15:57:15 +01:00:                 ^^^^^^^^^^^^^^^^^^^^^^^^^^^^^^^^^^^^^^^^^^^^^^^^^^^^^^^^^^^^^^^^^^^^^^^^^^
2026-02-07 15:57:15 +01:00:   File "/opt/Tennis_Booking/venv/lib/python3.12/site-packages/gunicorn/http/message.py", line 259, in __init__
2026-02-07 15:57:15 +01:00:     super().__init__(cfg, unreader, peer_addr)
2026-02-07 15:57:15 +01:00:   File "/opt/Tennis_Booking/venv/lib/python3.12/site-packages/gunicorn/http/message.py", line 60, in __init__
2026-02-07 15:57:15 +01:00:     unused = self.parse(self.unreader)
2026-02-07 15:57:15 +01:00:              ^^^^^^^^^^^^^^^^^^^^^^^^^
2026-02-07 15:57:15 +01:00:   File "/opt/Tennis_Booking/venv/lib/python3.12/site-packages/gunicorn/http/message.py", line 274, in parse
2026-02-07 15:57:15 +01:00:     line, rbuf = self.read_line(unreader, buf, self.limit_request_line)
2026-02-07 15:57:15 +01:00:                  ^^^^^^^^^^^^^^^^^^^^^^^^^^^^^^^^^^^^^^^^^^^^^^^^^^^^^^
2026-02-07 15:57:15 +01:00:   File "/opt/Tennis_Booking/venv/lib/python3.12/site-packages/gunicorn/http/message.py", line 326, in read_line
2026-02-07 15:57:15 +01:00:     self.get_data(unreader, buf)
2026-02-07 15:57:15 +01:00:   File "/opt/Tennis_Booking/venv/lib/python3.12/site-packages/gunicorn/http/message.py", line 262, in get_data
2026-02-07 15:57:15 +01:00:     data = unreader.read()
2026-02-07 15:57:15 +01:00:            ^^^^^^^^^^^^^^^
2026-02-07 15:57:15 +01:00:   File "/opt/Tennis_Booking/venv/lib/python3.12/site-packages/gunicorn/http/unreader.py", line 36, in read
2026-02-07 15:57:15 +01:00:     d = self.chunk()
2026-02-07 15:57:15 +01:00:         ^^^^^^^^^^^^
2026-02-07 15:57:15 +01:00:   File "/opt/Tennis_Booking/venv/lib/python3.12/site-packages/gunicorn/http/unreader.py", line 63, in chunk
2026-02-07 15:57:15 +01:00:     return self.sock.recv(self.mxchunk)
2026-02-07 15:57:15 +01:00:            ^^^^^^^^^^^^^^^^^^^^^^^^^^^^
2026-02-07 15:57:15 +01:00:   File "/opt/Tennis_Booking/venv/lib/python3.12/site-packages/gunicorn/workers/base.py", line 204, in handle_abort
2026-02-07 15:57:15 +01:00:     sys.exit(1)
2026-02-07 15:57:15 +01:00: SystemExit: 1
2026-02-07 15:57:15 +01:00: [2026-02-07 15:57:15 +0100] [3607208] [INFO] Worker exiting (pid: 3607208)
2026-02-07 15:57:15 +01:00: [2026-02-07 15:57:15 +0100] [3607250] [INFO] Booting worker with pid: 3607250
2026-02-07 15:59:01 +01:00: [2026-02-07 15:59:01 +0100] [3048326] [CRITICAL] WORKER TIMEOUT (pid:3607245)
2026-02-07 15:59:01 +01:00: [2026-02-07 15:59:01 +0100] [3607245] [ERROR] Error handling request (no URI read)
2026-02-07 15:59:01 +01:00: Traceback (most recent call last):
2026-02-07 15:59:01 +01:00:   File "/opt/Tennis_Booking/venv/lib/python3.12/site-packages/gunicorn/workers/sync.py", line 133, in handle
2026-02-07 15:59:01 +01:00:     req = next(parser)
2026-02-07 15:59:01 +01:00:           ^^^^^^^^^^^^
2026-02-07 15:59:01 +01:00:   File "/opt/Tennis_Booking/venv/lib/python3.12/site-packages/gunicorn/http/parser.py", line 41, in __next__
2026-02-07 15:59:01 +01:00:     self.mesg = self.mesg_class(self.cfg, self.unreader, self.source_addr, self.req_count)
2026-02-07 15:59:01 +01:00:                 ^^^^^^^^^^^^^^^^^^^^^^^^^^^^^^^^^^^^^^^^^^^^^^^^^^^^^^^^^^^^^^^^^^^^^^^^^^
2026-02-07 15:59:01 +01:00:   File "/opt/Tennis_Booking/venv/lib/python3.12/site-packages/gunicorn/http/message.py", line 259, in __init__
2026-02-07 15:59:01 +01:00:     super().__init__(cfg, unreader, peer_addr)
2026-02-07 15:59:01 +01:00:   File "/opt/Tennis_Booking/venv/lib/python3.12/site-packages/gunicorn/http/message.py", line 60, in __init__
2026-02-07 15:59:01 +01:00:     unused = self.parse(self.unreader)
2026-02-07 15:59:01 +01:00:              ^^^^^^^^^^^^^^^^^^^^^^^^^
2026-02-07 15:59:01 +01:00:   File "/opt/Tennis_Booking/venv/lib/python3.12/site-packages/gunicorn/http/message.py", line 274, in parse
2026-02-07 15:59:01 +01:00:     line, rbuf = self.read_line(unreader, buf, self.limit_request_line)
2026-02-07 15:59:01 +01:00:                  ^^^^^^^^^^^^^^^^^^^^^^^^^^^^^^^^^^^^^^^^^^^^^^^^^^^^^^
2026-02-07 15:59:01 +01:00:   File "/opt/Tennis_Booking/venv/lib/python3.12/site-packages/gunicorn/http/message.py", line 326, in read_line
2026-02-07 15:59:01 +01:00:     self.get_data(unreader, buf)
2026-02-07 15:59:01 +01:00:   File "/opt/Tennis_Booking/venv/lib/python3.12/site-packages/gunicorn/http/message.py", line 262, in get_data
2026-02-07 15:59:01 +01:00:     data = unreader.read()
2026-02-07 15:59:01 +01:00:            ^^^^^^^^^^^^^^^
2026-02-07 15:59:01 +01:00:   File "/opt/Tennis_Booking/venv/lib/python3.12/site-packages/gunicorn/http/unreader.py", line 36, in read
2026-02-07 15:59:01 +01:00:     d = self.chunk()
2026-02-07 15:59:01 +01:00:         ^^^^^^^^^^^^
2026-02-07 15:59:01 +01:00:   File "/opt/Tennis_Booking/venv/lib/python3.12/site-packages/gunicorn/http/unreader.py", line 63, in chunk
2026-02-07 15:59:01 +01:00:     return self.sock.recv(self.mxchunk)
2026-02-07 15:59:01 +01:00:            ^^^^^^^^^^^^^^^^^^^^^^^^^^^^
2026-02-07 15:59:01 +01:00:   File "/opt/Tennis_Booking/venv/lib/python3.12/site-packages/gunicorn/workers/base.py", line 204, in handle_abort
2026-02-07 15:59:01 +01:00:     sys.exit(1)
2026-02-07 15:59:01 +01:00: SystemExit: 1
2026-02-07 15:59:01 +01:00: [2026-02-07 15:59:01 +0100] [3607245] [INFO] Worker exiting (pid: 3607245)
2026-02-07 15:59:01 +01:00: [2026-02-07 15:59:01 +0100] [3607284] [INFO] Booting worker with pid: 3607284
2026-02-07 15:59:15 +01:00: [2026-02-07 15:59:15 +0100] [3048326] [CRITICAL] WORKER TIMEOUT (pid:3607250)
2026-02-07 15:59:15 +01:00: [2026-02-07 15:59:15 +0100] [3607250] [ERROR] Error handling request (no URI read)
2026-02-07 15:59:15 +01:00: Traceback (most recent call last):
2026-02-07 15:59:15 +01:00:   File "/opt/Tennis_Booking/venv/lib/python3.12/site-packages/gunicorn/workers/sync.py", line 133, in handle
2026-02-07 15:59:15 +01:00:     req = next(parser)
2026-02-07 15:59:15 +01:00:           ^^^^^^^^^^^^
2026-02-07 15:59:15 +01:00:   File "/opt/Tennis_Booking/venv/lib/python3.12/site-packages/gunicorn/http/parser.py", line 41, in __next__
2026-02-07 15:59:15 +01:00:     self.mesg = self.mesg_class(self.cfg, self.unreader, self.source_addr, self.req_count)
2026-02-07 15:59:15 +01:00:                 ^^^^^^^^^^^^^^^^^^^^^^^^^^^^^^^^^^^^^^^^^^^^^^^^^^^^^^^^^^^^^^^^^^^^^^^^^^
2026-02-07 15:59:15 +01:00:   File "/opt/Tennis_Booking/venv/lib/python3.12/site-packages/gunicorn/http/message.py", line 259, in __init__
2026-02-07 15:59:15 +01:00:     super().__init__(cfg, unreader, peer_addr)
2026-02-07 15:59:15 +01:00:   File "/opt/Tennis_Booking/venv/lib/python3.12/site-packages/gunicorn/http/message.py", line 60, in __init__
2026-02-07 15:59:15 +01:00:     unused = self.parse(self.unreader)
2026-02-07 15:59:15 +01:00:              ^^^^^^^^^^^^^^^^^^^^^^^^^
2026-02-07 15:59:15 +01:00:   File "/opt/Tennis_Booking/venv/lib/python3.12/site-packages/gunicorn/http/message.py", line 274, in parse
2026-02-07 15:59:15 +01:00:     line, rbuf = self.read_line(unreader, buf, self.limit_request_line)
2026-02-07 15:59:15 +01:00:                  ^^^^^^^^^^^^^^^^^^^^^^^^^^^^^^^^^^^^^^^^^^^^^^^^^^^^^^
2026-02-07 15:59:15 +01:00:   File "/opt/Tennis_Booking/venv/lib/python3.12/site-packages/gunicorn/http/message.py", line 326, in read_line
2026-02-07 15:59:15 +01:00:     self.get_data(unreader, buf)
2026-02-07 15:59:15 +01:00:   File "/opt/Tennis_Booking/venv/lib/python3.12/site-packages/gunicorn/http/message.py", line 262, in get_data
2026-02-07 15:59:15 +01:00:     data = unreader.read()
2026-02-07 15:59:15 +01:00:            ^^^^^^^^^^^^^^^
2026-02-07 15:59:15 +01:00:   File "/opt/Tennis_Booking/venv/lib/python3.12/site-packages/gunicorn/http/unreader.py", line 36, in read
2026-02-07 15:59:15 +01:00:     d = self.chunk()
2026-02-07 15:59:15 +01:00:         ^^^^^^^^^^^^
2026-02-07 15:59:15 +01:00:   File "/opt/Tennis_Booking/venv/lib/python3.12/site-packages/gunicorn/http/unreader.py", line 63, in chunk
2026-02-07 15:59:15 +01:00:     return self.sock.recv(self.mxchunk)
2026-02-07 15:59:15 +01:00:            ^^^^^^^^^^^^^^^^^^^^^^^^^^^^
2026-02-07 15:59:15 +01:00:   File "/opt/Tennis_Booking/venv/lib/python3.12/site-packages/gunicorn/workers/base.py", line 204, in handle_abort
2026-02-07 15:59:15 +01:00:     sys.exit(1)
2026-02-07 15:59:15 +01:00: SystemExit: 1
2026-02-07 15:59:15 +01:00: [2026-02-07 15:59:15 +0100] [3607250] [INFO] Worker exiting (pid: 3607250)
2026-02-07 15:59:15 +01:00: [2026-02-07 15:59:15 +0100] [3607291] [INFO] Booting worker with pid: 3607291
2026-02-07 16:01:02 +01:00: [2026-02-07 16:01:02 +0100] [3048326] [CRITICAL] WORKER TIMEOUT (pid:3607284)
2026-02-07 16:01:02 +01:00: [2026-02-07 16:01:02 +0100] [3607284] [ERROR] Error handling request (no URI read)
2026-02-07 16:01:02 +01:00: Traceback (most recent call last):
2026-02-07 16:01:02 +01:00:   File "/opt/Tennis_Booking/venv/lib/python3.12/site-packages/gunicorn/workers/sync.py", line 133, in handle
2026-02-07 16:01:02 +01:00:     req = next(parser)
2026-02-07 16:01:02 +01:00:           ^^^^^^^^^^^^
2026-02-07 16:01:02 +01:00:   File "/opt/Tennis_Booking/venv/lib/python3.12/site-packages/gunicorn/http/parser.py", line 41, in __next__
2026-02-07 16:01:02 +01:00:     self.mesg = self.mesg_class(self.cfg, self.unreader, self.source_addr, self.req_count)
2026-02-07 16:01:02 +01:00:                 ^^^^^^^^^^^^^^^^^^^^^^^^^^^^^^^^^^^^^^^^^^^^^^^^^^^^^^^^^^^^^^^^^^^^^^^^^^
2026-02-07 16:01:02 +01:00:   File "/opt/Tennis_Booking/venv/lib/python3.12/site-packages/gunicorn/http/message.py", line 259, in __init__
2026-02-07 16:01:02 +01:00:     super().__init__(cfg, unreader, peer_addr)
2026-02-07 16:01:02 +01:00:   File "/opt/Tennis_Booking/venv/lib/python3.12/site-packages/gunicorn/http/message.py", line 60, in __init__
2026-02-07 16:01:02 +01:00:     unused = self.parse(self.unreader)
2026-02-07 16:01:02 +01:00:              ^^^^^^^^^^^^^^^^^^^^^^^^^
2026-02-07 16:01:02 +01:00:   File "/opt/Tennis_Booking/venv/lib/python3.12/site-packages/gunicorn/http/message.py", line 274, in parse
2026-02-07 16:01:02 +01:00:     line, rbuf = self.read_line(unreader, buf, self.limit_request_line)
2026-02-07 16:01:02 +01:00:                  ^^^^^^^^^^^^^^^^^^^^^^^^^^^^^^^^^^^^^^^^^^^^^^^^^^^^^^
2026-02-07 16:01:02 +01:00:   File "/opt/Tennis_Booking/venv/lib/python3.12/site-packages/gunicorn/http/message.py", line 326, in read_line
2026-02-07 16:01:02 +01:00:     self.get_data(unreader, buf)
2026-02-07 16:01:02 +01:00:   File "/opt/Tennis_Booking/venv/lib/python3.12/site-packages/gunicorn/http/message.py", line 262, in get_data
2026-02-07 16:01:02 +01:00:     data = unreader.read()
2026-02-07 16:01:02 +01:00:            ^^^^^^^^^^^^^^^
2026-02-07 16:01:02 +01:00:   File "/opt/Tennis_Booking/venv/lib/python3.12/site-packages/gunicorn/http/unreader.py", line 36, in read
2026-02-07 16:01:02 +01:00:     d = self.chunk()
2026-02-07 16:01:02 +01:00:         ^^^^^^^^^^^^
2026-02-07 16:01:02 +01:00:   File "/opt/Tennis_Booking/venv/lib/python3.12/site-packages/gunicorn/http/unreader.py", line 63, in chunk
2026-02-07 16:01:02 +01:00:     return self.sock.recv(self.mxchunk)
2026-02-07 16:01:02 +01:00:            ^^^^^^^^^^^^^^^^^^^^^^^^^^^^
2026-02-07 16:01:02 +01:00:   File "/opt/Tennis_Booking/venv/lib/python3.12/site-packages/gunicorn/workers/base.py", line 204, in handle_abort
2026-02-07 16:01:02 +01:00:     sys.exit(1)
2026-02-07 16:01:02 +01:00: SystemExit: 1
2026-02-07 16:01:02 +01:00: [2026-02-07 16:01:02 +0100] [3607284] [INFO] Worker exiting (pid: 3607284)
2026-02-07 16:01:02 +01:00: [2026-02-07 16:01:02 +0100] [3607330] [INFO] Booting worker with pid: 3607330
2026-02-07 16:01:16 +01:00: [2026-02-07 16:01:16 +0100] [3048326] [CRITICAL] WORKER TIMEOUT (pid:3607291)
2026-02-07 16:01:16 +01:00: [2026-02-07 16:01:16 +0100] [3607291] [ERROR] Error handling request (no URI read)
2026-02-07 16:01:16 +01:00: Traceback (most recent call last):
2026-02-07 16:01:16 +01:00:   File "/opt/Tennis_Booking/venv/lib/python3.12/site-packages/gunicorn/workers/sync.py", line 133, in handle
2026-02-07 16:01:16 +01:00:     req = next(parser)
2026-02-07 16:01:16 +01:00:           ^^^^^^^^^^^^
2026-02-07 16:01:16 +01:00:   File "/opt/Tennis_Booking/venv/lib/python3.12/site-packages/gunicorn/http/parser.py", line 41, in __next__
2026-02-07 16:01:16 +01:00:     self.mesg = self.mesg_class(self.cfg, self.unreader, self.source_addr, self.req_count)
2026-02-07 16:01:16 +01:00:                 ^^^^^^^^^^^^^^^^^^^^^^^^^^^^^^^^^^^^^^^^^^^^^^^^^^^^^^^^^^^^^^^^^^^^^^^^^^
2026-02-07 16:01:16 +01:00:   File "/opt/Tennis_Booking/venv/lib/python3.12/site-packages/gunicorn/http/message.py", line 259, in __init__
2026-02-07 16:01:16 +01:00:     super().__init__(cfg, unreader, peer_addr)
2026-02-07 16:01:16 +01:00:   File "/opt/Tennis_Booking/venv/lib/python3.12/site-packages/gunicorn/http/message.py", line 60, in __init__
2026-02-07 16:01:16 +01:00:     unused = self.parse(self.unreader)
2026-02-07 16:01:16 +01:00:              ^^^^^^^^^^^^^^^^^^^^^^^^^
2026-02-07 16:01:16 +01:00:   File "/opt/Tennis_Booking/venv/lib/python3.12/site-packages/gunicorn/http/message.py", line 274, in parse
2026-02-07 16:01:16 +01:00:     line, rbuf = self.read_line(unreader, buf, self.limit_request_line)
2026-02-07 16:01:16 +01:00:                  ^^^^^^^^^^^^^^^^^^^^^^^^^^^^^^^^^^^^^^^^^^^^^^^^^^^^^^
2026-02-07 16:01:16 +01:00:   File "/opt/Tennis_Booking/venv/lib/python3.12/site-packages/gunicorn/http/message.py", line 326, in read_line
2026-02-07 16:01:16 +01:00:     self.get_data(unreader, buf)
2026-02-07 16:01:16 +01:00:   File "/opt/Tennis_Booking/venv/lib/python3.12/site-packages/gunicorn/http/message.py", line 262, in get_data
2026-02-07 16:01:16 +01:00:     data = unreader.read()
2026-02-07 16:01:16 +01:00:            ^^^^^^^^^^^^^^^
2026-02-07 16:01:16 +01:00:   File "/opt/Tennis_Booking/venv/lib/python3.12/site-packages/gunicorn/http/unreader.py", line 36, in read
2026-02-07 16:01:16 +01:00:     d = self.chunk()
2026-02-07 16:01:16 +01:00:         ^^^^^^^^^^^^
2026-02-07 16:01:16 +01:00:   File "/opt/Tennis_Booking/venv/lib/python3.12/site-packages/gunicorn/http/unreader.py", line 63, in chunk
2026-02-07 16:01:16 +01:00:     return self.sock.recv(self.mxchunk)
2026-02-07 16:01:16 +01:00:            ^^^^^^^^^^^^^^^^^^^^^^^^^^^^
2026-02-07 16:01:16 +01:00:   File "/opt/Tennis_Booking/venv/lib/python3.12/site-packages/gunicorn/workers/base.py", line 204, in handle_abort
2026-02-07 16:01:16 +01:00:     sys.exit(1)
2026-02-07 16:01:16 +01:00: SystemExit: 1
2026-02-07 16:01:16 +01:00: [2026-02-07 16:01:16 +0100] [3607291] [INFO] Worker exiting (pid: 3607291)
2026-02-07 16:01:16 +01:00: [2026-02-07 16:01:16 +0100] [3607338] [INFO] Booting worker with pid: 3607338
2026-02-07 16:03:02 +01:00: [2026-02-07 16:03:02 +0100] [3048326] [CRITICAL] WORKER TIMEOUT (pid:3607330)
2026-02-07 16:03:02 +01:00: [2026-02-07 16:03:02 +0100] [3607330] [ERROR] Error handling request (no URI read)
2026-02-07 16:03:02 +01:00: Traceback (most recent call last):
2026-02-07 16:03:02 +01:00:   File "/opt/Tennis_Booking/venv/lib/python3.12/site-packages/gunicorn/workers/sync.py", line 133, in handle
2026-02-07 16:03:02 +01:00:     req = next(parser)
2026-02-07 16:03:02 +01:00:           ^^^^^^^^^^^^
2026-02-07 16:03:02 +01:00:   File "/opt/Tennis_Booking/venv/lib/python3.12/site-packages/gunicorn/http/parser.py", line 41, in __next__
2026-02-07 16:03:02 +01:00:     self.mesg = self.mesg_class(self.cfg, self.unreader, self.source_addr, self.req_count)
2026-02-07 16:03:02 +01:00:                 ^^^^^^^^^^^^^^^^^^^^^^^^^^^^^^^^^^^^^^^^^^^^^^^^^^^^^^^^^^^^^^^^^^^^^^^^^^
2026-02-07 16:03:02 +01:00:   File "/opt/Tennis_Booking/venv/lib/python3.12/site-packages/gunicorn/http/message.py", line 259, in __init__
2026-02-07 16:03:02 +01:00:     super().__init__(cfg, unreader, peer_addr)
2026-02-07 16:03:02 +01:00:   File "/opt/Tennis_Booking/venv/lib/python3.12/site-packages/gunicorn/http/message.py", line 60, in __init__
2026-02-07 16:03:02 +01:00:     unused = self.parse(self.unreader)
2026-02-07 16:03:02 +01:00:              ^^^^^^^^^^^^^^^^^^^^^^^^^
2026-02-07 16:03:02 +01:00:   File "/opt/Tennis_Booking/venv/lib/python3.12/site-packages/gunicorn/http/message.py", line 274, in parse
2026-02-07 16:03:02 +01:00:     line, rbuf = self.read_line(unreader, buf, self.limit_request_line)
2026-02-07 16:03:02 +01:00:                  ^^^^^^^^^^^^^^^^^^^^^^^^^^^^^^^^^^^^^^^^^^^^^^^^^^^^^^
2026-02-07 16:03:02 +01:00:   File "/opt/Tennis_Booking/venv/lib/python3.12/site-packages/gunicorn/http/message.py", line 326, in read_line
2026-02-07 16:03:02 +01:00:     self.get_data(unreader, buf)
2026-02-07 16:03:02 +01:00:   File "/opt/Tennis_Booking/venv/lib/python3.12/site-packages/gunicorn/http/message.py", line 262, in get_data
2026-02-07 16:03:02 +01:00:     data = unreader.read()
2026-02-07 16:03:02 +01:00:            ^^^^^^^^^^^^^^^
2026-02-07 16:03:02 +01:00:   File "/opt/Tennis_Booking/venv/lib/python3.12/site-packages/gunicorn/http/unreader.py", line 36, in read
2026-02-07 16:03:02 +01:00:     d = self.chunk()
2026-02-07 16:03:02 +01:00:         ^^^^^^^^^^^^
2026-02-07 16:03:02 +01:00:   File "/opt/Tennis_Booking/venv/lib/python3.12/site-packages/gunicorn/http/unreader.py", line 63, in chunk
2026-02-07 16:03:02 +01:00:     return self.sock.recv(self.mxchunk)
2026-02-07 16:03:02 +01:00:            ^^^^^^^^^^^^^^^^^^^^^^^^^^^^
2026-02-07 16:03:02 +01:00:   File "/opt/Tennis_Booking/venv/lib/python3.12/site-packages/gunicorn/workers/base.py", line 204, in handle_abort
2026-02-07 16:03:02 +01:00:     sys.exit(1)
2026-02-07 16:03:02 +01:00: SystemExit: 1
2026-02-07 16:03:02 +01:00: [2026-02-07 16:03:02 +0100] [3607330] [INFO] Worker exiting (pid: 3607330)
2026-02-07 16:03:02 +01:00: [2026-02-07 16:03:02 +0100] [3607383] [INFO] Booting worker with pid: 3607383
2026-02-07 16:03:16 +01:00: [2026-02-07 16:03:16 +0100] [3048326] [CRITICAL] WORKER TIMEOUT (pid:3607338)
2026-02-07 16:03:16 +01:00: [2026-02-07 16:03:16 +0100] [3607338] [ERROR] Error handling request (no URI read)
2026-02-07 16:03:16 +01:00: Traceback (most recent call last):
2026-02-07 16:03:16 +01:00:   File "/opt/Tennis_Booking/venv/lib/python3.12/site-packages/gunicorn/workers/sync.py", line 133, in handle
2026-02-07 16:03:16 +01:00:     req = next(parser)
2026-02-07 16:03:16 +01:00:           ^^^^^^^^^^^^
2026-02-07 16:03:16 +01:00:   File "/opt/Tennis_Booking/venv/lib/python3.12/site-packages/gunicorn/http/parser.py", line 41, in __next__
2026-02-07 16:03:16 +01:00:     self.mesg = self.mesg_class(self.cfg, self.unreader, self.source_addr, self.req_count)
2026-02-07 16:03:16 +01:00:                 ^^^^^^^^^^^^^^^^^^^^^^^^^^^^^^^^^^^^^^^^^^^^^^^^^^^^^^^^^^^^^^^^^^^^^^^^^^
2026-02-07 16:03:16 +01:00:   File "/opt/Tennis_Booking/venv/lib/python3.12/site-packages/gunicorn/http/message.py", line 259, in __init__
2026-02-07 16:03:16 +01:00:     super().__init__(cfg, unreader, peer_addr)
2026-02-07 16:03:16 +01:00:   File "/opt/Tennis_Booking/venv/lib/python3.12/site-packages/gunicorn/http/message.py", line 60, in __init__
2026-02-07 16:03:16 +01:00:     unused = self.parse(self.unreader)
2026-02-07 16:03:16 +01:00:              ^^^^^^^^^^^^^^^^^^^^^^^^^
2026-02-07 16:03:16 +01:00:   File "/opt/Tennis_Booking/venv/lib/python3.12/site-packages/gunicorn/http/message.py", line 274, in parse
2026-02-07 16:03:16 +01:00:     line, rbuf = self.read_line(unreader, buf, self.limit_request_line)
2026-02-07 16:03:16 +01:00:                  ^^^^^^^^^^^^^^^^^^^^^^^^^^^^^^^^^^^^^^^^^^^^^^^^^^^^^^
2026-02-07 16:03:16 +01:00:   File "/opt/Tennis_Booking/venv/lib/python3.12/site-packages/gunicorn/http/message.py", line 326, in read_line
2026-02-07 16:03:16 +01:00:     self.get_data(unreader, buf)
2026-02-07 16:03:16 +01:00:   File "/opt/Tennis_Booking/venv/lib/python3.12/site-packages/gunicorn/http/message.py", line 262, in get_data
2026-02-07 16:03:16 +01:00:     data = unreader.read()
2026-02-07 16:03:16 +01:00:            ^^^^^^^^^^^^^^^
2026-02-07 16:03:16 +01:00:   File "/opt/Tennis_Booking/venv/lib/python3.12/site-packages/gunicorn/http/unreader.py", line 36, in read
2026-02-07 16:03:16 +01:00:     d = self.chunk()
2026-02-07 16:03:16 +01:00:         ^^^^^^^^^^^^
2026-02-07 16:03:16 +01:00:   File "/opt/Tennis_Booking/venv/lib/python3.12/site-packages/gunicorn/http/unreader.py", line 63, in chunk
2026-02-07 16:03:16 +01:00:     return self.sock.recv(self.mxchunk)
2026-02-07 16:03:16 +01:00:            ^^^^^^^^^^^^^^^^^^^^^^^^^^^^
2026-02-07 16:03:16 +01:00:   File "/opt/Tennis_Booking/venv/lib/python3.12/site-packages/gunicorn/workers/base.py", line 204, in handle_abort
2026-02-07 16:03:16 +01:00:     sys.exit(1)
2026-02-07 16:03:16 +01:00: SystemExit: 1
2026-02-07 16:03:16 +01:00: [2026-02-07 16:03:16 +0100] [3607338] [INFO] Worker exiting (pid: 3607338)
2026-02-07 16:03:16 +01:00: [2026-02-07 16:03:16 +0100] [3607390] [INFO] Booting worker with pid: 3607390
2026-02-07 16:05:02 +01:00: [2026-02-07 16:05:02 +0100] [3048326] [CRITICAL] WORKER TIMEOUT (pid:3607383)
2026-02-07 16:05:02 +01:00: [2026-02-07 16:05:02 +0100] [3607383] [ERROR] Error handling request (no URI read)
2026-02-07 16:05:02 +01:00: Traceback (most recent call last):
2026-02-07 16:05:02 +01:00:   File "/opt/Tennis_Booking/venv/lib/python3.12/site-packages/gunicorn/workers/sync.py", line 133, in handle
2026-02-07 16:05:02 +01:00:     req = next(parser)
2026-02-07 16:05:02 +01:00:           ^^^^^^^^^^^^
2026-02-07 16:05:02 +01:00:   File "/opt/Tennis_Booking/venv/lib/python3.12/site-packages/gunicorn/http/parser.py", line 41, in __next__
2026-02-07 16:05:02 +01:00:     self.mesg = self.mesg_class(self.cfg, self.unreader, self.source_addr, self.req_count)
2026-02-07 16:05:02 +01:00:                 ^^^^^^^^^^^^^^^^^^^^^^^^^^^^^^^^^^^^^^^^^^^^^^^^^^^^^^^^^^^^^^^^^^^^^^^^^^
2026-02-07 16:05:02 +01:00:   File "/opt/Tennis_Booking/venv/lib/python3.12/site-packages/gunicorn/http/message.py", line 259, in __init__
2026-02-07 16:05:02 +01:00:     super().__init__(cfg, unreader, peer_addr)
2026-02-07 16:05:02 +01:00:   File "/opt/Tennis_Booking/venv/lib/python3.12/site-packages/gunicorn/http/message.py", line 60, in __init__
2026-02-07 16:05:02 +01:00:     unused = self.parse(self.unreader)
2026-02-07 16:05:02 +01:00:              ^^^^^^^^^^^^^^^^^^^^^^^^^
2026-02-07 16:05:02 +01:00:   File "/opt/Tennis_Booking/venv/lib/python3.12/site-packages/gunicorn/http/message.py", line 274, in parse
2026-02-07 16:05:02 +01:00:     line, rbuf = self.read_line(unreader, buf, self.limit_request_line)
2026-02-07 16:05:02 +01:00:                  ^^^^^^^^^^^^^^^^^^^^^^^^^^^^^^^^^^^^^^^^^^^^^^^^^^^^^^
2026-02-07 16:05:02 +01:00:   File "/opt/Tennis_Booking/venv/lib/python3.12/site-packages/gunicorn/http/message.py", line 326, in read_line
2026-02-07 16:05:02 +01:00:     self.get_data(unreader, buf)
2026-02-07 16:05:02 +01:00:   File "/opt/Tennis_Booking/venv/lib/python3.12/site-packages/gunicorn/http/message.py", line 262, in get_data
2026-02-07 16:05:02 +01:00:     data = unreader.read()
2026-02-07 16:05:02 +01:00:            ^^^^^^^^^^^^^^^
2026-02-07 16:05:02 +01:00:   File "/opt/Tennis_Booking/venv/lib/python3.12/site-packages/gunicorn/http/unreader.py", line 36, in read
2026-02-07 16:05:02 +01:00:     d = self.chunk()
2026-02-07 16:05:02 +01:00:         ^^^^^^^^^^^^
2026-02-07 16:05:02 +01:00:   File "/opt/Tennis_Booking/venv/lib/python3.12/site-packages/gunicorn/http/unreader.py", line 63, in chunk
2026-02-07 16:05:02 +01:00:     return self.sock.recv(self.mxchunk)
2026-02-07 16:05:02 +01:00:            ^^^^^^^^^^^^^^^^^^^^^^^^^^^^
2026-02-07 16:05:02 +01:00:   File "/opt/Tennis_Booking/venv/lib/python3.12/site-packages/gunicorn/workers/base.py", line 204, in handle_abort
2026-02-07 16:05:02 +01:00:     sys.exit(1)
2026-02-07 16:05:02 +01:00: SystemExit: 1
2026-02-07 16:05:02 +01:00: [2026-02-07 16:05:02 +0100] [3607383] [INFO] Worker exiting (pid: 3607383)
2026-02-07 16:05:03 +01:00: [2026-02-07 16:05:03 +0100] [3607427] [INFO] Booting worker with pid: 3607427
2026-02-07 16:05:17 +01:00: [2026-02-07 16:05:17 +0100] [3048326] [CRITICAL] WORKER TIMEOUT (pid:3607390)
2026-02-07 16:05:17 +01:00: [2026-02-07 16:05:17 +0100] [3607390] [ERROR] Error handling request (no URI read)
2026-02-07 16:05:17 +01:00: Traceback (most recent call last):
2026-02-07 16:05:17 +01:00:   File "/opt/Tennis_Booking/venv/lib/python3.12/site-packages/gunicorn/workers/sync.py", line 133, in handle
2026-02-07 16:05:17 +01:00:     req = next(parser)
2026-02-07 16:05:17 +01:00:           ^^^^^^^^^^^^
2026-02-07 16:05:17 +01:00:   File "/opt/Tennis_Booking/venv/lib/python3.12/site-packages/gunicorn/http/parser.py", line 41, in __next__
2026-02-07 16:05:17 +01:00:     self.mesg = self.mesg_class(self.cfg, self.unreader, self.source_addr, self.req_count)
2026-02-07 16:05:17 +01:00:                 ^^^^^^^^^^^^^^^^^^^^^^^^^^^^^^^^^^^^^^^^^^^^^^^^^^^^^^^^^^^^^^^^^^^^^^^^^^
2026-02-07 16:05:17 +01:00:   File "/opt/Tennis_Booking/venv/lib/python3.12/site-packages/gunicorn/http/message.py", line 259, in __init__
2026-02-07 16:05:17 +01:00:     super().__init__(cfg, unreader, peer_addr)
2026-02-07 16:05:17 +01:00:   File "/opt/Tennis_Booking/venv/lib/python3.12/site-packages/gunicorn/http/message.py", line 60, in __init__
2026-02-07 16:05:17 +01:00:     unused = self.parse(self.unreader)
2026-02-07 16:05:17 +01:00:              ^^^^^^^^^^^^^^^^^^^^^^^^^
2026-02-07 16:05:17 +01:00:   File "/opt/Tennis_Booking/venv/lib/python3.12/site-packages/gunicorn/http/message.py", line 274, in parse
2026-02-07 16:05:17 +01:00:     line, rbuf = self.read_line(unreader, buf, self.limit_request_line)
2026-02-07 16:05:17 +01:00:                  ^^^^^^^^^^^^^^^^^^^^^^^^^^^^^^^^^^^^^^^^^^^^^^^^^^^^^^
2026-02-07 16:05:17 +01:00:   File "/opt/Tennis_Booking/venv/lib/python3.12/site-packages/gunicorn/http/message.py", line 326, in read_line
2026-02-07 16:05:17 +01:00:     self.get_data(unreader, buf)
2026-02-07 16:05:17 +01:00:   File "/opt/Tennis_Booking/venv/lib/python3.12/site-packages/gunicorn/http/message.py", line 262, in get_data
2026-02-07 16:05:17 +01:00:     data = unreader.read()
2026-02-07 16:05:17 +01:00:            ^^^^^^^^^^^^^^^
2026-02-07 16:05:17 +01:00:   File "/opt/Tennis_Booking/venv/lib/python3.12/site-packages/gunicorn/http/unreader.py", line 36, in read
2026-02-07 16:05:17 +01:00:     d = self.chunk()
2026-02-07 16:05:17 +01:00:         ^^^^^^^^^^^^
2026-02-07 16:05:17 +01:00:   File "/opt/Tennis_Booking/venv/lib/python3.12/site-packages/gunicorn/http/unreader.py", line 63, in chunk
2026-02-07 16:05:17 +01:00:     return self.sock.recv(self.mxchunk)
2026-02-07 16:05:17 +01:00:            ^^^^^^^^^^^^^^^^^^^^^^^^^^^^
2026-02-07 16:05:17 +01:00:   File "/opt/Tennis_Booking/venv/lib/python3.12/site-packages/gunicorn/workers/base.py", line 204, in handle_abort
2026-02-07 16:05:17 +01:00:     sys.exit(1)
2026-02-07 16:05:17 +01:00: SystemExit: 1
2026-02-07 16:05:17 +01:00: [2026-02-07 16:05:17 +0100] [3607390] [INFO] Worker exiting (pid: 3607390)
2026-02-07 16:05:17 +01:00: [2026-02-07 16:05:17 +0100] [3607436] [INFO] Booting worker with pid: 3607436
2026-02-07 16:07:03 +01:00: [2026-02-07 16:07:03 +0100] [3048326] [CRITICAL] WORKER TIMEOUT (pid:3607427)
2026-02-07 16:07:03 +01:00: [2026-02-07 16:07:03 +0100] [3607427] [ERROR] Error handling request (no URI read)
2026-02-07 16:07:03 +01:00: Traceback (most recent call last):
2026-02-07 16:07:03 +01:00:   File "/opt/Tennis_Booking/venv/lib/python3.12/site-packages/gunicorn/workers/sync.py", line 133, in handle
2026-02-07 16:07:03 +01:00:     req = next(parser)
2026-02-07 16:07:03 +01:00:           ^^^^^^^^^^^^
2026-02-07 16:07:03 +01:00:   File "/opt/Tennis_Booking/venv/lib/python3.12/site-packages/gunicorn/http/parser.py", line 41, in __next__
2026-02-07 16:07:03 +01:00:     self.mesg = self.mesg_class(self.cfg, self.unreader, self.source_addr, self.req_count)
2026-02-07 16:07:03 +01:00:                 ^^^^^^^^^^^^^^^^^^^^^^^^^^^^^^^^^^^^^^^^^^^^^^^^^^^^^^^^^^^^^^^^^^^^^^^^^^
2026-02-07 16:07:03 +01:00:   File "/opt/Tennis_Booking/venv/lib/python3.12/site-packages/gunicorn/http/message.py", line 259, in __init__
2026-02-07 16:07:03 +01:00:     super().__init__(cfg, unreader, peer_addr)
2026-02-07 16:07:03 +01:00:   File "/opt/Tennis_Booking/venv/lib/python3.12/site-packages/gunicorn/http/message.py", line 60, in __init__
2026-02-07 16:07:03 +01:00:     unused = self.parse(self.unreader)
2026-02-07 16:07:03 +01:00:              ^^^^^^^^^^^^^^^^^^^^^^^^^
2026-02-07 16:07:03 +01:00:   File "/opt/Tennis_Booking/venv/lib/python3.12/site-packages/gunicorn/http/message.py", line 274, in parse
2026-02-07 16:07:03 +01:00:     line, rbuf = self.read_line(unreader, buf, self.limit_request_line)
2026-02-07 16:07:03 +01:00:                  ^^^^^^^^^^^^^^^^^^^^^^^^^^^^^^^^^^^^^^^^^^^^^^^^^^^^^^
2026-02-07 16:07:03 +01:00:   File "/opt/Tennis_Booking/venv/lib/python3.12/site-packages/gunicorn/http/message.py", line 326, in read_line
2026-02-07 16:07:03 +01:00:     self.get_data(unreader, buf)
2026-02-07 16:07:03 +01:00:   File "/opt/Tennis_Booking/venv/lib/python3.12/site-packages/gunicorn/http/message.py", line 262, in get_data
2026-02-07 16:07:03 +01:00:     data = unreader.read()
2026-02-07 16:07:03 +01:00:            ^^^^^^^^^^^^^^^
2026-02-07 16:07:03 +01:00:   File "/opt/Tennis_Booking/venv/lib/python3.12/site-packages/gunicorn/http/unreader.py", line 36, in read
2026-02-07 16:07:03 +01:00:     d = self.chunk()
2026-02-07 16:07:03 +01:00:         ^^^^^^^^^^^^
2026-02-07 16:07:03 +01:00:   File "/opt/Tennis_Booking/venv/lib/python3.12/site-packages/gunicorn/http/unreader.py", line 63, in chunk
2026-02-07 16:07:03 +01:00:     return self.sock.recv(self.mxchunk)
2026-02-07 16:07:03 +01:00:            ^^^^^^^^^^^^^^^^^^^^^^^^^^^^
2026-02-07 16:07:03 +01:00:   File "/opt/Tennis_Booking/venv/lib/python3.12/site-packages/gunicorn/workers/base.py", line 204, in handle_abort
2026-02-07 16:07:03 +01:00:     sys.exit(1)
2026-02-07 16:07:03 +01:00: SystemExit: 1
2026-02-07 16:07:03 +01:00: [2026-02-07 16:07:03 +0100] [3607427] [INFO] Worker exiting (pid: 3607427)
2026-02-07 16:07:03 +01:00: [2026-02-07 16:07:03 +0100] [3607470] [INFO] Booting worker with pid: 3607470
2026-02-07 16:07:17 +01:00: [2026-02-07 16:07:17 +0100] [3048326] [CRITICAL] WORKER TIMEOUT (pid:3607436)
2026-02-07 16:07:17 +01:00: [2026-02-07 16:07:17 +0100] [3607436] [ERROR] Error handling request (no URI read)
2026-02-07 16:07:17 +01:00: Traceback (most recent call last):
2026-02-07 16:07:17 +01:00:   File "/opt/Tennis_Booking/venv/lib/python3.12/site-packages/gunicorn/workers/sync.py", line 133, in handle
2026-02-07 16:07:17 +01:00:     req = next(parser)
2026-02-07 16:07:17 +01:00:           ^^^^^^^^^^^^
2026-02-07 16:07:17 +01:00:   File "/opt/Tennis_Booking/venv/lib/python3.12/site-packages/gunicorn/http/parser.py", line 41, in __next__
2026-02-07 16:07:17 +01:00:     self.mesg = self.mesg_class(self.cfg, self.unreader, self.source_addr, self.req_count)
2026-02-07 16:07:17 +01:00:                 ^^^^^^^^^^^^^^^^^^^^^^^^^^^^^^^^^^^^^^^^^^^^^^^^^^^^^^^^^^^^^^^^^^^^^^^^^^
2026-02-07 16:07:17 +01:00:   File "/opt/Tennis_Booking/venv/lib/python3.12/site-packages/gunicorn/http/message.py", line 259, in __init__
2026-02-07 16:07:17 +01:00:     super().__init__(cfg, unreader, peer_addr)
2026-02-07 16:07:17 +01:00:   File "/opt/Tennis_Booking/venv/lib/python3.12/site-packages/gunicorn/http/message.py", line 60, in __init__
2026-02-07 16:07:17 +01:00:     unused = self.parse(self.unreader)
2026-02-07 16:07:17 +01:00:              ^^^^^^^^^^^^^^^^^^^^^^^^^
2026-02-07 16:07:17 +01:00:   File "/opt/Tennis_Booking/venv/lib/python3.12/site-packages/gunicorn/http/message.py", line 274, in parse
2026-02-07 16:07:17 +01:00:     line, rbuf = self.read_line(unreader, buf, self.limit_request_line)
2026-02-07 16:07:17 +01:00:                  ^^^^^^^^^^^^^^^^^^^^^^^^^^^^^^^^^^^^^^^^^^^^^^^^^^^^^^
2026-02-07 16:07:17 +01:00:   File "/opt/Tennis_Booking/venv/lib/python3.12/site-packages/gunicorn/http/message.py", line 326, in read_line
2026-02-07 16:07:17 +01:00:     self.get_data(unreader, buf)
2026-02-07 16:07:17 +01:00:   File "/opt/Tennis_Booking/venv/lib/python3.12/site-packages/gunicorn/http/message.py", line 262, in get_data
2026-02-07 16:07:17 +01:00:     data = unreader.read()
2026-02-07 16:07:17 +01:00:            ^^^^^^^^^^^^^^^
2026-02-07 16:07:17 +01:00:   File "/opt/Tennis_Booking/venv/lib/python3.12/site-packages/gunicorn/http/unreader.py", line 36, in read
2026-02-07 16:07:17 +01:00:     d = self.chunk()
2026-02-07 16:07:17 +01:00:         ^^^^^^^^^^^^
2026-02-07 16:07:17 +01:00:   File "/opt/Tennis_Booking/venv/lib/python3.12/site-packages/gunicorn/http/unreader.py", line 63, in chunk
2026-02-07 16:07:17 +01:00:     return self.sock.recv(self.mxchunk)
2026-02-07 16:07:17 +01:00:            ^^^^^^^^^^^^^^^^^^^^^^^^^^^^
2026-02-07 16:07:17 +01:00:   File "/opt/Tennis_Booking/venv/lib/python3.12/site-packages/gunicorn/workers/base.py", line 204, in handle_abort
2026-02-07 16:07:17 +01:00:     sys.exit(1)
2026-02-07 16:07:17 +01:00: SystemExit: 1
2026-02-07 16:07:17 +01:00: [2026-02-07 16:07:17 +0100] [3607436] [INFO] Worker exiting (pid: 3607436)
2026-02-07 16:07:17 +01:00: [2026-02-07 16:07:17 +0100] [3607479] [INFO] Booting worker with pid: 3607479
2026-02-07 16:09:03 +01:00: [2026-02-07 16:09:03 +0100] [3048326] [CRITICAL] WORKER TIMEOUT (pid:3607470)
2026-02-07 16:09:03 +01:00: [2026-02-07 16:09:03 +0100] [3607470] [ERROR] Error handling request (no URI read)
2026-02-07 16:09:03 +01:00: Traceback (most recent call last):
2026-02-07 16:09:03 +01:00:   File "/opt/Tennis_Booking/venv/lib/python3.12/site-packages/gunicorn/workers/sync.py", line 133, in handle
2026-02-07 16:09:03 +01:00:     req = next(parser)
2026-02-07 16:09:03 +01:00:           ^^^^^^^^^^^^
2026-02-07 16:09:03 +01:00:   File "/opt/Tennis_Booking/venv/lib/python3.12/site-packages/gunicorn/http/parser.py", line 41, in __next__
2026-02-07 16:09:03 +01:00:     self.mesg = self.mesg_class(self.cfg, self.unreader, self.source_addr, self.req_count)
2026-02-07 16:09:03 +01:00:                 ^^^^^^^^^^^^^^^^^^^^^^^^^^^^^^^^^^^^^^^^^^^^^^^^^^^^^^^^^^^^^^^^^^^^^^^^^^
2026-02-07 16:09:03 +01:00:   File "/opt/Tennis_Booking/venv/lib/python3.12/site-packages/gunicorn/http/message.py", line 259, in __init__
2026-02-07 16:09:03 +01:00:     super().__init__(cfg, unreader, peer_addr)
2026-02-07 16:09:03 +01:00:   File "/opt/Tennis_Booking/venv/lib/python3.12/site-packages/gunicorn/http/message.py", line 60, in __init__
2026-02-07 16:09:03 +01:00:     unused = self.parse(self.unreader)
2026-02-07 16:09:03 +01:00:              ^^^^^^^^^^^^^^^^^^^^^^^^^
2026-02-07 16:09:03 +01:00:   File "/opt/Tennis_Booking/venv/lib/python3.12/site-packages/gunicorn/http/message.py", line 274, in parse
2026-02-07 16:09:03 +01:00:     line, rbuf = self.read_line(unreader, buf, self.limit_request_line)
2026-02-07 16:09:03 +01:00:                  ^^^^^^^^^^^^^^^^^^^^^^^^^^^^^^^^^^^^^^^^^^^^^^^^^^^^^^
2026-02-07 16:09:03 +01:00:   File "/opt/Tennis_Booking/venv/lib/python3.12/site-packages/gunicorn/http/message.py", line 326, in read_line
2026-02-07 16:09:03 +01:00:     self.get_data(unreader, buf)
2026-02-07 16:09:03 +01:00:   File "/opt/Tennis_Booking/venv/lib/python3.12/site-packages/gunicorn/http/message.py", line 262, in get_data
2026-02-07 16:09:03 +01:00:     data = unreader.read()
2026-02-07 16:09:03 +01:00:            ^^^^^^^^^^^^^^^
2026-02-07 16:09:03 +01:00:   File "/opt/Tennis_Booking/venv/lib/python3.12/site-packages/gunicorn/http/unreader.py", line 36, in read
2026-02-07 16:09:03 +01:00:     d = self.chunk()
2026-02-07 16:09:03 +01:00:         ^^^^^^^^^^^^
2026-02-07 16:09:03 +01:00:   File "/opt/Tennis_Booking/venv/lib/python3.12/site-packages/gunicorn/http/unreader.py", line 63, in chunk
2026-02-07 16:09:03 +01:00:     return self.sock.recv(self.mxchunk)
2026-02-07 16:09:03 +01:00:            ^^^^^^^^^^^^^^^^^^^^^^^^^^^^
2026-02-07 16:09:03 +01:00:   File "/opt/Tennis_Booking/venv/lib/python3.12/site-packages/gunicorn/workers/base.py", line 204, in handle_abort
2026-02-07 16:09:03 +01:00:     sys.exit(1)
2026-02-07 16:09:03 +01:00: SystemExit: 1
2026-02-07 16:09:03 +01:00: [2026-02-07 16:09:03 +0100] [3607470] [INFO] Worker exiting (pid: 3607470)
2026-02-07 16:09:04 +01:00: [2026-02-07 16:09:04 +0100] [3607519] [INFO] Booting worker with pid: 3607519
2026-02-07 16:09:18 +01:00: [2026-02-07 16:09:18 +0100] [3048326] [CRITICAL] WORKER TIMEOUT (pid:3607479)
2026-02-07 16:09:18 +01:00: [2026-02-07 16:09:18 +0100] [3607479] [ERROR] Error handling request (no URI read)
2026-02-07 16:09:18 +01:00: Traceback (most recent call last):
2026-02-07 16:09:18 +01:00:   File "/opt/Tennis_Booking/venv/lib/python3.12/site-packages/gunicorn/workers/sync.py", line 133, in handle
2026-02-07 16:09:18 +01:00:     req = next(parser)
2026-02-07 16:09:18 +01:00:           ^^^^^^^^^^^^
2026-02-07 16:09:18 +01:00:   File "/opt/Tennis_Booking/venv/lib/python3.12/site-packages/gunicorn/http/parser.py", line 41, in __next__
2026-02-07 16:09:18 +01:00:     self.mesg = self.mesg_class(self.cfg, self.unreader, self.source_addr, self.req_count)
2026-02-07 16:09:18 +01:00:                 ^^^^^^^^^^^^^^^^^^^^^^^^^^^^^^^^^^^^^^^^^^^^^^^^^^^^^^^^^^^^^^^^^^^^^^^^^^
2026-02-07 16:09:18 +01:00:   File "/opt/Tennis_Booking/venv/lib/python3.12/site-packages/gunicorn/http/message.py", line 259, in __init__
2026-02-07 16:09:18 +01:00:     super().__init__(cfg, unreader, peer_addr)
2026-02-07 16:09:18 +01:00:   File "/opt/Tennis_Booking/venv/lib/python3.12/site-packages/gunicorn/http/message.py", line 60, in __init__
2026-02-07 16:09:18 +01:00:     unused = self.parse(self.unreader)
2026-02-07 16:09:18 +01:00:              ^^^^^^^^^^^^^^^^^^^^^^^^^
2026-02-07 16:09:18 +01:00:   File "/opt/Tennis_Booking/venv/lib/python3.12/site-packages/gunicorn/http/message.py", line 274, in parse
2026-02-07 16:09:18 +01:00:     line, rbuf = self.read_line(unreader, buf, self.limit_request_line)
2026-02-07 16:09:18 +01:00:                  ^^^^^^^^^^^^^^^^^^^^^^^^^^^^^^^^^^^^^^^^^^^^^^^^^^^^^^
2026-02-07 16:09:18 +01:00:   File "/opt/Tennis_Booking/venv/lib/python3.12/site-packages/gunicorn/http/message.py", line 326, in read_line
2026-02-07 16:09:18 +01:00:     self.get_data(unreader, buf)
2026-02-07 16:09:18 +01:00:   File "/opt/Tennis_Booking/venv/lib/python3.12/site-packages/gunicorn/http/message.py", line 262, in get_data
2026-02-07 16:09:18 +01:00:     data = unreader.read()
2026-02-07 16:09:18 +01:00:            ^^^^^^^^^^^^^^^
2026-02-07 16:09:18 +01:00:   File "/opt/Tennis_Booking/venv/lib/python3.12/site-packages/gunicorn/http/unreader.py", line 36, in read
2026-02-07 16:09:18 +01:00:     d = self.chunk()
2026-02-07 16:09:18 +01:00:         ^^^^^^^^^^^^
2026-02-07 16:09:18 +01:00:   File "/opt/Tennis_Booking/venv/lib/python3.12/site-packages/gunicorn/http/unreader.py", line 63, in chunk
2026-02-07 16:09:18 +01:00:     return self.sock.recv(self.mxchunk)
2026-02-07 16:09:18 +01:00:            ^^^^^^^^^^^^^^^^^^^^^^^^^^^^
2026-02-07 16:09:18 +01:00:   File "/opt/Tennis_Booking/venv/lib/python3.12/site-packages/gunicorn/workers/base.py", line 204, in handle_abort
2026-02-07 16:09:18 +01:00:     sys.exit(1)
2026-02-07 16:09:18 +01:00: SystemExit: 1
2026-02-07 16:09:18 +01:00: [2026-02-07 16:09:18 +0100] [3607479] [INFO] Worker exiting (pid: 3607479)
2026-02-07 16:09:18 +01:00: [2026-02-07 16:09:18 +0100] [3607526] [INFO] Booting worker with pid: 3607526
2026-02-07 16:11:04 +01:00: [2026-02-07 16:11:04 +0100] [3048326] [CRITICAL] WORKER TIMEOUT (pid:3607519)
2026-02-07 16:11:04 +01:00: [2026-02-07 16:11:04 +0100] [3607519] [ERROR] Error handling request (no URI read)
2026-02-07 16:11:04 +01:00: Traceback (most recent call last):
2026-02-07 16:11:04 +01:00:   File "/opt/Tennis_Booking/venv/lib/python3.12/site-packages/gunicorn/workers/sync.py", line 133, in handle
2026-02-07 16:11:04 +01:00:     req = next(parser)
2026-02-07 16:11:04 +01:00:           ^^^^^^^^^^^^
2026-02-07 16:11:04 +01:00:   File "/opt/Tennis_Booking/venv/lib/python3.12/site-packages/gunicorn/http/parser.py", line 41, in __next__
2026-02-07 16:11:04 +01:00:     self.mesg = self.mesg_class(self.cfg, self.unreader, self.source_addr, self.req_count)
2026-02-07 16:11:04 +01:00:                 ^^^^^^^^^^^^^^^^^^^^^^^^^^^^^^^^^^^^^^^^^^^^^^^^^^^^^^^^^^^^^^^^^^^^^^^^^^
2026-02-07 16:11:04 +01:00:   File "/opt/Tennis_Booking/venv/lib/python3.12/site-packages/gunicorn/http/message.py", line 259, in __init__
2026-02-07 16:11:04 +01:00:     super().__init__(cfg, unreader, peer_addr)
2026-02-07 16:11:04 +01:00:   File "/opt/Tennis_Booking/venv/lib/python3.12/site-packages/gunicorn/http/message.py", line 60, in __init__
2026-02-07 16:11:04 +01:00:     unused = self.parse(self.unreader)
2026-02-07 16:11:04 +01:00:              ^^^^^^^^^^^^^^^^^^^^^^^^^
2026-02-07 16:11:04 +01:00:   File "/opt/Tennis_Booking/venv/lib/python3.12/site-packages/gunicorn/http/message.py", line 274, in parse
2026-02-07 16:11:04 +01:00:     line, rbuf = self.read_line(unreader, buf, self.limit_request_line)
2026-02-07 16:11:04 +01:00:                  ^^^^^^^^^^^^^^^^^^^^^^^^^^^^^^^^^^^^^^^^^^^^^^^^^^^^^^
2026-02-07 16:11:04 +01:00:   File "/opt/Tennis_Booking/venv/lib/python3.12/site-packages/gunicorn/http/message.py", line 326, in read_line
2026-02-07 16:11:04 +01:00:     self.get_data(unreader, buf)
2026-02-07 16:11:04 +01:00:   File "/opt/Tennis_Booking/venv/lib/python3.12/site-packages/gunicorn/http/message.py", line 262, in get_data
2026-02-07 16:11:04 +01:00:     data = unreader.read()
2026-02-07 16:11:04 +01:00:            ^^^^^^^^^^^^^^^
2026-02-07 16:11:04 +01:00:   File "/opt/Tennis_Booking/venv/lib/python3.12/site-packages/gunicorn/http/unreader.py", line 36, in read
2026-02-07 16:11:04 +01:00:     d = self.chunk()
2026-02-07 16:11:04 +01:00:         ^^^^^^^^^^^^
2026-02-07 16:11:04 +01:00:   File "/opt/Tennis_Booking/venv/lib/python3.12/site-packages/gunicorn/http/unreader.py", line 63, in chunk
2026-02-07 16:11:04 +01:00:     return self.sock.recv(self.mxchunk)
2026-02-07 16:11:04 +01:00:            ^^^^^^^^^^^^^^^^^^^^^^^^^^^^
2026-02-07 16:11:04 +01:00:   File "/opt/Tennis_Booking/venv/lib/python3.12/site-packages/gunicorn/workers/base.py", line 204, in handle_abort
2026-02-07 16:11:04 +01:00:     sys.exit(1)
2026-02-07 16:11:04 +01:00: SystemExit: 1
2026-02-07 16:11:04 +01:00: [2026-02-07 16:11:04 +0100] [3607519] [INFO] Worker exiting (pid: 3607519)
2026-02-07 16:11:04 +01:00: [2026-02-07 16:11:04 +0100] [3607588] [INFO] Booting worker with pid: 3607588
2026-02-07 16:11:18 +01:00: [2026-02-07 16:11:18 +0100] [3048326] [CRITICAL] WORKER TIMEOUT (pid:3607526)
2026-02-07 16:11:18 +01:00: [2026-02-07 16:11:18 +0100] [3607526] [ERROR] Error handling request (no URI read)
2026-02-07 16:11:18 +01:00: Traceback (most recent call last):
2026-02-07 16:11:18 +01:00:   File "/opt/Tennis_Booking/venv/lib/python3.12/site-packages/gunicorn/workers/sync.py", line 133, in handle
2026-02-07 16:11:18 +01:00:     req = next(parser)
2026-02-07 16:11:18 +01:00:           ^^^^^^^^^^^^
2026-02-07 16:11:18 +01:00:   File "/opt/Tennis_Booking/venv/lib/python3.12/site-packages/gunicorn/http/parser.py", line 41, in __next__
2026-02-07 16:11:18 +01:00:     self.mesg = self.mesg_class(self.cfg, self.unreader, self.source_addr, self.req_count)
2026-02-07 16:11:18 +01:00:                 ^^^^^^^^^^^^^^^^^^^^^^^^^^^^^^^^^^^^^^^^^^^^^^^^^^^^^^^^^^^^^^^^^^^^^^^^^^
2026-02-07 16:11:18 +01:00:   File "/opt/Tennis_Booking/venv/lib/python3.12/site-packages/gunicorn/http/message.py", line 259, in __init__
2026-02-07 16:11:18 +01:00:     super().__init__(cfg, unreader, peer_addr)
2026-02-07 16:11:18 +01:00:   File "/opt/Tennis_Booking/venv/lib/python3.12/site-packages/gunicorn/http/message.py", line 60, in __init__
2026-02-07 16:11:18 +01:00:     unused = self.parse(self.unreader)
2026-02-07 16:11:18 +01:00:              ^^^^^^^^^^^^^^^^^^^^^^^^^
2026-02-07 16:11:18 +01:00:   File "/opt/Tennis_Booking/venv/lib/python3.12/site-packages/gunicorn/http/message.py", line 274, in parse
2026-02-07 16:11:18 +01:00:     line, rbuf = self.read_line(unreader, buf, self.limit_request_line)
2026-02-07 16:11:18 +01:00:                  ^^^^^^^^^^^^^^^^^^^^^^^^^^^^^^^^^^^^^^^^^^^^^^^^^^^^^^
2026-02-07 16:11:18 +01:00:   File "/opt/Tennis_Booking/venv/lib/python3.12/site-packages/gunicorn/http/message.py", line 326, in read_line
2026-02-07 16:11:18 +01:00:     self.get_data(unreader, buf)
2026-02-07 16:11:18 +01:00:   File "/opt/Tennis_Booking/venv/lib/python3.12/site-packages/gunicorn/http/message.py", line 262, in get_data
2026-02-07 16:11:18 +01:00:     data = unreader.read()
2026-02-07 16:11:18 +01:00:            ^^^^^^^^^^^^^^^
2026-02-07 16:11:18 +01:00:   File "/opt/Tennis_Booking/venv/lib/python3.12/site-packages/gunicorn/http/unreader.py", line 36, in read
2026-02-07 16:11:18 +01:00:     d = self.chunk()
2026-02-07 16:11:18 +01:00:         ^^^^^^^^^^^^
2026-02-07 16:11:18 +01:00:   File "/opt/Tennis_Booking/venv/lib/python3.12/site-packages/gunicorn/http/unreader.py", line 63, in chunk
2026-02-07 16:11:18 +01:00:     return self.sock.recv(self.mxchunk)
2026-02-07 16:11:18 +01:00:            ^^^^^^^^^^^^^^^^^^^^^^^^^^^^
2026-02-07 16:11:18 +01:00:   File "/opt/Tennis_Booking/venv/lib/python3.12/site-packages/gunicorn/workers/base.py", line 204, in handle_abort
2026-02-07 16:11:18 +01:00:     sys.exit(1)
2026-02-07 16:11:18 +01:00: SystemExit: 1
2026-02-07 16:11:18 +01:00: [2026-02-07 16:11:18 +0100] [3607526] [INFO] Worker exiting (pid: 3607526)
2026-02-07 16:11:18 +01:00: [2026-02-07 16:11:18 +0100] [3607594] [INFO] Booting worker with pid: 3607594
2026-02-07 16:13:04 +01:00: [2026-02-07 16:13:04 +0100] [3048326] [CRITICAL] WORKER TIMEOUT (pid:3607588)
2026-02-07 16:13:04 +01:00: [2026-02-07 16:13:04 +0100] [3607588] [ERROR] Error handling request (no URI read)
2026-02-07 16:13:04 +01:00: Traceback (most recent call last):
2026-02-07 16:13:04 +01:00:   File "/opt/Tennis_Booking/venv/lib/python3.12/site-packages/gunicorn/workers/sync.py", line 133, in handle
2026-02-07 16:13:04 +01:00:     req = next(parser)
2026-02-07 16:13:04 +01:00:           ^^^^^^^^^^^^
2026-02-07 16:13:04 +01:00:   File "/opt/Tennis_Booking/venv/lib/python3.12/site-packages/gunicorn/http/parser.py", line 41, in __next__
2026-02-07 16:13:04 +01:00:     self.mesg = self.mesg_class(self.cfg, self.unreader, self.source_addr, self.req_count)
2026-02-07 16:13:04 +01:00:                 ^^^^^^^^^^^^^^^^^^^^^^^^^^^^^^^^^^^^^^^^^^^^^^^^^^^^^^^^^^^^^^^^^^^^^^^^^^
2026-02-07 16:13:04 +01:00:   File "/opt/Tennis_Booking/venv/lib/python3.12/site-packages/gunicorn/http/message.py", line 259, in __init__
2026-02-07 16:13:04 +01:00:     super().__init__(cfg, unreader, peer_addr)
2026-02-07 16:13:04 +01:00:   File "/opt/Tennis_Booking/venv/lib/python3.12/site-packages/gunicorn/http/message.py", line 60, in __init__
2026-02-07 16:13:04 +01:00:     unused = self.parse(self.unreader)
2026-02-07 16:13:04 +01:00:              ^^^^^^^^^^^^^^^^^^^^^^^^^
2026-02-07 16:13:04 +01:00:   File "/opt/Tennis_Booking/venv/lib/python3.12/site-packages/gunicorn/http/message.py", line 274, in parse
2026-02-07 16:13:04 +01:00:     line, rbuf = self.read_line(unreader, buf, self.limit_request_line)
2026-02-07 16:13:04 +01:00:                  ^^^^^^^^^^^^^^^^^^^^^^^^^^^^^^^^^^^^^^^^^^^^^^^^^^^^^^
2026-02-07 16:13:04 +01:00:   File "/opt/Tennis_Booking/venv/lib/python3.12/site-packages/gunicorn/http/message.py", line 326, in read_line
2026-02-07 16:13:04 +01:00:     self.get_data(unreader, buf)
2026-02-07 16:13:04 +01:00:   File "/opt/Tennis_Booking/venv/lib/python3.12/site-packages/gunicorn/http/message.py", line 262, in get_data
2026-02-07 16:13:04 +01:00:     data = unreader.read()
2026-02-07 16:13:04 +01:00:            ^^^^^^^^^^^^^^^
2026-02-07 16:13:04 +01:00:   File "/opt/Tennis_Booking/venv/lib/python3.12/site-packages/gunicorn/http/unreader.py", line 36, in read
2026-02-07 16:13:04 +01:00:     d = self.chunk()
2026-02-07 16:13:04 +01:00:         ^^^^^^^^^^^^
2026-02-07 16:13:04 +01:00:   File "/opt/Tennis_Booking/venv/lib/python3.12/site-packages/gunicorn/http/unreader.py", line 63, in chunk
2026-02-07 16:13:04 +01:00:     return self.sock.recv(self.mxchunk)
2026-02-07 16:13:04 +01:00:            ^^^^^^^^^^^^^^^^^^^^^^^^^^^^
2026-02-07 16:13:04 +01:00:   File "/opt/Tennis_Booking/venv/lib/python3.12/site-packages/gunicorn/workers/base.py", line 204, in handle_abort
2026-02-07 16:13:04 +01:00:     sys.exit(1)
2026-02-07 16:13:04 +01:00: SystemExit: 1
2026-02-07 16:13:04 +01:00: [2026-02-07 16:13:04 +0100] [3607588] [INFO] Worker exiting (pid: 3607588)
2026-02-07 16:13:04 +01:00: [2026-02-07 16:13:04 +0100] [3607643] [INFO] Booting worker with pid: 3607643
2026-02-07 16:13:18 +01:00: [2026-02-07 16:13:18 +0100] [3048326] [CRITICAL] WORKER TIMEOUT (pid:3607594)
2026-02-07 16:13:19 +01:00: [2026-02-07 16:13:18 +0100] [3607594] [ERROR] Error handling request (no URI read)
2026-02-07 16:13:19 +01:00: Traceback (most recent call last):
2026-02-07 16:13:19 +01:00:   File "/opt/Tennis_Booking/venv/lib/python3.12/site-packages/gunicorn/workers/sync.py", line 133, in handle
2026-02-07 16:13:19 +01:00:     req = next(parser)
2026-02-07 16:13:19 +01:00:           ^^^^^^^^^^^^
2026-02-07 16:13:19 +01:00:   File "/opt/Tennis_Booking/venv/lib/python3.12/site-packages/gunicorn/http/parser.py", line 41, in __next__
2026-02-07 16:13:19 +01:00:     self.mesg = self.mesg_class(self.cfg, self.unreader, self.source_addr, self.req_count)
2026-02-07 16:13:19 +01:00:                 ^^^^^^^^^^^^^^^^^^^^^^^^^^^^^^^^^^^^^^^^^^^^^^^^^^^^^^^^^^^^^^^^^^^^^^^^^^
2026-02-07 16:13:19 +01:00:   File "/opt/Tennis_Booking/venv/lib/python3.12/site-packages/gunicorn/http/message.py", line 259, in __init__
2026-02-07 16:13:19 +01:00:     super().__init__(cfg, unreader, peer_addr)
2026-02-07 16:13:19 +01:00:   File "/opt/Tennis_Booking/venv/lib/python3.12/site-packages/gunicorn/http/message.py", line 60, in __init__
2026-02-07 16:13:19 +01:00:     unused = self.parse(self.unreader)
2026-02-07 16:13:19 +01:00:              ^^^^^^^^^^^^^^^^^^^^^^^^^
2026-02-07 16:13:19 +01:00:   File "/opt/Tennis_Booking/venv/lib/python3.12/site-packages/gunicorn/http/message.py", line 274, in parse
2026-02-07 16:13:19 +01:00:     line, rbuf = self.read_line(unreader, buf, self.limit_request_line)
2026-02-07 16:13:19 +01:00:                  ^^^^^^^^^^^^^^^^^^^^^^^^^^^^^^^^^^^^^^^^^^^^^^^^^^^^^^
2026-02-07 16:13:19 +01:00:   File "/opt/Tennis_Booking/venv/lib/python3.12/site-packages/gunicorn/http/message.py", line 326, in read_line
2026-02-07 16:13:19 +01:00:     self.get_data(unreader, buf)
2026-02-07 16:13:19 +01:00:   File "/opt/Tennis_Booking/venv/lib/python3.12/site-packages/gunicorn/http/message.py", line 262, in get_data
2026-02-07 16:13:19 +01:00:     data = unreader.read()
2026-02-07 16:13:19 +01:00:            ^^^^^^^^^^^^^^^
2026-02-07 16:13:19 +01:00:   File "/opt/Tennis_Booking/venv/lib/python3.12/site-packages/gunicorn/http/unreader.py", line 36, in read
2026-02-07 16:13:19 +01:00:     d = self.chunk()
2026-02-07 16:13:19 +01:00:         ^^^^^^^^^^^^
2026-02-07 16:13:19 +01:00:   File "/opt/Tennis_Booking/venv/lib/python3.12/site-packages/gunicorn/http/unreader.py", line 63, in chunk
2026-02-07 16:13:19 +01:00:     return self.sock.recv(self.mxchunk)
2026-02-07 16:13:19 +01:00:            ^^^^^^^^^^^^^^^^^^^^^^^^^^^^
2026-02-07 16:13:19 +01:00:   File "/opt/Tennis_Booking/venv/lib/python3.12/site-packages/gunicorn/workers/base.py", line 204, in handle_abort
2026-02-07 16:13:19 +01:00:     sys.exit(1)
2026-02-07 16:13:19 +01:00: SystemExit: 1
2026-02-07 16:13:19 +01:00: [2026-02-07 16:13:19 +0100] [3607594] [INFO] Worker exiting (pid: 3607594)
2026-02-07 16:13:19 +01:00: [2026-02-07 16:13:19 +0100] [3607650] [INFO] Booting worker with pid: 3607650
2026-02-07 16:15:05 +01:00: [2026-02-07 16:15:05 +0100] [3048326] [CRITICAL] WORKER TIMEOUT (pid:3607643)
2026-02-07 16:15:05 +01:00: [2026-02-07 16:15:05 +0100] [3607643] [ERROR] Error handling request (no URI read)
2026-02-07 16:15:05 +01:00: Traceback (most recent call last):
2026-02-07 16:15:05 +01:00:   File "/opt/Tennis_Booking/venv/lib/python3.12/site-packages/gunicorn/workers/sync.py", line 133, in handle
2026-02-07 16:15:05 +01:00:     req = next(parser)
2026-02-07 16:15:05 +01:00:           ^^^^^^^^^^^^
2026-02-07 16:15:05 +01:00:   File "/opt/Tennis_Booking/venv/lib/python3.12/site-packages/gunicorn/http/parser.py", line 41, in __next__
2026-02-07 16:15:05 +01:00:     self.mesg = self.mesg_class(self.cfg, self.unreader, self.source_addr, self.req_count)
2026-02-07 16:15:05 +01:00:                 ^^^^^^^^^^^^^^^^^^^^^^^^^^^^^^^^^^^^^^^^^^^^^^^^^^^^^^^^^^^^^^^^^^^^^^^^^^
2026-02-07 16:15:05 +01:00:   File "/opt/Tennis_Booking/venv/lib/python3.12/site-packages/gunicorn/http/message.py", line 259, in __init__
2026-02-07 16:15:05 +01:00:     super().__init__(cfg, unreader, peer_addr)
2026-02-07 16:15:05 +01:00:   File "/opt/Tennis_Booking/venv/lib/python3.12/site-packages/gunicorn/http/message.py", line 60, in __init__
2026-02-07 16:15:05 +01:00:     unused = self.parse(self.unreader)
2026-02-07 16:15:05 +01:00:              ^^^^^^^^^^^^^^^^^^^^^^^^^
2026-02-07 16:15:05 +01:00:   File "/opt/Tennis_Booking/venv/lib/python3.12/site-packages/gunicorn/http/message.py", line 274, in parse
2026-02-07 16:15:05 +01:00:     line, rbuf = self.read_line(unreader, buf, self.limit_request_line)
2026-02-07 16:15:05 +01:00:                  ^^^^^^^^^^^^^^^^^^^^^^^^^^^^^^^^^^^^^^^^^^^^^^^^^^^^^^
2026-02-07 16:15:05 +01:00:   File "/opt/Tennis_Booking/venv/lib/python3.12/site-packages/gunicorn/http/message.py", line 326, in read_line
2026-02-07 16:15:05 +01:00:     self.get_data(unreader, buf)
2026-02-07 16:15:05 +01:00:   File "/opt/Tennis_Booking/venv/lib/python3.12/site-packages/gunicorn/http/message.py", line 262, in get_data
2026-02-07 16:15:05 +01:00:     data = unreader.read()
2026-02-07 16:15:05 +01:00:            ^^^^^^^^^^^^^^^
2026-02-07 16:15:05 +01:00:   File "/opt/Tennis_Booking/venv/lib/python3.12/site-packages/gunicorn/http/unreader.py", line 36, in read
2026-02-07 16:15:05 +01:00:     d = self.chunk()
2026-02-07 16:15:05 +01:00:         ^^^^^^^^^^^^
2026-02-07 16:15:05 +01:00:   File "/opt/Tennis_Booking/venv/lib/python3.12/site-packages/gunicorn/http/unreader.py", line 63, in chunk
2026-02-07 16:15:05 +01:00:     return self.sock.recv(self.mxchunk)
2026-02-07 16:15:05 +01:00:            ^^^^^^^^^^^^^^^^^^^^^^^^^^^^
2026-02-07 16:15:05 +01:00:   File "/opt/Tennis_Booking/venv/lib/python3.12/site-packages/gunicorn/workers/base.py", line 204, in handle_abort
2026-02-07 16:15:05 +01:00:     sys.exit(1)
2026-02-07 16:15:05 +01:00: SystemExit: 1
2026-02-07 16:15:05 +01:00: [2026-02-07 16:15:05 +0100] [3607643] [INFO] Worker exiting (pid: 3607643)
2026-02-07 16:15:05 +01:00: [2026-02-07 16:15:05 +0100] [3607704] [INFO] Booting worker with pid: 3607704
2026-02-07 16:15:19 +01:00: [2026-02-07 16:15:19 +0100] [3048326] [CRITICAL] WORKER TIMEOUT (pid:3607650)
2026-02-07 16:15:19 +01:00: [2026-02-07 16:15:19 +0100] [3607650] [ERROR] Error handling request (no URI read)
2026-02-07 16:15:19 +01:00: Traceback (most recent call last):
2026-02-07 16:15:19 +01:00:   File "/opt/Tennis_Booking/venv/lib/python3.12/site-packages/gunicorn/workers/sync.py", line 133, in handle
2026-02-07 16:15:19 +01:00:     req = next(parser)
2026-02-07 16:15:19 +01:00:           ^^^^^^^^^^^^
2026-02-07 16:15:19 +01:00:   File "/opt/Tennis_Booking/venv/lib/python3.12/site-packages/gunicorn/http/parser.py", line 41, in __next__
2026-02-07 16:15:19 +01:00:     self.mesg = self.mesg_class(self.cfg, self.unreader, self.source_addr, self.req_count)
2026-02-07 16:15:19 +01:00:                 ^^^^^^^^^^^^^^^^^^^^^^^^^^^^^^^^^^^^^^^^^^^^^^^^^^^^^^^^^^^^^^^^^^^^^^^^^^
2026-02-07 16:15:19 +01:00:   File "/opt/Tennis_Booking/venv/lib/python3.12/site-packages/gunicorn/http/message.py", line 259, in __init__
2026-02-07 16:15:19 +01:00:     super().__init__(cfg, unreader, peer_addr)
2026-02-07 16:15:19 +01:00:   File "/opt/Tennis_Booking/venv/lib/python3.12/site-packages/gunicorn/http/message.py", line 60, in __init__
2026-02-07 16:15:19 +01:00:     unused = self.parse(self.unreader)
2026-02-07 16:15:19 +01:00:              ^^^^^^^^^^^^^^^^^^^^^^^^^
2026-02-07 16:15:19 +01:00:   File "/opt/Tennis_Booking/venv/lib/python3.12/site-packages/gunicorn/http/message.py", line 274, in parse
2026-02-07 16:15:19 +01:00:     line, rbuf = self.read_line(unreader, buf, self.limit_request_line)
2026-02-07 16:15:19 +01:00:                  ^^^^^^^^^^^^^^^^^^^^^^^^^^^^^^^^^^^^^^^^^^^^^^^^^^^^^^
2026-02-07 16:15:19 +01:00:   File "/opt/Tennis_Booking/venv/lib/python3.12/site-packages/gunicorn/http/message.py", line 326, in read_line
2026-02-07 16:15:19 +01:00:     self.get_data(unreader, buf)
2026-02-07 16:15:19 +01:00:   File "/opt/Tennis_Booking/venv/lib/python3.12/site-packages/gunicorn/http/message.py", line 262, in get_data
2026-02-07 16:15:19 +01:00:     data = unreader.read()
2026-02-07 16:15:19 +01:00:            ^^^^^^^^^^^^^^^
2026-02-07 16:15:19 +01:00:   File "/opt/Tennis_Booking/venv/lib/python3.12/site-packages/gunicorn/http/unreader.py", line 36, in read
2026-02-07 16:15:19 +01:00:     d = self.chunk()
2026-02-07 16:15:19 +01:00:         ^^^^^^^^^^^^
2026-02-07 16:15:19 +01:00:   File "/opt/Tennis_Booking/venv/lib/python3.12/site-packages/gunicorn/http/unreader.py", line 63, in chunk
2026-02-07 16:15:19 +01:00:     return self.sock.recv(self.mxchunk)
2026-02-07 16:15:19 +01:00:            ^^^^^^^^^^^^^^^^^^^^^^^^^^^^
2026-02-07 16:15:19 +01:00:   File "/opt/Tennis_Booking/venv/lib/python3.12/site-packages/gunicorn/workers/base.py", line 204, in handle_abort
2026-02-07 16:15:19 +01:00:     sys.exit(1)
2026-02-07 16:15:19 +01:00: SystemExit: 1
2026-02-07 16:15:19 +01:00: [2026-02-07 16:15:19 +0100] [3607650] [INFO] Worker exiting (pid: 3607650)
2026-02-07 16:15:19 +01:00: [2026-02-07 16:15:19 +0100] [3607713] [INFO] Booting worker with pid: 3607713
2026-02-07 16:17:05 +01:00: [2026-02-07 16:17:05 +0100] [3048326] [CRITICAL] WORKER TIMEOUT (pid:3607704)
2026-02-07 16:17:05 +01:00: [2026-02-07 16:17:05 +0100] [3607704] [ERROR] Error handling request (no URI read)
2026-02-07 16:17:05 +01:00: Traceback (most recent call last):
2026-02-07 16:17:05 +01:00:   File "/opt/Tennis_Booking/venv/lib/python3.12/site-packages/gunicorn/workers/sync.py", line 133, in handle
2026-02-07 16:17:05 +01:00:     req = next(parser)
2026-02-07 16:17:05 +01:00:           ^^^^^^^^^^^^
2026-02-07 16:17:05 +01:00:   File "/opt/Tennis_Booking/venv/lib/python3.12/site-packages/gunicorn/http/parser.py", line 41, in __next__
2026-02-07 16:17:05 +01:00:     self.mesg = self.mesg_class(self.cfg, self.unreader, self.source_addr, self.req_count)
2026-02-07 16:17:05 +01:00:                 ^^^^^^^^^^^^^^^^^^^^^^^^^^^^^^^^^^^^^^^^^^^^^^^^^^^^^^^^^^^^^^^^^^^^^^^^^^
2026-02-07 16:17:05 +01:00:   File "/opt/Tennis_Booking/venv/lib/python3.12/site-packages/gunicorn/http/message.py", line 259, in __init__
2026-02-07 16:17:05 +01:00:     super().__init__(cfg, unreader, peer_addr)
2026-02-07 16:17:05 +01:00:   File "/opt/Tennis_Booking/venv/lib/python3.12/site-packages/gunicorn/http/message.py", line 60, in __init__
2026-02-07 16:17:05 +01:00:     unused = self.parse(self.unreader)
2026-02-07 16:17:05 +01:00:              ^^^^^^^^^^^^^^^^^^^^^^^^^
2026-02-07 16:17:05 +01:00:   File "/opt/Tennis_Booking/venv/lib/python3.12/site-packages/gunicorn/http/message.py", line 274, in parse
2026-02-07 16:17:05 +01:00:     line, rbuf = self.read_line(unreader, buf, self.limit_request_line)
2026-02-07 16:17:05 +01:00:                  ^^^^^^^^^^^^^^^^^^^^^^^^^^^^^^^^^^^^^^^^^^^^^^^^^^^^^^
2026-02-07 16:17:05 +01:00:   File "/opt/Tennis_Booking/venv/lib/python3.12/site-packages/gunicorn/http/message.py", line 326, in read_line
2026-02-07 16:17:05 +01:00:     self.get_data(unreader, buf)
2026-02-07 16:17:05 +01:00:   File "/opt/Tennis_Booking/venv/lib/python3.12/site-packages/gunicorn/http/message.py", line 262, in get_data
2026-02-07 16:17:05 +01:00:     data = unreader.read()
2026-02-07 16:17:05 +01:00:            ^^^^^^^^^^^^^^^
2026-02-07 16:17:05 +01:00:   File "/opt/Tennis_Booking/venv/lib/python3.12/site-packages/gunicorn/http/unreader.py", line 36, in read
2026-02-07 16:17:05 +01:00:     d = self.chunk()
2026-02-07 16:17:05 +01:00:         ^^^^^^^^^^^^
2026-02-07 16:17:05 +01:00:   File "/opt/Tennis_Booking/venv/lib/python3.12/site-packages/gunicorn/http/unreader.py", line 63, in chunk
2026-02-07 16:17:05 +01:00:     return self.sock.recv(self.mxchunk)
2026-02-07 16:17:05 +01:00:            ^^^^^^^^^^^^^^^^^^^^^^^^^^^^
2026-02-07 16:17:05 +01:00:   File "/opt/Tennis_Booking/venv/lib/python3.12/site-packages/gunicorn/workers/base.py", line 204, in handle_abort
2026-02-07 16:17:05 +01:00:     sys.exit(1)
2026-02-07 16:17:05 +01:00: SystemExit: 1
2026-02-07 16:17:05 +01:00: [2026-02-07 16:17:05 +0100] [3607704] [INFO] Worker exiting (pid: 3607704)
2026-02-07 16:17:05 +01:00: [2026-02-07 16:17:05 +0100] [3607768] [INFO] Booting worker with pid: 3607768
2026-02-07 16:17:19 +01:00: [2026-02-07 16:17:19 +0100] [3048326] [CRITICAL] WORKER TIMEOUT (pid:3607713)
2026-02-07 16:17:19 +01:00: [2026-02-07 16:17:19 +0100] [3607713] [ERROR] Error handling request (no URI read)
2026-02-07 16:17:19 +01:00: Traceback (most recent call last):
2026-02-07 16:17:19 +01:00:   File "/opt/Tennis_Booking/venv/lib/python3.12/site-packages/gunicorn/workers/sync.py", line 133, in handle
2026-02-07 16:17:19 +01:00:     req = next(parser)
2026-02-07 16:17:19 +01:00:           ^^^^^^^^^^^^
2026-02-07 16:17:19 +01:00:   File "/opt/Tennis_Booking/venv/lib/python3.12/site-packages/gunicorn/http/parser.py", line 41, in __next__
2026-02-07 16:17:19 +01:00:     self.mesg = self.mesg_class(self.cfg, self.unreader, self.source_addr, self.req_count)
2026-02-07 16:17:19 +01:00:                 ^^^^^^^^^^^^^^^^^^^^^^^^^^^^^^^^^^^^^^^^^^^^^^^^^^^^^^^^^^^^^^^^^^^^^^^^^^
2026-02-07 16:17:19 +01:00:   File "/opt/Tennis_Booking/venv/lib/python3.12/site-packages/gunicorn/http/message.py", line 259, in __init__
2026-02-07 16:17:19 +01:00:     super().__init__(cfg, unreader, peer_addr)
2026-02-07 16:17:19 +01:00:   File "/opt/Tennis_Booking/venv/lib/python3.12/site-packages/gunicorn/http/message.py", line 60, in __init__
2026-02-07 16:17:19 +01:00:     unused = self.parse(self.unreader)
2026-02-07 16:17:19 +01:00:              ^^^^^^^^^^^^^^^^^^^^^^^^^
2026-02-07 16:17:19 +01:00:   File "/opt/Tennis_Booking/venv/lib/python3.12/site-packages/gunicorn/http/message.py", line 274, in parse
2026-02-07 16:17:19 +01:00:     line, rbuf = self.read_line(unreader, buf, self.limit_request_line)
2026-02-07 16:17:19 +01:00:                  ^^^^^^^^^^^^^^^^^^^^^^^^^^^^^^^^^^^^^^^^^^^^^^^^^^^^^^
2026-02-07 16:17:19 +01:00:   File "/opt/Tennis_Booking/venv/lib/python3.12/site-packages/gunicorn/http/message.py", line 326, in read_line
2026-02-07 16:17:19 +01:00:     self.get_data(unreader, buf)
2026-02-07 16:17:19 +01:00:   File "/opt/Tennis_Booking/venv/lib/python3.12/site-packages/gunicorn/http/message.py", line 262, in get_data
2026-02-07 16:17:19 +01:00:     data = unreader.read()
2026-02-07 16:17:19 +01:00:            ^^^^^^^^^^^^^^^
2026-02-07 16:17:19 +01:00:   File "/opt/Tennis_Booking/venv/lib/python3.12/site-packages/gunicorn/http/unreader.py", line 36, in read
2026-02-07 16:17:19 +01:00:     d = self.chunk()
2026-02-07 16:17:19 +01:00:         ^^^^^^^^^^^^
2026-02-07 16:17:19 +01:00:   File "/opt/Tennis_Booking/venv/lib/python3.12/site-packages/gunicorn/http/unreader.py", line 63, in chunk
2026-02-07 16:17:19 +01:00:     return self.sock.recv(self.mxchunk)
2026-02-07 16:17:19 +01:00:            ^^^^^^^^^^^^^^^^^^^^^^^^^^^^
2026-02-07 16:17:19 +01:00:   File "/opt/Tennis_Booking/venv/lib/python3.12/site-packages/gunicorn/workers/base.py", line 204, in handle_abort
2026-02-07 16:17:19 +01:00:     sys.exit(1)
2026-02-07 16:17:19 +01:00: SystemExit: 1
2026-02-07 16:17:19 +01:00: [2026-02-07 16:17:19 +0100] [3607713] [INFO] Worker exiting (pid: 3607713)
2026-02-07 16:17:19 +01:00: [2026-02-07 16:17:19 +0100] [3607773] [INFO] Booting worker with pid: 3607773
2026-02-07 16:19:06 +01:00: [2026-02-07 16:19:06 +0100] [3048326] [CRITICAL] WORKER TIMEOUT (pid:3607768)
2026-02-07 16:19:06 +01:00: [2026-02-07 16:19:06 +0100] [3607768] [ERROR] Error handling request (no URI read)
2026-02-07 16:19:06 +01:00: Traceback (most recent call last):
2026-02-07 16:19:06 +01:00:   File "/opt/Tennis_Booking/venv/lib/python3.12/site-packages/gunicorn/workers/sync.py", line 133, in handle
2026-02-07 16:19:06 +01:00:     req = next(parser)
2026-02-07 16:19:06 +01:00:           ^^^^^^^^^^^^
2026-02-07 16:19:06 +01:00:   File "/opt/Tennis_Booking/venv/lib/python3.12/site-packages/gunicorn/http/parser.py", line 41, in __next__
2026-02-07 16:19:06 +01:00:     self.mesg = self.mesg_class(self.cfg, self.unreader, self.source_addr, self.req_count)
2026-02-07 16:19:06 +01:00:                 ^^^^^^^^^^^^^^^^^^^^^^^^^^^^^^^^^^^^^^^^^^^^^^^^^^^^^^^^^^^^^^^^^^^^^^^^^^
2026-02-07 16:19:06 +01:00:   File "/opt/Tennis_Booking/venv/lib/python3.12/site-packages/gunicorn/http/message.py", line 259, in __init__
2026-02-07 16:19:06 +01:00:     super().__init__(cfg, unreader, peer_addr)
2026-02-07 16:19:06 +01:00:   File "/opt/Tennis_Booking/venv/lib/python3.12/site-packages/gunicorn/http/message.py", line 60, in __init__
2026-02-07 16:19:06 +01:00:     unused = self.parse(self.unreader)
2026-02-07 16:19:06 +01:00:              ^^^^^^^^^^^^^^^^^^^^^^^^^
2026-02-07 16:19:06 +01:00:   File "/opt/Tennis_Booking/venv/lib/python3.12/site-packages/gunicorn/http/message.py", line 274, in parse
2026-02-07 16:19:06 +01:00:     line, rbuf = self.read_line(unreader, buf, self.limit_request_line)
2026-02-07 16:19:06 +01:00:                  ^^^^^^^^^^^^^^^^^^^^^^^^^^^^^^^^^^^^^^^^^^^^^^^^^^^^^^
2026-02-07 16:19:06 +01:00:   File "/opt/Tennis_Booking/venv/lib/python3.12/site-packages/gunicorn/http/message.py", line 326, in read_line
2026-02-07 16:19:06 +01:00:     self.get_data(unreader, buf)
2026-02-07 16:19:06 +01:00:   File "/opt/Tennis_Booking/venv/lib/python3.12/site-packages/gunicorn/http/message.py", line 262, in get_data
2026-02-07 16:19:06 +01:00:     data = unreader.read()
2026-02-07 16:19:06 +01:00:            ^^^^^^^^^^^^^^^
2026-02-07 16:19:06 +01:00:   File "/opt/Tennis_Booking/venv/lib/python3.12/site-packages/gunicorn/http/unreader.py", line 36, in read
2026-02-07 16:19:06 +01:00:     d = self.chunk()
2026-02-07 16:19:06 +01:00:         ^^^^^^^^^^^^
2026-02-07 16:19:06 +01:00:   File "/opt/Tennis_Booking/venv/lib/python3.12/site-packages/gunicorn/http/unreader.py", line 63, in chunk
2026-02-07 16:19:06 +01:00:     return self.sock.recv(self.mxchunk)
2026-02-07 16:19:06 +01:00:            ^^^^^^^^^^^^^^^^^^^^^^^^^^^^
2026-02-07 16:19:06 +01:00:   File "/opt/Tennis_Booking/venv/lib/python3.12/site-packages/gunicorn/workers/base.py", line 204, in handle_abort
2026-02-07 16:19:06 +01:00:     sys.exit(1)
2026-02-07 16:19:06 +01:00: SystemExit: 1
2026-02-07 16:19:06 +01:00: [2026-02-07 16:19:06 +0100] [3607768] [INFO] Worker exiting (pid: 3607768)
2026-02-07 16:19:06 +01:00: [2026-02-07 16:19:06 +0100] [3607832] [INFO] Booting worker with pid: 3607832
2026-02-07 16:19:20 +01:00: [2026-02-07 16:19:20 +0100] [3048326] [CRITICAL] WORKER TIMEOUT (pid:3607773)
2026-02-07 16:19:20 +01:00: [2026-02-07 16:19:20 +0100] [3607773] [ERROR] Error handling request (no URI read)
2026-02-07 16:19:20 +01:00: Traceback (most recent call last):
2026-02-07 16:19:20 +01:00:   File "/opt/Tennis_Booking/venv/lib/python3.12/site-packages/gunicorn/workers/sync.py", line 133, in handle
2026-02-07 16:19:20 +01:00:     req = next(parser)
2026-02-07 16:19:20 +01:00:           ^^^^^^^^^^^^
2026-02-07 16:19:20 +01:00:   File "/opt/Tennis_Booking/venv/lib/python3.12/site-packages/gunicorn/http/parser.py", line 41, in __next__
2026-02-07 16:19:20 +01:00:     self.mesg = self.mesg_class(self.cfg, self.unreader, self.source_addr, self.req_count)
2026-02-07 16:19:20 +01:00:                 ^^^^^^^^^^^^^^^^^^^^^^^^^^^^^^^^^^^^^^^^^^^^^^^^^^^^^^^^^^^^^^^^^^^^^^^^^^
2026-02-07 16:19:20 +01:00:   File "/opt/Tennis_Booking/venv/lib/python3.12/site-packages/gunicorn/http/message.py", line 259, in __init__
2026-02-07 16:19:20 +01:00:     super().__init__(cfg, unreader, peer_addr)
2026-02-07 16:19:20 +01:00:   File "/opt/Tennis_Booking/venv/lib/python3.12/site-packages/gunicorn/http/message.py", line 60, in __init__
2026-02-07 16:19:20 +01:00:     unused = self.parse(self.unreader)
2026-02-07 16:19:20 +01:00:              ^^^^^^^^^^^^^^^^^^^^^^^^^
2026-02-07 16:19:20 +01:00:   File "/opt/Tennis_Booking/venv/lib/python3.12/site-packages/gunicorn/http/message.py", line 274, in parse
2026-02-07 16:19:20 +01:00:     line, rbuf = self.read_line(unreader, buf, self.limit_request_line)
2026-02-07 16:19:20 +01:00:                  ^^^^^^^^^^^^^^^^^^^^^^^^^^^^^^^^^^^^^^^^^^^^^^^^^^^^^^
2026-02-07 16:19:20 +01:00:   File "/opt/Tennis_Booking/venv/lib/python3.12/site-packages/gunicorn/http/message.py", line 326, in read_line
2026-02-07 16:19:20 +01:00:     self.get_data(unreader, buf)
2026-02-07 16:19:20 +01:00:   File "/opt/Tennis_Booking/venv/lib/python3.12/site-packages/gunicorn/http/message.py", line 262, in get_data
2026-02-07 16:19:20 +01:00:     data = unreader.read()
2026-02-07 16:19:20 +01:00:            ^^^^^^^^^^^^^^^
2026-02-07 16:19:20 +01:00:   File "/opt/Tennis_Booking/venv/lib/python3.12/site-packages/gunicorn/http/unreader.py", line 36, in read
2026-02-07 16:19:20 +01:00:     d = self.chunk()
2026-02-07 16:19:20 +01:00:         ^^^^^^^^^^^^
2026-02-07 16:19:20 +01:00:   File "/opt/Tennis_Booking/venv/lib/python3.12/site-packages/gunicorn/http/unreader.py", line 63, in chunk
2026-02-07 16:19:20 +01:00:     return self.sock.recv(self.mxchunk)
2026-02-07 16:19:20 +01:00:            ^^^^^^^^^^^^^^^^^^^^^^^^^^^^
2026-02-07 16:19:20 +01:00:   File "/opt/Tennis_Booking/venv/lib/python3.12/site-packages/gunicorn/workers/base.py", line 204, in handle_abort
2026-02-07 16:19:20 +01:00:     sys.exit(1)
2026-02-07 16:19:20 +01:00: SystemExit: 1
2026-02-07 16:19:20 +01:00: [2026-02-07 16:19:20 +0100] [3607773] [INFO] Worker exiting (pid: 3607773)
2026-02-07 16:19:20 +01:00: [2026-02-07 16:19:20 +0100] [3607841] [INFO] Booting worker with pid: 3607841
2026-02-07 16:21:06 +01:00: [2026-02-07 16:21:06 +0100] [3048326] [CRITICAL] WORKER TIMEOUT (pid:3607832)
2026-02-07 16:21:06 +01:00: [2026-02-07 16:21:06 +0100] [3607832] [ERROR] Error handling request (no URI read)
2026-02-07 16:21:06 +01:00: Traceback (most recent call last):
2026-02-07 16:21:06 +01:00:   File "/opt/Tennis_Booking/venv/lib/python3.12/site-packages/gunicorn/workers/sync.py", line 133, in handle
2026-02-07 16:21:06 +01:00:     req = next(parser)
2026-02-07 16:21:06 +01:00:           ^^^^^^^^^^^^
2026-02-07 16:21:06 +01:00:   File "/opt/Tennis_Booking/venv/lib/python3.12/site-packages/gunicorn/http/parser.py", line 41, in __next__
2026-02-07 16:21:06 +01:00:     self.mesg = self.mesg_class(self.cfg, self.unreader, self.source_addr, self.req_count)
2026-02-07 16:21:06 +01:00:                 ^^^^^^^^^^^^^^^^^^^^^^^^^^^^^^^^^^^^^^^^^^^^^^^^^^^^^^^^^^^^^^^^^^^^^^^^^^
2026-02-07 16:21:06 +01:00:   File "/opt/Tennis_Booking/venv/lib/python3.12/site-packages/gunicorn/http/message.py", line 259, in __init__
2026-02-07 16:21:06 +01:00:     super().__init__(cfg, unreader, peer_addr)
2026-02-07 16:21:06 +01:00:   File "/opt/Tennis_Booking/venv/lib/python3.12/site-packages/gunicorn/http/message.py", line 60, in __init__
2026-02-07 16:21:06 +01:00:     unused = self.parse(self.unreader)
2026-02-07 16:21:06 +01:00:              ^^^^^^^^^^^^^^^^^^^^^^^^^
2026-02-07 16:21:06 +01:00:   File "/opt/Tennis_Booking/venv/lib/python3.12/site-packages/gunicorn/http/message.py", line 274, in parse
2026-02-07 16:21:06 +01:00:     line, rbuf = self.read_line(unreader, buf, self.limit_request_line)
2026-02-07 16:21:06 +01:00:                  ^^^^^^^^^^^^^^^^^^^^^^^^^^^^^^^^^^^^^^^^^^^^^^^^^^^^^^
2026-02-07 16:21:06 +01:00:   File "/opt/Tennis_Booking/venv/lib/python3.12/site-packages/gunicorn/http/message.py", line 326, in read_line
2026-02-07 16:21:06 +01:00:     self.get_data(unreader, buf)
2026-02-07 16:21:06 +01:00:   File "/opt/Tennis_Booking/venv/lib/python3.12/site-packages/gunicorn/http/message.py", line 262, in get_data
2026-02-07 16:21:06 +01:00:     data = unreader.read()
2026-02-07 16:21:06 +01:00:            ^^^^^^^^^^^^^^^
2026-02-07 16:21:06 +01:00:   File "/opt/Tennis_Booking/venv/lib/python3.12/site-packages/gunicorn/http/unreader.py", line 36, in read
2026-02-07 16:21:06 +01:00:     d = self.chunk()
2026-02-07 16:21:06 +01:00:         ^^^^^^^^^^^^
2026-02-07 16:21:06 +01:00:   File "/opt/Tennis_Booking/venv/lib/python3.12/site-packages/gunicorn/http/unreader.py", line 63, in chunk
2026-02-07 16:21:06 +01:00:     return self.sock.recv(self.mxchunk)
2026-02-07 16:21:06 +01:00:            ^^^^^^^^^^^^^^^^^^^^^^^^^^^^
2026-02-07 16:21:06 +01:00:   File "/opt/Tennis_Booking/venv/lib/python3.12/site-packages/gunicorn/workers/base.py", line 204, in handle_abort
2026-02-07 16:21:06 +01:00:     sys.exit(1)
2026-02-07 16:21:06 +01:00: SystemExit: 1
2026-02-07 16:21:06 +01:00: [2026-02-07 16:21:06 +0100] [3607832] [INFO] Worker exiting (pid: 3607832)
2026-02-07 16:21:06 +01:00: [2026-02-07 16:21:06 +0100] [3607893] [INFO] Booting worker with pid: 3607893
2026-02-07 16:21:20 +01:00: [2026-02-07 16:21:20 +0100] [3048326] [CRITICAL] WORKER TIMEOUT (pid:3607841)
2026-02-07 16:21:20 +01:00: [2026-02-07 16:21:20 +0100] [3607841] [ERROR] Error handling request (no URI read)
2026-02-07 16:21:20 +01:00: Traceback (most recent call last):
2026-02-07 16:21:20 +01:00:   File "/opt/Tennis_Booking/venv/lib/python3.12/site-packages/gunicorn/workers/sync.py", line 133, in handle
2026-02-07 16:21:20 +01:00:     req = next(parser)
2026-02-07 16:21:20 +01:00:           ^^^^^^^^^^^^
2026-02-07 16:21:20 +01:00:   File "/opt/Tennis_Booking/venv/lib/python3.12/site-packages/gunicorn/http/parser.py", line 41, in __next__
2026-02-07 16:21:20 +01:00:     self.mesg = self.mesg_class(self.cfg, self.unreader, self.source_addr, self.req_count)
2026-02-07 16:21:20 +01:00:                 ^^^^^^^^^^^^^^^^^^^^^^^^^^^^^^^^^^^^^^^^^^^^^^^^^^^^^^^^^^^^^^^^^^^^^^^^^^
2026-02-07 16:21:20 +01:00:   File "/opt/Tennis_Booking/venv/lib/python3.12/site-packages/gunicorn/http/message.py", line 259, in __init__
2026-02-07 16:21:20 +01:00:     super().__init__(cfg, unreader, peer_addr)
2026-02-07 16:21:20 +01:00:   File "/opt/Tennis_Booking/venv/lib/python3.12/site-packages/gunicorn/http/message.py", line 60, in __init__
2026-02-07 16:21:20 +01:00:     unused = self.parse(self.unreader)
2026-02-07 16:21:20 +01:00:              ^^^^^^^^^^^^^^^^^^^^^^^^^
2026-02-07 16:21:20 +01:00:   File "/opt/Tennis_Booking/venv/lib/python3.12/site-packages/gunicorn/http/message.py", line 274, in parse
2026-02-07 16:21:20 +01:00:     line, rbuf = self.read_line(unreader, buf, self.limit_request_line)
2026-02-07 16:21:20 +01:00:                  ^^^^^^^^^^^^^^^^^^^^^^^^^^^^^^^^^^^^^^^^^^^^^^^^^^^^^^
2026-02-07 16:21:20 +01:00:   File "/opt/Tennis_Booking/venv/lib/python3.12/site-packages/gunicorn/http/message.py", line 326, in read_line
2026-02-07 16:21:20 +01:00:     self.get_data(unreader, buf)
2026-02-07 16:21:20 +01:00:   File "/opt/Tennis_Booking/venv/lib/python3.12/site-packages/gunicorn/http/message.py", line 262, in get_data
2026-02-07 16:21:20 +01:00:     data = unreader.read()
2026-02-07 16:21:20 +01:00:            ^^^^^^^^^^^^^^^
2026-02-07 16:21:20 +01:00:   File "/opt/Tennis_Booking/venv/lib/python3.12/site-packages/gunicorn/http/unreader.py", line 36, in read
2026-02-07 16:21:20 +01:00:     d = self.chunk()
2026-02-07 16:21:20 +01:00:         ^^^^^^^^^^^^
2026-02-07 16:21:20 +01:00:   File "/opt/Tennis_Booking/venv/lib/python3.12/site-packages/gunicorn/http/unreader.py", line 63, in chunk
2026-02-07 16:21:20 +01:00:     return self.sock.recv(self.mxchunk)
2026-02-07 16:21:20 +01:00:            ^^^^^^^^^^^^^^^^^^^^^^^^^^^^
2026-02-07 16:21:20 +01:00:   File "/opt/Tennis_Booking/venv/lib/python3.12/site-packages/gunicorn/workers/base.py", line 204, in handle_abort
2026-02-07 16:21:20 +01:00:     sys.exit(1)
2026-02-07 16:21:20 +01:00: SystemExit: 1
2026-02-07 16:21:20 +01:00: [2026-02-07 16:21:20 +0100] [3607841] [INFO] Worker exiting (pid: 3607841)
2026-02-07 16:21:20 +01:00: [2026-02-07 16:21:20 +0100] [3607900] [INFO] Booting worker with pid: 3607900
2026-02-07 16:23:07 +01:00: [2026-02-07 16:23:07 +0100] [3048326] [CRITICAL] WORKER TIMEOUT (pid:3607893)
2026-02-07 16:23:07 +01:00: [2026-02-07 16:23:07 +0100] [3607893] [ERROR] Error handling request (no URI read)
2026-02-07 16:23:07 +01:00: Traceback (most recent call last):
2026-02-07 16:23:07 +01:00:   File "/opt/Tennis_Booking/venv/lib/python3.12/site-packages/gunicorn/workers/sync.py", line 133, in handle
2026-02-07 16:23:07 +01:00:     req = next(parser)
2026-02-07 16:23:07 +01:00:           ^^^^^^^^^^^^
2026-02-07 16:23:07 +01:00:   File "/opt/Tennis_Booking/venv/lib/python3.12/site-packages/gunicorn/http/parser.py", line 41, in __next__
2026-02-07 16:23:07 +01:00:     self.mesg = self.mesg_class(self.cfg, self.unreader, self.source_addr, self.req_count)
2026-02-07 16:23:07 +01:00:                 ^^^^^^^^^^^^^^^^^^^^^^^^^^^^^^^^^^^^^^^^^^^^^^^^^^^^^^^^^^^^^^^^^^^^^^^^^^
2026-02-07 16:23:07 +01:00:   File "/opt/Tennis_Booking/venv/lib/python3.12/site-packages/gunicorn/http/message.py", line 259, in __init__
2026-02-07 16:23:07 +01:00:     super().__init__(cfg, unreader, peer_addr)
2026-02-07 16:23:07 +01:00:   File "/opt/Tennis_Booking/venv/lib/python3.12/site-packages/gunicorn/http/message.py", line 60, in __init__
2026-02-07 16:23:07 +01:00:     unused = self.parse(self.unreader)
2026-02-07 16:23:07 +01:00:              ^^^^^^^^^^^^^^^^^^^^^^^^^
2026-02-07 16:23:07 +01:00:   File "/opt/Tennis_Booking/venv/lib/python3.12/site-packages/gunicorn/http/message.py", line 274, in parse
2026-02-07 16:23:07 +01:00:     line, rbuf = self.read_line(unreader, buf, self.limit_request_line)
2026-02-07 16:23:07 +01:00:                  ^^^^^^^^^^^^^^^^^^^^^^^^^^^^^^^^^^^^^^^^^^^^^^^^^^^^^^
2026-02-07 16:23:07 +01:00:   File "/opt/Tennis_Booking/venv/lib/python3.12/site-packages/gunicorn/http/message.py", line 326, in read_line
2026-02-07 16:23:07 +01:00:     self.get_data(unreader, buf)
2026-02-07 16:23:07 +01:00:   File "/opt/Tennis_Booking/venv/lib/python3.12/site-packages/gunicorn/http/message.py", line 262, in get_data
2026-02-07 16:23:07 +01:00:     data = unreader.read()
2026-02-07 16:23:07 +01:00:            ^^^^^^^^^^^^^^^
2026-02-07 16:23:07 +01:00:   File "/opt/Tennis_Booking/venv/lib/python3.12/site-packages/gunicorn/http/unreader.py", line 36, in read
2026-02-07 16:23:07 +01:00:     d = self.chunk()
2026-02-07 16:23:07 +01:00:         ^^^^^^^^^^^^
2026-02-07 16:23:07 +01:00:   File "/opt/Tennis_Booking/venv/lib/python3.12/site-packages/gunicorn/http/unreader.py", line 63, in chunk
2026-02-07 16:23:07 +01:00:     return self.sock.recv(self.mxchunk)
2026-02-07 16:23:07 +01:00:            ^^^^^^^^^^^^^^^^^^^^^^^^^^^^
2026-02-07 16:23:07 +01:00:   File "/opt/Tennis_Booking/venv/lib/python3.12/site-packages/gunicorn/workers/base.py", line 204, in handle_abort
2026-02-07 16:23:07 +01:00:     sys.exit(1)
2026-02-07 16:23:07 +01:00: SystemExit: 1
2026-02-07 16:23:07 +01:00: [2026-02-07 16:23:07 +0100] [3607893] [INFO] Worker exiting (pid: 3607893)
2026-02-07 16:23:07 +01:00: [2026-02-07 16:23:07 +0100] [3607963] [INFO] Booting worker with pid: 3607963
2026-02-07 16:23:21 +01:00: [2026-02-07 16:23:21 +0100] [3048326] [CRITICAL] WORKER TIMEOUT (pid:3607900)
2026-02-07 16:23:21 +01:00: [2026-02-07 16:23:21 +0100] [3607900] [ERROR] Error handling request (no URI read)
2026-02-07 16:23:21 +01:00: Traceback (most recent call last):
2026-02-07 16:23:21 +01:00:   File "/opt/Tennis_Booking/venv/lib/python3.12/site-packages/gunicorn/workers/sync.py", line 133, in handle
2026-02-07 16:23:21 +01:00:     req = next(parser)
2026-02-07 16:23:21 +01:00:           ^^^^^^^^^^^^
2026-02-07 16:23:21 +01:00:   File "/opt/Tennis_Booking/venv/lib/python3.12/site-packages/gunicorn/http/parser.py", line 41, in __next__
2026-02-07 16:23:21 +01:00:     self.mesg = self.mesg_class(self.cfg, self.unreader, self.source_addr, self.req_count)
2026-02-07 16:23:21 +01:00:                 ^^^^^^^^^^^^^^^^^^^^^^^^^^^^^^^^^^^^^^^^^^^^^^^^^^^^^^^^^^^^^^^^^^^^^^^^^^
2026-02-07 16:23:21 +01:00:   File "/opt/Tennis_Booking/venv/lib/python3.12/site-packages/gunicorn/http/message.py", line 259, in __init__
2026-02-07 16:23:21 +01:00:     super().__init__(cfg, unreader, peer_addr)
2026-02-07 16:23:21 +01:00:   File "/opt/Tennis_Booking/venv/lib/python3.12/site-packages/gunicorn/http/message.py", line 60, in __init__
2026-02-07 16:23:21 +01:00:     unused = self.parse(self.unreader)
2026-02-07 16:23:21 +01:00:              ^^^^^^^^^^^^^^^^^^^^^^^^^
2026-02-07 16:23:21 +01:00:   File "/opt/Tennis_Booking/venv/lib/python3.12/site-packages/gunicorn/http/message.py", line 274, in parse
2026-02-07 16:23:21 +01:00:     line, rbuf = self.read_line(unreader, buf, self.limit_request_line)
2026-02-07 16:23:21 +01:00:                  ^^^^^^^^^^^^^^^^^^^^^^^^^^^^^^^^^^^^^^^^^^^^^^^^^^^^^^
2026-02-07 16:23:21 +01:00:   File "/opt/Tennis_Booking/venv/lib/python3.12/site-packages/gunicorn/http/message.py", line 326, in read_line
2026-02-07 16:23:21 +01:00:     self.get_data(unreader, buf)
2026-02-07 16:23:21 +01:00:   File "/opt/Tennis_Booking/venv/lib/python3.12/site-packages/gunicorn/http/message.py", line 262, in get_data
2026-02-07 16:23:21 +01:00:     data = unreader.read()
2026-02-07 16:23:21 +01:00:            ^^^^^^^^^^^^^^^
2026-02-07 16:23:21 +01:00:   File "/opt/Tennis_Booking/venv/lib/python3.12/site-packages/gunicorn/http/unreader.py", line 36, in read
2026-02-07 16:23:21 +01:00:     d = self.chunk()
2026-02-07 16:23:21 +01:00:         ^^^^^^^^^^^^
2026-02-07 16:23:21 +01:00:   File "/opt/Tennis_Booking/venv/lib/python3.12/site-packages/gunicorn/http/unreader.py", line 63, in chunk
2026-02-07 16:23:21 +01:00:     return self.sock.recv(self.mxchunk)
2026-02-07 16:23:21 +01:00:            ^^^^^^^^^^^^^^^^^^^^^^^^^^^^
2026-02-07 16:23:21 +01:00:   File "/opt/Tennis_Booking/venv/lib/python3.12/site-packages/gunicorn/workers/base.py", line 204, in handle_abort
2026-02-07 16:23:21 +01:00:     sys.exit(1)
2026-02-07 16:23:21 +01:00: SystemExit: 1
2026-02-07 16:23:21 +01:00: [2026-02-07 16:23:21 +0100] [3607900] [INFO] Worker exiting (pid: 3607900)
2026-02-07 16:23:21 +01:00: [2026-02-07 16:23:21 +0100] [3607968] [INFO] Booting worker with pid: 3607968
2026-02-07 16:25:07 +01:00: [2026-02-07 16:25:07 +0100] [3048326] [CRITICAL] WORKER TIMEOUT (pid:3607963)
2026-02-07 16:25:07 +01:00: [2026-02-07 16:25:07 +0100] [3607963] [ERROR] Error handling request (no URI read)
2026-02-07 16:25:07 +01:00: Traceback (most recent call last):
2026-02-07 16:25:07 +01:00:   File "/opt/Tennis_Booking/venv/lib/python3.12/site-packages/gunicorn/workers/sync.py", line 133, in handle
2026-02-07 16:25:07 +01:00:     req = next(parser)
2026-02-07 16:25:07 +01:00:           ^^^^^^^^^^^^
2026-02-07 16:25:07 +01:00:   File "/opt/Tennis_Booking/venv/lib/python3.12/site-packages/gunicorn/http/parser.py", line 41, in __next__
2026-02-07 16:25:07 +01:00:     self.mesg = self.mesg_class(self.cfg, self.unreader, self.source_addr, self.req_count)
2026-02-07 16:25:07 +01:00:                 ^^^^^^^^^^^^^^^^^^^^^^^^^^^^^^^^^^^^^^^^^^^^^^^^^^^^^^^^^^^^^^^^^^^^^^^^^^
2026-02-07 16:25:07 +01:00:   File "/opt/Tennis_Booking/venv/lib/python3.12/site-packages/gunicorn/http/message.py", line 259, in __init__
2026-02-07 16:25:07 +01:00:     super().__init__(cfg, unreader, peer_addr)
2026-02-07 16:25:07 +01:00:   File "/opt/Tennis_Booking/venv/lib/python3.12/site-packages/gunicorn/http/message.py", line 60, in __init__
2026-02-07 16:25:07 +01:00:     unused = self.parse(self.unreader)
2026-02-07 16:25:07 +01:00:              ^^^^^^^^^^^^^^^^^^^^^^^^^
2026-02-07 16:25:07 +01:00:   File "/opt/Tennis_Booking/venv/lib/python3.12/site-packages/gunicorn/http/message.py", line 274, in parse
2026-02-07 16:25:07 +01:00:     line, rbuf = self.read_line(unreader, buf, self.limit_request_line)
2026-02-07 16:25:07 +01:00:                  ^^^^^^^^^^^^^^^^^^^^^^^^^^^^^^^^^^^^^^^^^^^^^^^^^^^^^^
2026-02-07 16:25:07 +01:00:   File "/opt/Tennis_Booking/venv/lib/python3.12/site-packages/gunicorn/http/message.py", line 326, in read_line
2026-02-07 16:25:07 +01:00:     self.get_data(unreader, buf)
2026-02-07 16:25:07 +01:00:   File "/opt/Tennis_Booking/venv/lib/python3.12/site-packages/gunicorn/http/message.py", line 262, in get_data
2026-02-07 16:25:07 +01:00:     data = unreader.read()
2026-02-07 16:25:07 +01:00:            ^^^^^^^^^^^^^^^
2026-02-07 16:25:07 +01:00:   File "/opt/Tennis_Booking/venv/lib/python3.12/site-packages/gunicorn/http/unreader.py", line 36, in read
2026-02-07 16:25:07 +01:00:     d = self.chunk()
2026-02-07 16:25:07 +01:00:         ^^^^^^^^^^^^
2026-02-07 16:25:07 +01:00:   File "/opt/Tennis_Booking/venv/lib/python3.12/site-packages/gunicorn/http/unreader.py", line 63, in chunk
2026-02-07 16:25:07 +01:00:     return self.sock.recv(self.mxchunk)
2026-02-07 16:25:07 +01:00:            ^^^^^^^^^^^^^^^^^^^^^^^^^^^^
2026-02-07 16:25:07 +01:00:   File "/opt/Tennis_Booking/venv/lib/python3.12/site-packages/gunicorn/workers/base.py", line 204, in handle_abort
2026-02-07 16:25:07 +01:00:     sys.exit(1)
2026-02-07 16:25:07 +01:00: SystemExit: 1
2026-02-07 16:25:07 +01:00: [2026-02-07 16:25:07 +0100] [3607963] [INFO] Worker exiting (pid: 3607963)
2026-02-07 16:25:07 +01:00: [2026-02-07 16:25:07 +0100] [3608020] [INFO] Booting worker with pid: 3608020
2026-02-07 16:25:21 +01:00: [2026-02-07 16:25:21 +0100] [3048326] [CRITICAL] WORKER TIMEOUT (pid:3607968)
2026-02-07 16:25:21 +01:00: [2026-02-07 16:25:21 +0100] [3607968] [ERROR] Error handling request (no URI read)
2026-02-07 16:25:21 +01:00: Traceback (most recent call last):
2026-02-07 16:25:21 +01:00:   File "/opt/Tennis_Booking/venv/lib/python3.12/site-packages/gunicorn/workers/sync.py", line 133, in handle
2026-02-07 16:25:21 +01:00:     req = next(parser)
2026-02-07 16:25:21 +01:00:           ^^^^^^^^^^^^
2026-02-07 16:25:21 +01:00:   File "/opt/Tennis_Booking/venv/lib/python3.12/site-packages/gunicorn/http/parser.py", line 41, in __next__
2026-02-07 16:25:21 +01:00:     self.mesg = self.mesg_class(self.cfg, self.unreader, self.source_addr, self.req_count)
2026-02-07 16:25:21 +01:00:                 ^^^^^^^^^^^^^^^^^^^^^^^^^^^^^^^^^^^^^^^^^^^^^^^^^^^^^^^^^^^^^^^^^^^^^^^^^^
2026-02-07 16:25:21 +01:00:   File "/opt/Tennis_Booking/venv/lib/python3.12/site-packages/gunicorn/http/message.py", line 259, in __init__
2026-02-07 16:25:21 +01:00:     super().__init__(cfg, unreader, peer_addr)
2026-02-07 16:25:21 +01:00:   File "/opt/Tennis_Booking/venv/lib/python3.12/site-packages/gunicorn/http/message.py", line 60, in __init__
2026-02-07 16:25:21 +01:00:     unused = self.parse(self.unreader)
2026-02-07 16:25:21 +01:00:              ^^^^^^^^^^^^^^^^^^^^^^^^^
2026-02-07 16:25:21 +01:00:   File "/opt/Tennis_Booking/venv/lib/python3.12/site-packages/gunicorn/http/message.py", line 274, in parse
2026-02-07 16:25:21 +01:00:     line, rbuf = self.read_line(unreader, buf, self.limit_request_line)
2026-02-07 16:25:21 +01:00:                  ^^^^^^^^^^^^^^^^^^^^^^^^^^^^^^^^^^^^^^^^^^^^^^^^^^^^^^
2026-02-07 16:25:21 +01:00:   File "/opt/Tennis_Booking/venv/lib/python3.12/site-packages/gunicorn/http/message.py", line 326, in read_line
2026-02-07 16:25:21 +01:00:     self.get_data(unreader, buf)
2026-02-07 16:25:21 +01:00:   File "/opt/Tennis_Booking/venv/lib/python3.12/site-packages/gunicorn/http/message.py", line 262, in get_data
2026-02-07 16:25:21 +01:00:     data = unreader.read()
2026-02-07 16:25:21 +01:00:            ^^^^^^^^^^^^^^^
2026-02-07 16:25:21 +01:00:   File "/opt/Tennis_Booking/venv/lib/python3.12/site-packages/gunicorn/http/unreader.py", line 36, in read
2026-02-07 16:25:21 +01:00:     d = self.chunk()
2026-02-07 16:25:21 +01:00:         ^^^^^^^^^^^^
2026-02-07 16:25:21 +01:00:   File "/opt/Tennis_Booking/venv/lib/python3.12/site-packages/gunicorn/http/unreader.py", line 63, in chunk
2026-02-07 16:25:21 +01:00:     return self.sock.recv(self.mxchunk)
2026-02-07 16:25:21 +01:00:            ^^^^^^^^^^^^^^^^^^^^^^^^^^^^
2026-02-07 16:25:21 +01:00:   File "/opt/Tennis_Booking/venv/lib/python3.12/site-packages/gunicorn/workers/base.py", line 204, in handle_abort
2026-02-07 16:25:21 +01:00:     sys.exit(1)
2026-02-07 16:25:21 +01:00: SystemExit: 1
2026-02-07 16:25:21 +01:00: [2026-02-07 16:25:21 +0100] [3607968] [INFO] Worker exiting (pid: 3607968)
2026-02-07 16:25:21 +01:00: [2026-02-07 16:25:21 +0100] [3608025] [INFO] Booting worker with pid: 3608025
2026-02-07 19:02:37 +01:00: [2026-02-07 19:02:37 +0100] [3608020] [WARNING] Invalid request from ip=206.168.34.212: Invalid HTTP Version: (2, 0)
2026-02-08 00:38:20 +01:00: [2026-02-08 00:38:20 +0100] [3608020] [WARNING] Invalid request from ip=47.236.184.42: Invalid HTTP request line: ''
2026-02-08 08:31:28 +01:00: [2026-02-08 08:31:28 +0100] [3608020] [WARNING] Invalid request from ip=13.59.157.137: Invalid HTTP request line: 'SSH-2.0-Go'
2026-02-08 12:08:21 +01:00: [2026-02-08 12:08:21 +0100] [3048326] [CRITICAL] WORKER TIMEOUT (pid:3608025)
2026-02-08 12:08:21 +01:00: [2026-02-08 12:08:21 +0100] [3608025] [ERROR] Error handling request (no URI read)
2026-02-08 12:08:21 +01:00: Traceback (most recent call last):
2026-02-08 12:08:21 +01:00:   File "/opt/Tennis_Booking/venv/lib/python3.12/site-packages/gunicorn/workers/sync.py", line 133, in handle
2026-02-08 12:08:21 +01:00:     req = next(parser)
2026-02-08 12:08:21 +01:00:           ^^^^^^^^^^^^
2026-02-08 12:08:21 +01:00:   File "/opt/Tennis_Booking/venv/lib/python3.12/site-packages/gunicorn/http/parser.py", line 41, in __next__
2026-02-08 12:08:21 +01:00:     self.mesg = self.mesg_class(self.cfg, self.unreader, self.source_addr, self.req_count)
2026-02-08 12:08:21 +01:00:                 ^^^^^^^^^^^^^^^^^^^^^^^^^^^^^^^^^^^^^^^^^^^^^^^^^^^^^^^^^^^^^^^^^^^^^^^^^^
2026-02-08 12:08:21 +01:00:   File "/opt/Tennis_Booking/venv/lib/python3.12/site-packages/gunicorn/http/message.py", line 259, in __init__
2026-02-08 12:08:21 +01:00:     super().__init__(cfg, unreader, peer_addr)
2026-02-08 12:08:21 +01:00:   File "/opt/Tennis_Booking/venv/lib/python3.12/site-packages/gunicorn/http/message.py", line 60, in __init__
2026-02-08 12:08:21 +01:00:     unused = self.parse(self.unreader)
2026-02-08 12:08:21 +01:00:              ^^^^^^^^^^^^^^^^^^^^^^^^^
2026-02-08 12:08:21 +01:00:   File "/opt/Tennis_Booking/venv/lib/python3.12/site-packages/gunicorn/http/message.py", line 274, in parse
2026-02-08 12:08:21 +01:00:     line, rbuf = self.read_line(unreader, buf, self.limit_request_line)
2026-02-08 12:08:21 +01:00:                  ^^^^^^^^^^^^^^^^^^^^^^^^^^^^^^^^^^^^^^^^^^^^^^^^^^^^^^
2026-02-08 12:08:21 +01:00:   File "/opt/Tennis_Booking/venv/lib/python3.12/site-packages/gunicorn/http/message.py", line 326, in read_line
2026-02-08 12:08:21 +01:00:     self.get_data(unreader, buf)
2026-02-08 12:08:21 +01:00:   File "/opt/Tennis_Booking/venv/lib/python3.12/site-packages/gunicorn/http/message.py", line 262, in get_data
2026-02-08 12:08:21 +01:00:     data = unreader.read()
2026-02-08 12:08:21 +01:00:            ^^^^^^^^^^^^^^^
2026-02-08 12:08:21 +01:00:   File "/opt/Tennis_Booking/venv/lib/python3.12/site-packages/gunicorn/http/unreader.py", line 36, in read
2026-02-08 12:08:21 +01:00:     d = self.chunk()
2026-02-08 12:08:21 +01:00:         ^^^^^^^^^^^^
2026-02-08 12:08:21 +01:00:   File "/opt/Tennis_Booking/venv/lib/python3.12/site-packages/gunicorn/http/unreader.py", line 63, in chunk
2026-02-08 12:08:21 +01:00:     return self.sock.recv(self.mxchunk)
2026-02-08 12:08:21 +01:00:            ^^^^^^^^^^^^^^^^^^^^^^^^^^^^
2026-02-08 12:08:21 +01:00:   File "/opt/Tennis_Booking/venv/lib/python3.12/site-packages/gunicorn/workers/base.py", line 204, in handle_abort
2026-02-08 12:08:21 +01:00:     sys.exit(1)
2026-02-08 12:08:21 +01:00: SystemExit: 1
2026-02-08 12:08:21 +01:00: [2026-02-08 12:08:21 +0100] [3608025] [INFO] Worker exiting (pid: 3608025)
2026-02-08 12:08:22 +01:00: [2026-02-08 12:08:22 +0100] [3654835] [INFO] Booting worker with pid: 3654835
2026-02-08 15:14:50 +01:00: [2026-02-08 15:14:50 +0100] [3608020] [WARNING] Invalid request from ip=18.118.170.15: Invalid HTTP request line: 'SSH-2.0-Go'
2026-02-08 20:01:42 +01:00: [2026-02-08 20:01:42 +0100] [3654835] [WARNING] Invalid request from ip=162.142.125.194: Invalid HTTP Version: (2, 0)
2026-02-09 14:06:53 +01:00: [2026-02-09 14:06:53 +0100] [3608020] [WARNING] Invalid request from ip=3.141.43.143: Invalid HTTP request line: 'SSH-2.0-Go'
2026-02-09 14:44:46 +01:00: [2026-02-09 14:44:46 +0100] [3654835] [WARNING] Invalid request from ip=16.58.56.214: Invalid HTTP request line: 'SSH-2.0-Go'
2026-02-09 20:58:26 +01:00: [2026-02-09 20:58:26 +0100] [3654835] [WARNING] Invalid request from ip=206.168.34.217: Invalid HTTP Version: (2, 0)
2026-02-10 03:04:20 +01:00: [2026-02-10 03:04:20 +0100] [3608020] [WARNING] Invalid request from ip=167.94.146.56: Invalid HTTP Version: (2, 0)
2026-02-10 17:07:23 +01:00: [2026-02-10 17:07:23 +0100] [3654835] [WARNING] Invalid request from ip=3.129.187.38: Invalid HTTP request line: 'SSH-2.0-Go'
2026-02-10 20:38:11 +01:00: [2026-02-10 20:38:11 +0100] [3048326] [CRITICAL] WORKER TIMEOUT (pid:3608020)
2026-02-10 20:38:11 +01:00: [2026-02-10 20:38:11 +0100] [3608020] [ERROR] Error handling request (no URI read)
2026-02-10 20:38:11 +01:00: Traceback (most recent call last):
2026-02-10 20:38:11 +01:00:   File "/opt/Tennis_Booking/venv/lib/python3.12/site-packages/gunicorn/workers/sync.py", line 133, in handle
2026-02-10 20:38:11 +01:00:     req = next(parser)
2026-02-10 20:38:11 +01:00:           ^^^^^^^^^^^^
2026-02-10 20:38:11 +01:00:   File "/opt/Tennis_Booking/venv/lib/python3.12/site-packages/gunicorn/http/parser.py", line 41, in __next__
2026-02-10 20:38:11 +01:00:     self.mesg = self.mesg_class(self.cfg, self.unreader, self.source_addr, self.req_count)
2026-02-10 20:38:11 +01:00:                 ^^^^^^^^^^^^^^^^^^^^^^^^^^^^^^^^^^^^^^^^^^^^^^^^^^^^^^^^^^^^^^^^^^^^^^^^^^
2026-02-10 20:38:11 +01:00:   File "/opt/Tennis_Booking/venv/lib/python3.12/site-packages/gunicorn/http/message.py", line 259, in __init__
2026-02-10 20:38:11 +01:00:     super().__init__(cfg, unreader, peer_addr)
2026-02-10 20:38:11 +01:00:   File "/opt/Tennis_Booking/venv/lib/python3.12/site-packages/gunicorn/http/message.py", line 60, in __init__
2026-02-10 20:38:11 +01:00:     unused = self.parse(self.unreader)
2026-02-10 20:38:11 +01:00:              ^^^^^^^^^^^^^^^^^^^^^^^^^
2026-02-10 20:38:11 +01:00:   File "/opt/Tennis_Booking/venv/lib/python3.12/site-packages/gunicorn/http/message.py", line 274, in parse
2026-02-10 20:38:11 +01:00:     line, rbuf = self.read_line(unreader, buf, self.limit_request_line)
2026-02-10 20:38:11 +01:00:                  ^^^^^^^^^^^^^^^^^^^^^^^^^^^^^^^^^^^^^^^^^^^^^^^^^^^^^^
2026-02-10 20:38:11 +01:00:   File "/opt/Tennis_Booking/venv/lib/python3.12/site-packages/gunicorn/http/message.py", line 326, in read_line
2026-02-10 20:38:11 +01:00:     self.get_data(unreader, buf)
2026-02-10 20:38:11 +01:00:   File "/opt/Tennis_Booking/venv/lib/python3.12/site-packages/gunicorn/http/message.py", line 262, in get_data
2026-02-10 20:38:11 +01:00:     data = unreader.read()
2026-02-10 20:38:11 +01:00:            ^^^^^^^^^^^^^^^
2026-02-10 20:38:11 +01:00:   File "/opt/Tennis_Booking/venv/lib/python3.12/site-packages/gunicorn/http/unreader.py", line 36, in read
2026-02-10 20:38:11 +01:00:     d = self.chunk()
2026-02-10 20:38:11 +01:00:         ^^^^^^^^^^^^
2026-02-10 20:38:11 +01:00:   File "/opt/Tennis_Booking/venv/lib/python3.12/site-packages/gunicorn/http/unreader.py", line 63, in chunk
2026-02-10 20:38:11 +01:00:     return self.sock.recv(self.mxchunk)
2026-02-10 20:38:11 +01:00:            ^^^^^^^^^^^^^^^^^^^^^^^^^^^^
2026-02-10 20:38:11 +01:00:   File "/opt/Tennis_Booking/venv/lib/python3.12/site-packages/gunicorn/workers/base.py", line 204, in handle_abort
2026-02-10 20:38:11 +01:00:     sys.exit(1)
2026-02-10 20:38:11 +01:00: SystemExit: 1
2026-02-10 20:38:11 +01:00: [2026-02-10 20:38:11 +0100] [3608020] [INFO] Worker exiting (pid: 3608020)
2026-02-10 20:38:12 +01:00: [2026-02-10 20:38:12 +0100] [3766511] [INFO] Booting worker with pid: 3766511
2026-02-11 03:59:13 +01:00: [2026-02-11 03:59:13 +0100] [3766511] [WARNING] Invalid request from ip=66.132.153.141: Invalid HTTP Version: (2, 0)
2026-02-11 06:55:38 +01:00: [2026-02-11 06:55:38 +0100] [3766511] [WARNING] Invalid request from ip=199.45.155.67: Invalid HTTP Version: (2, 0)
2026-02-11 08:49:17 +01:00: [2026-02-11 08:49:17 +0100] [3766511] [WARNING] Invalid request from ip=43.228.157.15: Invalid HTTP request line: 'SSH-2.0-OpenSSH'
2026-02-11 19:48:35 +01:00: [2026-02-11 19:48:35 +0100] [3766511] [WARNING] Invalid request from ip=80.66.83.43: Invalid HTTP request line: '\x03\x00\x00/*à\x00\x00\x00\x00\x00Cookie: mstshash=Administr'
2026-02-12 07:36:18 +01:00: [2026-02-12 07:36:18 +0100] [3766511] [WARNING] Invalid request from ip=16.58.56.214: Invalid HTTP request line: 'SSH-2.0-Go'
2026-02-12 07:58:30 +01:00: [2026-02-12 07:58:30 +0100] [3654835] [WARNING] Invalid request from ip=162.142.125.122: Invalid HTTP Version: (2, 0)
2026-02-12 15:22:01 +01:00: [2026-02-12 15:22:01 +0100] [3654835] [WARNING] Invalid request from ip=149.50.110.48: Invalid HTTP request line: '\x03\x00\x00/*à\x00\x00\x00\x00\x00Cookie: mstshash=Administr'
2026-02-12 17:54:57 +01:00: [2026-02-12 17:54:57 +0100] [3654835] [WARNING] Invalid request from ip=80.66.83.43: Invalid HTTP request line: '\x03\x00\x00/*à\x00\x00\x00\x00\x00Cookie: mstshash=Administr'
2026-02-12 19:19:28 +01:00: [2026-02-12 19:19:28 +0100] [3766511] [WARNING] Invalid request from ip=139.162.173.209: Invalid HTTP request line: ''
2026-02-12 19:19:28 +01:00: [2026-02-12 19:19:28 +0100] [3766511] [WARNING] Invalid request from ip=139.162.173.209: Invalid HTTP Version: 'RTSP/1.0'
2026-02-12 19:19:44 +01:00: [2026-02-12 19:19:44 +0100] [3766511] [WARNING] Invalid request from ip=139.162.173.209: Invalid HTTP request line: 'HELP'
2026-02-12 19:19:49 +01:00: [2026-02-12 19:19:49 +0100] [3766511] [WARNING] Invalid request from ip=139.162.173.209: Invalid HTTP request line: '\x03\x00\x00*%à\x00\x00\x00\x00\x00Cookie: mstshash=nmap'
2026-02-12 19:20:24 +01:00: [2026-02-12 19:20:24 +0100] [3766511] [WARNING] Invalid request from ip=139.162.173.209: Invalid HTTP Version: 'SIP/2.0'
2026-02-13 09:01:28 +01:00: [2026-02-13 09:01:28 +0100] [3654835] [WARNING] Invalid request from ip=206.168.34.49: Invalid HTTP Version: (2, 0)
2026-02-13 23:03:40 +01:00: [2026-02-13 23:03:40 +0100] [3766511] [WARNING] Invalid request from ip=46.151.182.113: Invalid HTTP request line: 'SSH-2.0-OpenSSH'
2026-02-14 00:09:18 +01:00: [2026-02-14 00:09:18 +0100] [3654835] [WARNING] Invalid request from ip=3.130.168.2: Invalid HTTP request line: 'SSH-2.0-Go'
2026-02-14 00:20:32 +01:00: [2026-02-14 00:20:32 +0100] [3654835] [WARNING] Invalid request from ip=94.26.88.9: Invalid HTTP request line: '\x03\x00\x00/*à\x00\x00\x00\x00\x00Cookie: mstshash=Administr'
2026-02-14 10:02:36 +01:00: [2026-02-14 10:02:36 +0100] [3766511] [WARNING] Invalid request from ip=167.94.138.126: Invalid HTTP Version: (2, 0)
2026-02-15 08:01:25 +01:00: [2026-02-15 08:01:25 +0100] [3048326] [CRITICAL] WORKER TIMEOUT (pid:3766511)
2026-02-15 08:01:25 +01:00: [2026-02-15 08:01:25 +0100] [3766511] [ERROR] Error handling request (no URI read)
2026-02-15 08:01:25 +01:00: Traceback (most recent call last):
2026-02-15 08:01:25 +01:00:   File "/opt/Tennis_Booking/venv/lib/python3.12/site-packages/gunicorn/workers/sync.py", line 133, in handle
2026-02-15 08:01:25 +01:00:     req = next(parser)
2026-02-15 08:01:25 +01:00:           ^^^^^^^^^^^^
2026-02-15 08:01:25 +01:00:   File "/opt/Tennis_Booking/venv/lib/python3.12/site-packages/gunicorn/http/parser.py", line 41, in __next__
2026-02-15 08:01:25 +01:00:     self.mesg = self.mesg_class(self.cfg, self.unreader, self.source_addr, self.req_count)
2026-02-15 08:01:25 +01:00:                 ^^^^^^^^^^^^^^^^^^^^^^^^^^^^^^^^^^^^^^^^^^^^^^^^^^^^^^^^^^^^^^^^^^^^^^^^^^
2026-02-15 08:01:25 +01:00:   File "/opt/Tennis_Booking/venv/lib/python3.12/site-packages/gunicorn/http/message.py", line 259, in __init__
2026-02-15 08:01:25 +01:00:     super().__init__(cfg, unreader, peer_addr)
2026-02-15 08:01:25 +01:00:   File "/opt/Tennis_Booking/venv/lib/python3.12/site-packages/gunicorn/http/message.py", line 60, in __init__
2026-02-15 08:01:25 +01:00:     unused = self.parse(self.unreader)
2026-02-15 08:01:25 +01:00:              ^^^^^^^^^^^^^^^^^^^^^^^^^
2026-02-15 08:01:25 +01:00:   File "/opt/Tennis_Booking/venv/lib/python3.12/site-packages/gunicorn/http/message.py", line 274, in parse
2026-02-15 08:01:25 +01:00:     line, rbuf = self.read_line(unreader, buf, self.limit_request_line)
2026-02-15 08:01:25 +01:00:                  ^^^^^^^^^^^^^^^^^^^^^^^^^^^^^^^^^^^^^^^^^^^^^^^^^^^^^^
2026-02-15 08:01:25 +01:00:   File "/opt/Tennis_Booking/venv/lib/python3.12/site-packages/gunicorn/http/message.py", line 326, in read_line
2026-02-15 08:01:25 +01:00:     self.get_data(unreader, buf)
2026-02-15 08:01:25 +01:00:   File "/opt/Tennis_Booking/venv/lib/python3.12/site-packages/gunicorn/http/message.py", line 262, in get_data
2026-02-15 08:01:25 +01:00:     data = unreader.read()
2026-02-15 08:01:25 +01:00:            ^^^^^^^^^^^^^^^
2026-02-15 08:01:25 +01:00:   File "/opt/Tennis_Booking/venv/lib/python3.12/site-packages/gunicorn/http/unreader.py", line 36, in read
2026-02-15 08:01:25 +01:00:     d = self.chunk()
2026-02-15 08:01:25 +01:00:         ^^^^^^^^^^^^
2026-02-15 08:01:25 +01:00:   File "/opt/Tennis_Booking/venv/lib/python3.12/site-packages/gunicorn/http/unreader.py", line 63, in chunk
2026-02-15 08:01:25 +01:00:     return self.sock.recv(self.mxchunk)
2026-02-15 08:01:25 +01:00:            ^^^^^^^^^^^^^^^^^^^^^^^^^^^^
2026-02-15 08:01:25 +01:00:   File "/opt/Tennis_Booking/venv/lib/python3.12/site-packages/gunicorn/workers/base.py", line 204, in handle_abort
2026-02-15 08:01:25 +01:00:     sys.exit(1)
2026-02-15 08:01:25 +01:00: SystemExit: 1
2026-02-15 08:01:25 +01:00: [2026-02-15 08:01:25 +0100] [3766511] [INFO] Worker exiting (pid: 3766511)
2026-02-15 08:01:26 +01:00: [2026-02-15 08:01:26 +0100] [3978057] [INFO] Booting worker with pid: 3978057
2026-02-15 08:29:36 +01:00: [2026-02-15 08:29:36 +0100] [3048326] [CRITICAL] WORKER TIMEOUT (pid:3654835)
2026-02-15 08:29:36 +01:00: [2026-02-15 08:29:36 +0100] [3654835] [ERROR] Error handling request (no URI read)
2026-02-15 08:29:36 +01:00: Traceback (most recent call last):
2026-02-15 08:29:36 +01:00:   File "/opt/Tennis_Booking/venv/lib/python3.12/site-packages/gunicorn/workers/sync.py", line 133, in handle
2026-02-15 08:29:36 +01:00:     req = next(parser)
2026-02-15 08:29:36 +01:00:           ^^^^^^^^^^^^
2026-02-15 08:29:36 +01:00:   File "/opt/Tennis_Booking/venv/lib/python3.12/site-packages/gunicorn/http/parser.py", line 41, in __next__
2026-02-15 08:29:36 +01:00:     self.mesg = self.mesg_class(self.cfg, self.unreader, self.source_addr, self.req_count)
2026-02-15 08:29:36 +01:00:                 ^^^^^^^^^^^^^^^^^^^^^^^^^^^^^^^^^^^^^^^^^^^^^^^^^^^^^^^^^^^^^^^^^^^^^^^^^^
2026-02-15 08:29:36 +01:00:   File "/opt/Tennis_Booking/venv/lib/python3.12/site-packages/gunicorn/http/message.py", line 259, in __init__
2026-02-15 08:29:36 +01:00:     super().__init__(cfg, unreader, peer_addr)
2026-02-15 08:29:36 +01:00:   File "/opt/Tennis_Booking/venv/lib/python3.12/site-packages/gunicorn/http/message.py", line 60, in __init__
2026-02-15 08:29:36 +01:00:     unused = self.parse(self.unreader)
2026-02-15 08:29:36 +01:00:              ^^^^^^^^^^^^^^^^^^^^^^^^^
2026-02-15 08:29:36 +01:00:   File "/opt/Tennis_Booking/venv/lib/python3.12/site-packages/gunicorn/http/message.py", line 274, in parse
2026-02-15 08:29:36 +01:00:     line, rbuf = self.read_line(unreader, buf, self.limit_request_line)
2026-02-15 08:29:36 +01:00:                  ^^^^^^^^^^^^^^^^^^^^^^^^^^^^^^^^^^^^^^^^^^^^^^^^^^^^^^
2026-02-15 08:29:36 +01:00:   File "/opt/Tennis_Booking/venv/lib/python3.12/site-packages/gunicorn/http/message.py", line 326, in read_line
2026-02-15 08:29:36 +01:00:     self.get_data(unreader, buf)
2026-02-15 08:29:36 +01:00:   File "/opt/Tennis_Booking/venv/lib/python3.12/site-packages/gunicorn/http/message.py", line 262, in get_data
2026-02-15 08:29:36 +01:00:     data = unreader.read()
2026-02-15 08:29:36 +01:00:            ^^^^^^^^^^^^^^^
2026-02-15 08:29:36 +01:00:   File "/opt/Tennis_Booking/venv/lib/python3.12/site-packages/gunicorn/http/unreader.py", line 36, in read
2026-02-15 08:29:36 +01:00:     d = self.chunk()
2026-02-15 08:29:36 +01:00:         ^^^^^^^^^^^^
2026-02-15 08:29:36 +01:00:   File "/opt/Tennis_Booking/venv/lib/python3.12/site-packages/gunicorn/http/unreader.py", line 63, in chunk
2026-02-15 08:29:36 +01:00:     return self.sock.recv(self.mxchunk)
2026-02-15 08:29:36 +01:00:            ^^^^^^^^^^^^^^^^^^^^^^^^^^^^
2026-02-15 08:29:36 +01:00:   File "/opt/Tennis_Booking/venv/lib/python3.12/site-packages/gunicorn/workers/base.py", line 204, in handle_abort
2026-02-15 08:29:36 +01:00:     sys.exit(1)
2026-02-15 08:29:36 +01:00: SystemExit: 1
2026-02-15 08:29:36 +01:00: [2026-02-15 08:29:36 +0100] [3654835] [INFO] Worker exiting (pid: 3654835)
2026-02-15 08:29:36 +01:00: [2026-02-15 08:29:36 +0100] [3978960] [INFO] Booting worker with pid: 3978960
2026-02-15 11:01:34 +01:00: [2026-02-15 11:01:34 +0100] [3978057] [WARNING] Invalid request from ip=66.132.153.113: Invalid HTTP Version: (2, 0)
2026-02-15 16:17:53 +01:00: [2026-02-15 16:17:53 +0100] [3978057] [WARNING] Invalid request from ip=18.218.118.203: Invalid HTTP request line: 'SSH-2.0-Go'
2026-02-16 09:07:03 +01:00: [2026-02-16 09:07:03 +0100] [3978057] [WARNING] Invalid request from ip=3.134.216.108: Invalid HTTP request line: 'SSH-2.0-Go'
2026-02-16 11:58:07 +01:00: [2026-02-16 11:58:07 +0100] [3978960] [WARNING] Invalid request from ip=162.142.125.212: Invalid HTTP Version: (2, 0)
2026-02-16 18:42:54 +01:00: [2026-02-16 18:42:54 +0100] [3978057] [WARNING] Invalid request from ip=162.142.125.112: Invalid HTTP Version: (2, 0)
2026-02-17 07:42:29 +01:00: [2026-02-17 07:42:29 +0100] [3978057] [WARNING] Invalid request from ip=3.151.241.153: Invalid HTTP request line: 'SSH-2.0-Go'
2026-02-17 19:03:05 +01:00: [2026-02-17 19:03:05 +0100] [3978960] [WARNING] Invalid request from ip=66.132.153.129: Invalid HTTP Version: (2, 0)
2026-02-17 20:17:49 +01:00: [2026-02-17 20:17:49 +0100] [3978960] [WARNING] Invalid request from ip=80.66.83.43: Invalid HTTP request line: '\x03\x00\x00/*à\x00\x00\x00\x00\x00Cookie: mstshash=Administr'
2026-02-17 21:59:09 +01:00: [2026-02-17 21:59:09 +0100] [3048326] [CRITICAL] WORKER TIMEOUT (pid:3978960)
2026-02-17 21:59:09 +01:00: [2026-02-17 21:59:09 +0100] [3978960] [ERROR] Error handling request (no URI read)
2026-02-17 21:59:09 +01:00: Traceback (most recent call last):
2026-02-17 21:59:09 +01:00:   File "/opt/Tennis_Booking/venv/lib/python3.12/site-packages/gunicorn/workers/sync.py", line 133, in handle
2026-02-17 21:59:09 +01:00:     req = next(parser)
2026-02-17 21:59:09 +01:00:           ^^^^^^^^^^^^
2026-02-17 21:59:09 +01:00:   File "/opt/Tennis_Booking/venv/lib/python3.12/site-packages/gunicorn/http/parser.py", line 41, in __next__
2026-02-17 21:59:09 +01:00:     self.mesg = self.mesg_class(self.cfg, self.unreader, self.source_addr, self.req_count)
2026-02-17 21:59:09 +01:00:                 ^^^^^^^^^^^^^^^^^^^^^^^^^^^^^^^^^^^^^^^^^^^^^^^^^^^^^^^^^^^^^^^^^^^^^^^^^^
2026-02-17 21:59:09 +01:00:   File "/opt/Tennis_Booking/venv/lib/python3.12/site-packages/gunicorn/http/message.py", line 259, in __init__
2026-02-17 21:59:09 +01:00:     super().__init__(cfg, unreader, peer_addr)
2026-02-17 21:59:09 +01:00:   File "/opt/Tennis_Booking/venv/lib/python3.12/site-packages/gunicorn/http/message.py", line 60, in __init__
2026-02-17 21:59:09 +01:00:     unused = self.parse(self.unreader)
2026-02-17 21:59:09 +01:00:              ^^^^^^^^^^^^^^^^^^^^^^^^^
2026-02-17 21:59:09 +01:00:   File "/opt/Tennis_Booking/venv/lib/python3.12/site-packages/gunicorn/http/message.py", line 274, in parse
2026-02-17 21:59:09 +01:00:     line, rbuf = self.read_line(unreader, buf, self.limit_request_line)
2026-02-17 21:59:09 +01:00:                  ^^^^^^^^^^^^^^^^^^^^^^^^^^^^^^^^^^^^^^^^^^^^^^^^^^^^^^
2026-02-17 21:59:09 +01:00:   File "/opt/Tennis_Booking/venv/lib/python3.12/site-packages/gunicorn/http/message.py", line 326, in read_line
2026-02-17 21:59:09 +01:00:     self.get_data(unreader, buf)
2026-02-17 21:59:09 +01:00:   File "/opt/Tennis_Booking/venv/lib/python3.12/site-packages/gunicorn/http/message.py", line 262, in get_data
2026-02-17 21:59:09 +01:00:     data = unreader.read()
2026-02-17 21:59:09 +01:00:            ^^^^^^^^^^^^^^^
2026-02-17 21:59:09 +01:00:   File "/opt/Tennis_Booking/venv/lib/python3.12/site-packages/gunicorn/http/unreader.py", line 36, in read
2026-02-17 21:59:09 +01:00:     d = self.chunk()
2026-02-17 21:59:09 +01:00:         ^^^^^^^^^^^^
2026-02-17 21:59:09 +01:00:   File "/opt/Tennis_Booking/venv/lib/python3.12/site-packages/gunicorn/http/unreader.py", line 63, in chunk
2026-02-17 21:59:09 +01:00:     return self.sock.recv(self.mxchunk)
2026-02-17 21:59:09 +01:00:            ^^^^^^^^^^^^^^^^^^^^^^^^^^^^
2026-02-17 21:59:09 +01:00:   File "/opt/Tennis_Booking/venv/lib/python3.12/site-packages/gunicorn/workers/base.py", line 204, in handle_abort
2026-02-17 21:59:09 +01:00:     sys.exit(1)
2026-02-17 21:59:09 +01:00: SystemExit: 1
2026-02-17 21:59:09 +01:00: [2026-02-17 21:59:09 +0100] [3978960] [INFO] Worker exiting (pid: 3978960)
2026-02-17 21:59:09 +01:00: [2026-02-17 21:59:09 +0100] [4093770] [INFO] Booting worker with pid: 4093770
2026-02-17 23:33:48 +01:00: [2026-02-17 23:33:48 +0100] [3978057] [WARNING] Invalid request from ip=172.234.162.56: Invalid HTTP request line: ''
2026-02-17 23:33:48 +01:00: [2026-02-17 23:33:48 +0100] [3978057] [WARNING] Invalid request from ip=172.234.162.56: Invalid HTTP Version: 'RTSP/1.0'
2026-02-17 23:34:04 +01:00: [2026-02-17 23:34:04 +0100] [4093770] [WARNING] Invalid request from ip=172.234.162.56: Invalid HTTP request line: 'HELP'
2026-02-17 23:34:09 +01:00: [2026-02-17 23:34:09 +0100] [3978057] [WARNING] Invalid request from ip=172.234.162.56: Invalid HTTP request line: '\x03\x00\x00*%à\x00\x00\x00\x00\x00Cookie: mstshash=nmap'
2026-02-17 23:34:44 +01:00: [2026-02-17 23:34:44 +0100] [4093770] [WARNING] Invalid request from ip=172.234.162.56: Invalid HTTP Version: 'SIP/2.0'
2026-02-18 11:23:33 +01:00: [2026-02-18 11:23:33 +0100] [4093770] [WARNING] Invalid request from ip=16.58.56.214: Invalid HTTP request line: 'SSH-2.0-Go'
2026-02-18 20:00:10 +01:00: [2026-02-18 20:00:10 +0100] [3978057] [WARNING] Invalid request from ip=167.94.138.39: Invalid HTTP Version: (2, 0)
2026-02-19 01:35:24 +01:00: [2026-02-19 01:35:24 +0100] [3978057] [WARNING] Invalid request from ip=77.90.185.18: Invalid HTTP request line: '\x03\x00\x00/*à\x00\x00\x00\x00\x00Cookie: mstshash=Administr'
2026-02-19 03:07:20 +01:00: [2026-02-19 03:07:20 +0100] [4093770] [WARNING] Invalid request from ip=77.90.185.18: Invalid HTTP request line: '\x03\x00\x00/*à\x00\x00\x00\x00\x00Cookie: mstshash=Administr'
2026-02-19 13:48:29 +01:00: [2026-02-19 13:48:29 +0100] [4093770] [WARNING] Invalid request from ip=16.58.56.214: Invalid HTTP request line: 'SSH-2.0-Go'
2026-02-19 20:59:54 +01:00: [2026-02-19 20:59:54 +0100] [4093770] [WARNING] Invalid request from ip=167.94.138.179: Invalid HTTP Version: (2, 0)
2026-02-20 14:21:54 +01:00: [2026-02-20 14:21:54 +0100] [4093770] [WARNING] Invalid request from ip=66.132.153.126: Invalid HTTP Version: (2, 0)
2026-02-20 15:29:18 +01:00: [2026-02-20 15:29:18 +0100] [3978057] [WARNING] Invalid request from ip=3.130.168.2: Invalid HTTP request line: 'SSH-2.0-Go'
2026-02-21 05:15:48 +01:00: [2026-02-21 05:15:48 +0100] [3048326] [CRITICAL] WORKER TIMEOUT (pid:3978057)
2026-02-21 05:15:48 +01:00: [2026-02-21 05:15:48 +0100] [3978057] [ERROR] Error handling request (no URI read)
2026-02-21 05:15:48 +01:00: Traceback (most recent call last):
2026-02-21 05:15:48 +01:00:   File "/opt/Tennis_Booking/venv/lib/python3.12/site-packages/gunicorn/workers/sync.py", line 133, in handle
2026-02-21 05:15:48 +01:00:     req = next(parser)
2026-02-21 05:15:48 +01:00:           ^^^^^^^^^^^^
2026-02-21 05:15:48 +01:00:   File "/opt/Tennis_Booking/venv/lib/python3.12/site-packages/gunicorn/http/parser.py", line 41, in __next__
2026-02-21 05:15:48 +01:00:     self.mesg = self.mesg_class(self.cfg, self.unreader, self.source_addr, self.req_count)
2026-02-21 05:15:48 +01:00:                 ^^^^^^^^^^^^^^^^^^^^^^^^^^^^^^^^^^^^^^^^^^^^^^^^^^^^^^^^^^^^^^^^^^^^^^^^^^
2026-02-21 05:15:48 +01:00:   File "/opt/Tennis_Booking/venv/lib/python3.12/site-packages/gunicorn/http/message.py", line 259, in __init__
2026-02-21 05:15:48 +01:00:     super().__init__(cfg, unreader, peer_addr)
2026-02-21 05:15:48 +01:00:   File "/opt/Tennis_Booking/venv/lib/python3.12/site-packages/gunicorn/http/message.py", line 60, in __init__
2026-02-21 05:15:48 +01:00:     unused = self.parse(self.unreader)
2026-02-21 05:15:48 +01:00:              ^^^^^^^^^^^^^^^^^^^^^^^^^
2026-02-21 05:15:48 +01:00:   File "/opt/Tennis_Booking/venv/lib/python3.12/site-packages/gunicorn/http/message.py", line 271, in parse
2026-02-21 05:15:48 +01:00:     self.get_data(unreader, buf, stop=True)
2026-02-21 05:15:48 +01:00:   File "/opt/Tennis_Booking/venv/lib/python3.12/site-packages/gunicorn/http/message.py", line 262, in get_data
2026-02-21 05:15:48 +01:00:     data = unreader.read()
2026-02-21 05:15:48 +01:00:            ^^^^^^^^^^^^^^^
2026-02-21 05:15:48 +01:00:   File "/opt/Tennis_Booking/venv/lib/python3.12/site-packages/gunicorn/http/unreader.py", line 36, in read
2026-02-21 05:15:48 +01:00:     d = self.chunk()
2026-02-21 05:15:48 +01:00:         ^^^^^^^^^^^^
2026-02-21 05:15:48 +01:00:   File "/opt/Tennis_Booking/venv/lib/python3.12/site-packages/gunicorn/http/unreader.py", line 63, in chunk
2026-02-21 05:15:48 +01:00:     return self.sock.recv(self.mxchunk)
2026-02-21 05:15:48 +01:00:            ^^^^^^^^^^^^^^^^^^^^^^^^^^^^
2026-02-21 05:15:48 +01:00:   File "/opt/Tennis_Booking/venv/lib/python3.12/site-packages/gunicorn/workers/base.py", line 204, in handle_abort
2026-02-21 05:15:48 +01:00:     sys.exit(1)
2026-02-21 05:15:48 +01:00: SystemExit: 1
2026-02-21 05:15:48 +01:00: [2026-02-21 05:15:48 +0100] [3978057] [INFO] Worker exiting (pid: 3978057)
2026-02-21 05:15:48 +01:00: [2026-02-21 05:15:48 +0100] [15658] [INFO] Booting worker with pid: 15658
2026-02-21 14:57:08 +01:00: [2026-02-21 14:57:08 +0100] [15658] [WARNING] Invalid request from ip=167.94.138.191: Invalid HTTP Version: (2, 0)
2026-02-22 02:16:43 +01:00: [2026-02-22 02:16:43 +0100] [4093770] [WARNING] Invalid request from ip=18.218.118.203: Invalid HTTP request line: 'SSH-2.0-Go'
2026-02-22 14:08:04 +01:00: [2026-02-22 14:08:04 +0100] [15658] [WARNING] Invalid request from ip=199.45.154.135: Invalid HTTP Version: (2, 0)
2026-02-23 03:00:31 +01:00: [2026-02-23 03:00:31 +0100] [3048326] [CRITICAL] WORKER TIMEOUT (pid:15658)
2026-02-23 03:00:31 +01:00: [2026-02-23 03:00:31 +0100] [15658] [ERROR] Error handling request (no URI read)
2026-02-23 03:00:31 +01:00: Traceback (most recent call last):
2026-02-23 03:00:31 +01:00:   File "/opt/Tennis_Booking/venv/lib/python3.12/site-packages/gunicorn/workers/sync.py", line 133, in handle
2026-02-23 03:00:31 +01:00:     req = next(parser)
2026-02-23 03:00:31 +01:00:           ^^^^^^^^^^^^
2026-02-23 03:00:31 +01:00:   File "/opt/Tennis_Booking/venv/lib/python3.12/site-packages/gunicorn/http/parser.py", line 41, in __next__
2026-02-23 03:00:31 +01:00:     self.mesg = self.mesg_class(self.cfg, self.unreader, self.source_addr, self.req_count)
2026-02-23 03:00:31 +01:00:                 ^^^^^^^^^^^^^^^^^^^^^^^^^^^^^^^^^^^^^^^^^^^^^^^^^^^^^^^^^^^^^^^^^^^^^^^^^^
2026-02-23 03:00:31 +01:00:   File "/opt/Tennis_Booking/venv/lib/python3.12/site-packages/gunicorn/http/message.py", line 259, in __init__
2026-02-23 03:00:31 +01:00:     super().__init__(cfg, unreader, peer_addr)
2026-02-23 03:00:31 +01:00:   File "/opt/Tennis_Booking/venv/lib/python3.12/site-packages/gunicorn/http/message.py", line 60, in __init__
2026-02-23 03:00:31 +01:00:     unused = self.parse(self.unreader)
2026-02-23 03:00:31 +01:00:              ^^^^^^^^^^^^^^^^^^^^^^^^^
2026-02-23 03:00:31 +01:00:   File "/opt/Tennis_Booking/venv/lib/python3.12/site-packages/gunicorn/http/message.py", line 274, in parse
2026-02-23 03:00:31 +01:00:     line, rbuf = self.read_line(unreader, buf, self.limit_request_line)
2026-02-23 03:00:31 +01:00:                  ^^^^^^^^^^^^^^^^^^^^^^^^^^^^^^^^^^^^^^^^^^^^^^^^^^^^^^
2026-02-23 03:00:31 +01:00:   File "/opt/Tennis_Booking/venv/lib/python3.12/site-packages/gunicorn/http/message.py", line 326, in read_line
2026-02-23 03:00:31 +01:00:     self.get_data(unreader, buf)
2026-02-23 03:00:31 +01:00:   File "/opt/Tennis_Booking/venv/lib/python3.12/site-packages/gunicorn/http/message.py", line 262, in get_data
2026-02-23 03:00:31 +01:00:     data = unreader.read()
2026-02-23 03:00:31 +01:00:            ^^^^^^^^^^^^^^^
2026-02-23 03:00:31 +01:00:   File "/opt/Tennis_Booking/venv/lib/python3.12/site-packages/gunicorn/http/unreader.py", line 36, in read
2026-02-23 03:00:31 +01:00:     d = self.chunk()
2026-02-23 03:00:31 +01:00:         ^^^^^^^^^^^^
2026-02-23 03:00:31 +01:00:   File "/opt/Tennis_Booking/venv/lib/python3.12/site-packages/gunicorn/http/unreader.py", line 63, in chunk
2026-02-23 03:00:31 +01:00:     return self.sock.recv(self.mxchunk)
2026-02-23 03:00:31 +01:00:            ^^^^^^^^^^^^^^^^^^^^^^^^^^^^
2026-02-23 03:00:31 +01:00:   File "/opt/Tennis_Booking/venv/lib/python3.12/site-packages/gunicorn/workers/base.py", line 204, in handle_abort
2026-02-23 03:00:31 +01:00:     sys.exit(1)
2026-02-23 03:00:31 +01:00: SystemExit: 1
2026-02-23 03:00:31 +01:00: [2026-02-23 03:00:31 +0100] [15658] [INFO] Worker exiting (pid: 15658)
2026-02-23 03:00:31 +01:00: [2026-02-23 03:00:31 +0100] [78743] [INFO] Booting worker with pid: 78743
2026-02-23 11:58:18 +01:00: [2026-02-23 11:58:18 +0100] [78743] [WARNING] Invalid request from ip=3.129.187.38: Invalid HTTP request line: 'SSH-2.0-Go'
2026-02-23 15:08:27 +01:00: [2026-02-23 15:08:27 +0100] [78743] [WARNING] Invalid request from ip=206.168.34.193: Invalid HTTP Version: (2, 0)
2026-02-23 18:22:46 +01:00: [2026-02-23 18:22:46 +0100] [3048326] [CRITICAL] WORKER TIMEOUT (pid:78743)
2026-02-23 18:22:46 +01:00: [2026-02-23 18:22:46 +0100] [78743] [ERROR] Error handling request (no URI read)
2026-02-23 18:22:46 +01:00: Traceback (most recent call last):
2026-02-23 18:22:46 +01:00:   File "/opt/Tennis_Booking/venv/lib/python3.12/site-packages/gunicorn/workers/sync.py", line 133, in handle
2026-02-23 18:22:46 +01:00:     req = next(parser)
2026-02-23 18:22:46 +01:00:           ^^^^^^^^^^^^
2026-02-23 18:22:46 +01:00:   File "/opt/Tennis_Booking/venv/lib/python3.12/site-packages/gunicorn/http/parser.py", line 41, in __next__
2026-02-23 18:22:46 +01:00:     self.mesg = self.mesg_class(self.cfg, self.unreader, self.source_addr, self.req_count)
2026-02-23 18:22:46 +01:00:                 ^^^^^^^^^^^^^^^^^^^^^^^^^^^^^^^^^^^^^^^^^^^^^^^^^^^^^^^^^^^^^^^^^^^^^^^^^^
2026-02-23 18:22:46 +01:00:   File "/opt/Tennis_Booking/venv/lib/python3.12/site-packages/gunicorn/http/message.py", line 259, in __init__
2026-02-23 18:22:46 +01:00:     super().__init__(cfg, unreader, peer_addr)
2026-02-23 18:22:46 +01:00:   File "/opt/Tennis_Booking/venv/lib/python3.12/site-packages/gunicorn/http/message.py", line 60, in __init__
2026-02-23 18:22:46 +01:00:     unused = self.parse(self.unreader)
2026-02-23 18:22:46 +01:00:              ^^^^^^^^^^^^^^^^^^^^^^^^^
2026-02-23 18:22:46 +01:00:   File "/opt/Tennis_Booking/venv/lib/python3.12/site-packages/gunicorn/http/message.py", line 274, in parse
2026-02-23 18:22:46 +01:00:     line, rbuf = self.read_line(unreader, buf, self.limit_request_line)
2026-02-23 18:22:46 +01:00:                  ^^^^^^^^^^^^^^^^^^^^^^^^^^^^^^^^^^^^^^^^^^^^^^^^^^^^^^
2026-02-23 18:22:46 +01:00:   File "/opt/Tennis_Booking/venv/lib/python3.12/site-packages/gunicorn/http/message.py", line 326, in read_line
2026-02-23 18:22:46 +01:00:     self.get_data(unreader, buf)
2026-02-23 18:22:46 +01:00:   File "/opt/Tennis_Booking/venv/lib/python3.12/site-packages/gunicorn/http/message.py", line 262, in get_data
2026-02-23 18:22:46 +01:00:     data = unreader.read()
2026-02-23 18:22:46 +01:00:            ^^^^^^^^^^^^^^^
2026-02-23 18:22:46 +01:00:   File "/opt/Tennis_Booking/venv/lib/python3.12/site-packages/gunicorn/http/unreader.py", line 36, in read
2026-02-23 18:22:46 +01:00:     d = self.chunk()
2026-02-23 18:22:46 +01:00:         ^^^^^^^^^^^^
2026-02-23 18:22:46 +01:00:   File "/opt/Tennis_Booking/venv/lib/python3.12/site-packages/gunicorn/http/unreader.py", line 63, in chunk
2026-02-23 18:22:46 +01:00:     return self.sock.recv(self.mxchunk)
2026-02-23 18:22:46 +01:00:            ^^^^^^^^^^^^^^^^^^^^^^^^^^^^
2026-02-23 18:22:46 +01:00:   File "/opt/Tennis_Booking/venv/lib/python3.12/site-packages/gunicorn/workers/base.py", line 204, in handle_abort
2026-02-23 18:22:46 +01:00:     sys.exit(1)
2026-02-23 18:22:46 +01:00: SystemExit: 1
2026-02-23 18:22:46 +01:00: [2026-02-23 18:22:46 +0100] [78743] [INFO] Worker exiting (pid: 78743)
2026-02-23 18:22:47 +01:00: [2026-02-23 18:22:47 +0100] [118343] [INFO] Booting worker with pid: 118343
2026-02-23 20:03:24 +01:00: [2026-02-23 20:03:24 +0100] [3048326] [CRITICAL] WORKER TIMEOUT (pid:4093770)
2026-02-23 20:03:24 +01:00: [2026-02-23 20:03:24 +0100] [4093770] [ERROR] Error handling request (no URI read)
2026-02-23 20:03:24 +01:00: Traceback (most recent call last):
2026-02-23 20:03:24 +01:00:   File "/opt/Tennis_Booking/venv/lib/python3.12/site-packages/gunicorn/workers/sync.py", line 133, in handle
2026-02-23 20:03:24 +01:00:     req = next(parser)
2026-02-23 20:03:24 +01:00:           ^^^^^^^^^^^^
2026-02-23 20:03:24 +01:00:   File "/opt/Tennis_Booking/venv/lib/python3.12/site-packages/gunicorn/http/parser.py", line 41, in __next__
2026-02-23 20:03:24 +01:00:     self.mesg = self.mesg_class(self.cfg, self.unreader, self.source_addr, self.req_count)
2026-02-23 20:03:24 +01:00:                 ^^^^^^^^^^^^^^^^^^^^^^^^^^^^^^^^^^^^^^^^^^^^^^^^^^^^^^^^^^^^^^^^^^^^^^^^^^
2026-02-23 20:03:24 +01:00:   File "/opt/Tennis_Booking/venv/lib/python3.12/site-packages/gunicorn/http/message.py", line 259, in __init__
2026-02-23 20:03:24 +01:00:     super().__init__(cfg, unreader, peer_addr)
2026-02-23 20:03:24 +01:00:   File "/opt/Tennis_Booking/venv/lib/python3.12/site-packages/gunicorn/http/message.py", line 60, in __init__
2026-02-23 20:03:24 +01:00:     unused = self.parse(self.unreader)
2026-02-23 20:03:24 +01:00:              ^^^^^^^^^^^^^^^^^^^^^^^^^
2026-02-23 20:03:24 +01:00:   File "/opt/Tennis_Booking/venv/lib/python3.12/site-packages/gunicorn/http/message.py", line 274, in parse
2026-02-23 20:03:24 +01:00:     line, rbuf = self.read_line(unreader, buf, self.limit_request_line)
2026-02-23 20:03:24 +01:00:                  ^^^^^^^^^^^^^^^^^^^^^^^^^^^^^^^^^^^^^^^^^^^^^^^^^^^^^^
2026-02-23 20:03:24 +01:00:   File "/opt/Tennis_Booking/venv/lib/python3.12/site-packages/gunicorn/http/message.py", line 326, in read_line
2026-02-23 20:03:24 +01:00:     self.get_data(unreader, buf)
2026-02-23 20:03:24 +01:00:   File "/opt/Tennis_Booking/venv/lib/python3.12/site-packages/gunicorn/http/message.py", line 262, in get_data
2026-02-23 20:03:24 +01:00:     data = unreader.read()
2026-02-23 20:03:24 +01:00:            ^^^^^^^^^^^^^^^
2026-02-23 20:03:24 +01:00:   File "/opt/Tennis_Booking/venv/lib/python3.12/site-packages/gunicorn/http/unreader.py", line 36, in read
2026-02-23 20:03:24 +01:00:     d = self.chunk()
2026-02-23 20:03:24 +01:00:         ^^^^^^^^^^^^
2026-02-23 20:03:24 +01:00:   File "/opt/Tennis_Booking/venv/lib/python3.12/site-packages/gunicorn/http/unreader.py", line 63, in chunk
2026-02-23 20:03:24 +01:00:     return self.sock.recv(self.mxchunk)
2026-02-23 20:03:24 +01:00:            ^^^^^^^^^^^^^^^^^^^^^^^^^^^^
2026-02-23 20:03:24 +01:00:   File "/opt/Tennis_Booking/venv/lib/python3.12/site-packages/gunicorn/workers/base.py", line 204, in handle_abort
2026-02-23 20:03:24 +01:00:     sys.exit(1)
2026-02-23 20:03:24 +01:00: SystemExit: 1
2026-02-23 20:03:24 +01:00: [2026-02-23 20:03:24 +0100] [4093770] [INFO] Worker exiting (pid: 4093770)
2026-02-23 20:03:24 +01:00: [2026-02-23 20:03:24 +0100] [119883] [INFO] Booting worker with pid: 119883
2026-02-23 20:26:44 +01:00: [2026-02-23 20:26:44 +0100] [3048326] [CRITICAL] WORKER TIMEOUT (pid:118343)
2026-02-23 20:26:44 +01:00: [2026-02-23 20:26:44 +0100] [118343] [ERROR] Error handling request (no URI read)
2026-02-23 20:26:44 +01:00: Traceback (most recent call last):
2026-02-23 20:26:44 +01:00:   File "/opt/Tennis_Booking/venv/lib/python3.12/site-packages/gunicorn/workers/sync.py", line 133, in handle
2026-02-23 20:26:44 +01:00:     req = next(parser)
2026-02-23 20:26:44 +01:00:           ^^^^^^^^^^^^
2026-02-23 20:26:44 +01:00:   File "/opt/Tennis_Booking/venv/lib/python3.12/site-packages/gunicorn/http/parser.py", line 41, in __next__
2026-02-23 20:26:44 +01:00:     self.mesg = self.mesg_class(self.cfg, self.unreader, self.source_addr, self.req_count)
2026-02-23 20:26:44 +01:00:                 ^^^^^^^^^^^^^^^^^^^^^^^^^^^^^^^^^^^^^^^^^^^^^^^^^^^^^^^^^^^^^^^^^^^^^^^^^^
2026-02-23 20:26:44 +01:00:   File "/opt/Tennis_Booking/venv/lib/python3.12/site-packages/gunicorn/http/message.py", line 259, in __init__
2026-02-23 20:26:44 +01:00:     super().__init__(cfg, unreader, peer_addr)
2026-02-23 20:26:44 +01:00:   File "/opt/Tennis_Booking/venv/lib/python3.12/site-packages/gunicorn/http/message.py", line 60, in __init__
2026-02-23 20:26:44 +01:00:     unused = self.parse(self.unreader)
2026-02-23 20:26:44 +01:00:              ^^^^^^^^^^^^^^^^^^^^^^^^^
2026-02-23 20:26:44 +01:00:   File "/opt/Tennis_Booking/venv/lib/python3.12/site-packages/gunicorn/http/message.py", line 274, in parse
2026-02-23 20:26:44 +01:00:     line, rbuf = self.read_line(unreader, buf, self.limit_request_line)
2026-02-23 20:26:44 +01:00:                  ^^^^^^^^^^^^^^^^^^^^^^^^^^^^^^^^^^^^^^^^^^^^^^^^^^^^^^
2026-02-23 20:26:44 +01:00:   File "/opt/Tennis_Booking/venv/lib/python3.12/site-packages/gunicorn/http/message.py", line 326, in read_line
2026-02-23 20:26:44 +01:00:     self.get_data(unreader, buf)
2026-02-23 20:26:44 +01:00:   File "/opt/Tennis_Booking/venv/lib/python3.12/site-packages/gunicorn/http/message.py", line 262, in get_data
2026-02-23 20:26:44 +01:00:     data = unreader.read()
2026-02-23 20:26:44 +01:00:            ^^^^^^^^^^^^^^^
2026-02-23 20:26:44 +01:00:   File "/opt/Tennis_Booking/venv/lib/python3.12/site-packages/gunicorn/http/unreader.py", line 36, in read
2026-02-23 20:26:44 +01:00:     d = self.chunk()
2026-02-23 20:26:44 +01:00:         ^^^^^^^^^^^^
2026-02-23 20:26:44 +01:00:   File "/opt/Tennis_Booking/venv/lib/python3.12/site-packages/gunicorn/http/unreader.py", line 63, in chunk
2026-02-23 20:26:44 +01:00:     return self.sock.recv(self.mxchunk)
2026-02-23 20:26:44 +01:00:            ^^^^^^^^^^^^^^^^^^^^^^^^^^^^
2026-02-23 20:26:44 +01:00:   File "/opt/Tennis_Booking/venv/lib/python3.12/site-packages/gunicorn/workers/base.py", line 204, in handle_abort
2026-02-23 20:26:44 +01:00:     sys.exit(1)
2026-02-23 20:26:44 +01:00: SystemExit: 1
2026-02-23 20:26:44 +01:00: [2026-02-23 20:26:44 +0100] [118343] [INFO] Worker exiting (pid: 118343)
2026-02-23 20:26:44 +01:00: [2026-02-23 20:26:44 +0100] [120206] [INFO] Booting worker with pid: 120206
2026-02-24 09:33:46 +01:00: [2026-02-24 09:33:46 +0100] [3048326] [CRITICAL] WORKER TIMEOUT (pid:120206)
2026-02-24 09:33:46 +01:00: [2026-02-24 09:33:46 +0100] [120206] [ERROR] Error handling request (no URI read)
2026-02-24 09:33:46 +01:00: Traceback (most recent call last):
2026-02-24 09:33:46 +01:00:   File "/opt/Tennis_Booking/venv/lib/python3.12/site-packages/gunicorn/workers/sync.py", line 133, in handle
2026-02-24 09:33:46 +01:00:     req = next(parser)
2026-02-24 09:33:46 +01:00:           ^^^^^^^^^^^^
2026-02-24 09:33:46 +01:00:   File "/opt/Tennis_Booking/venv/lib/python3.12/site-packages/gunicorn/http/parser.py", line 41, in __next__
2026-02-24 09:33:46 +01:00:     self.mesg = self.mesg_class(self.cfg, self.unreader, self.source_addr, self.req_count)
2026-02-24 09:33:46 +01:00:                 ^^^^^^^^^^^^^^^^^^^^^^^^^^^^^^^^^^^^^^^^^^^^^^^^^^^^^^^^^^^^^^^^^^^^^^^^^^
2026-02-24 09:33:46 +01:00:   File "/opt/Tennis_Booking/venv/lib/python3.12/site-packages/gunicorn/http/message.py", line 259, in __init__
2026-02-24 09:33:46 +01:00:     super().__init__(cfg, unreader, peer_addr)
2026-02-24 09:33:46 +01:00:   File "/opt/Tennis_Booking/venv/lib/python3.12/site-packages/gunicorn/http/message.py", line 60, in __init__
2026-02-24 09:33:46 +01:00:     unused = self.parse(self.unreader)
2026-02-24 09:33:46 +01:00:              ^^^^^^^^^^^^^^^^^^^^^^^^^
2026-02-24 09:33:46 +01:00:   File "/opt/Tennis_Booking/venv/lib/python3.12/site-packages/gunicorn/http/message.py", line 274, in parse
2026-02-24 09:33:46 +01:00:     line, rbuf = self.read_line(unreader, buf, self.limit_request_line)
2026-02-24 09:33:46 +01:00:                  ^^^^^^^^^^^^^^^^^^^^^^^^^^^^^^^^^^^^^^^^^^^^^^^^^^^^^^
2026-02-24 09:33:46 +01:00:   File "/opt/Tennis_Booking/venv/lib/python3.12/site-packages/gunicorn/http/message.py", line 326, in read_line
2026-02-24 09:33:46 +01:00:     self.get_data(unreader, buf)
2026-02-24 09:33:46 +01:00:   File "/opt/Tennis_Booking/venv/lib/python3.12/site-packages/gunicorn/http/message.py", line 262, in get_data
2026-02-24 09:33:46 +01:00:     data = unreader.read()
2026-02-24 09:33:46 +01:00:            ^^^^^^^^^^^^^^^
2026-02-24 09:33:46 +01:00:   File "/opt/Tennis_Booking/venv/lib/python3.12/site-packages/gunicorn/http/unreader.py", line 36, in read
2026-02-24 09:33:46 +01:00:     d = self.chunk()
2026-02-24 09:33:46 +01:00:         ^^^^^^^^^^^^
2026-02-24 09:33:46 +01:00:   File "/opt/Tennis_Booking/venv/lib/python3.12/site-packages/gunicorn/http/unreader.py", line 63, in chunk
2026-02-24 09:33:46 +01:00:     return self.sock.recv(self.mxchunk)
2026-02-24 09:33:46 +01:00:            ^^^^^^^^^^^^^^^^^^^^^^^^^^^^
2026-02-24 09:33:46 +01:00:   File "/opt/Tennis_Booking/venv/lib/python3.12/site-packages/gunicorn/workers/base.py", line 204, in handle_abort
2026-02-24 09:33:46 +01:00:     sys.exit(1)
2026-02-24 09:33:46 +01:00: SystemExit: 1
2026-02-24 09:33:46 +01:00: [2026-02-24 09:33:46 +0100] [120206] [INFO] Worker exiting (pid: 120206)
2026-02-24 09:33:46 +01:00: [2026-02-24 09:33:46 +0100] [136322] [INFO] Booting worker with pid: 136322
2026-02-24 11:27:55 +01:00: [2026-02-24 11:27:55 +0100] [136322] [WARNING] Invalid request from ip=3.129.187.38: Invalid HTTP request line: 'SSH-2.0-Go'
2026-02-24 15:51:28 +01:00: [2026-02-24 15:51:28 +0100] [136322] [WARNING] Invalid request from ip=206.168.34.208: Invalid HTTP Version: (2, 0)
2026-02-24 21:36:43 +01:00: [2026-02-24 21:36:43 +0100] [136322] [WARNING] Invalid request from ip=80.66.83.43: Invalid HTTP request line: '\x03\x00\x00/*à\x00\x00\x00\x00\x00Cookie: mstshash=Administr'
2026-02-25 10:38:23 +01:00: [2026-02-25 10:38:23 +0100] [119883] [WARNING] Invalid request from ip=16.58.56.214: Invalid HTTP request line: 'SSH-2.0-Go'
2026-02-25 11:35:46 +01:00: [2026-02-25 11:35:46 +0100] [3048326] [CRITICAL] WORKER TIMEOUT (pid:119883)
2026-02-25 11:35:46 +01:00: [2026-02-25 11:35:46 +0100] [119883] [ERROR] Error handling request (no URI read)
2026-02-25 11:35:46 +01:00: Traceback (most recent call last):
2026-02-25 11:35:46 +01:00:   File "/opt/Tennis_Booking/venv/lib/python3.12/site-packages/gunicorn/workers/sync.py", line 133, in handle
2026-02-25 11:35:46 +01:00:     req = next(parser)
2026-02-25 11:35:46 +01:00:           ^^^^^^^^^^^^
2026-02-25 11:35:46 +01:00:   File "/opt/Tennis_Booking/venv/lib/python3.12/site-packages/gunicorn/http/parser.py", line 41, in __next__
2026-02-25 11:35:46 +01:00:     self.mesg = self.mesg_class(self.cfg, self.unreader, self.source_addr, self.req_count)
2026-02-25 11:35:46 +01:00:                 ^^^^^^^^^^^^^^^^^^^^^^^^^^^^^^^^^^^^^^^^^^^^^^^^^^^^^^^^^^^^^^^^^^^^^^^^^^
2026-02-25 11:35:46 +01:00:   File "/opt/Tennis_Booking/venv/lib/python3.12/site-packages/gunicorn/http/message.py", line 259, in __init__
2026-02-25 11:35:46 +01:00:     super().__init__(cfg, unreader, peer_addr)
2026-02-25 11:35:46 +01:00:   File "/opt/Tennis_Booking/venv/lib/python3.12/site-packages/gunicorn/http/message.py", line 60, in __init__
2026-02-25 11:35:46 +01:00:     unused = self.parse(self.unreader)
2026-02-25 11:35:46 +01:00:              ^^^^^^^^^^^^^^^^^^^^^^^^^
2026-02-25 11:35:46 +01:00:   File "/opt/Tennis_Booking/venv/lib/python3.12/site-packages/gunicorn/http/message.py", line 274, in parse
2026-02-25 11:35:46 +01:00:     line, rbuf = self.read_line(unreader, buf, self.limit_request_line)
2026-02-25 11:35:46 +01:00:                  ^^^^^^^^^^^^^^^^^^^^^^^^^^^^^^^^^^^^^^^^^^^^^^^^^^^^^^
2026-02-25 11:35:46 +01:00:   File "/opt/Tennis_Booking/venv/lib/python3.12/site-packages/gunicorn/http/message.py", line 326, in read_line
2026-02-25 11:35:46 +01:00:     self.get_data(unreader, buf)
2026-02-25 11:35:46 +01:00:   File "/opt/Tennis_Booking/venv/lib/python3.12/site-packages/gunicorn/http/message.py", line 262, in get_data
2026-02-25 11:35:46 +01:00:     data = unreader.read()
2026-02-25 11:35:46 +01:00:            ^^^^^^^^^^^^^^^
2026-02-25 11:35:46 +01:00:   File "/opt/Tennis_Booking/venv/lib/python3.12/site-packages/gunicorn/http/unreader.py", line 36, in read
2026-02-25 11:35:46 +01:00:     d = self.chunk()
2026-02-25 11:35:46 +01:00:         ^^^^^^^^^^^^
2026-02-25 11:35:46 +01:00:   File "/opt/Tennis_Booking/venv/lib/python3.12/site-packages/gunicorn/http/unreader.py", line 63, in chunk
2026-02-25 11:35:46 +01:00:     return self.sock.recv(self.mxchunk)
2026-02-25 11:35:46 +01:00:            ^^^^^^^^^^^^^^^^^^^^^^^^^^^^
2026-02-25 11:35:46 +01:00:   File "/opt/Tennis_Booking/venv/lib/python3.12/site-packages/gunicorn/workers/base.py", line 204, in handle_abort
2026-02-25 11:35:46 +01:00:     sys.exit(1)
2026-02-25 11:35:46 +01:00: SystemExit: 1
2026-02-25 11:35:46 +01:00: [2026-02-25 11:35:46 +0100] [119883] [INFO] Worker exiting (pid: 119883)
2026-02-25 11:35:46 +01:00: [2026-02-25 11:35:46 +0100] [174964] [INFO] Booting worker with pid: 174964
2026-02-25 12:12:48 +01:00: [2026-02-25 12:12:48 +0100] [3048326] [CRITICAL] WORKER TIMEOUT (pid:174964)
2026-02-25 12:12:48 +01:00: [2026-02-25 12:12:48 +0100] [174964] [ERROR] Error handling request (no URI read)
2026-02-25 12:12:48 +01:00: Traceback (most recent call last):
2026-02-25 12:12:48 +01:00:   File "/opt/Tennis_Booking/venv/lib/python3.12/site-packages/gunicorn/workers/sync.py", line 133, in handle
2026-02-25 12:12:48 +01:00:     req = next(parser)
2026-02-25 12:12:48 +01:00:           ^^^^^^^^^^^^
2026-02-25 12:12:48 +01:00:   File "/opt/Tennis_Booking/venv/lib/python3.12/site-packages/gunicorn/http/parser.py", line 41, in __next__
2026-02-25 12:12:48 +01:00:     self.mesg = self.mesg_class(self.cfg, self.unreader, self.source_addr, self.req_count)
2026-02-25 12:12:48 +01:00:                 ^^^^^^^^^^^^^^^^^^^^^^^^^^^^^^^^^^^^^^^^^^^^^^^^^^^^^^^^^^^^^^^^^^^^^^^^^^
2026-02-25 12:12:48 +01:00:   File "/opt/Tennis_Booking/venv/lib/python3.12/site-packages/gunicorn/http/message.py", line 259, in __init__
2026-02-25 12:12:48 +01:00:     super().__init__(cfg, unreader, peer_addr)
2026-02-25 12:12:48 +01:00:   File "/opt/Tennis_Booking/venv/lib/python3.12/site-packages/gunicorn/http/message.py", line 60, in __init__
2026-02-25 12:12:48 +01:00:     unused = self.parse(self.unreader)
2026-02-25 12:12:48 +01:00:              ^^^^^^^^^^^^^^^^^^^^^^^^^
2026-02-25 12:12:48 +01:00:   File "/opt/Tennis_Booking/venv/lib/python3.12/site-packages/gunicorn/http/message.py", line 274, in parse
2026-02-25 12:12:48 +01:00:     line, rbuf = self.read_line(unreader, buf, self.limit_request_line)
2026-02-25 12:12:48 +01:00:                  ^^^^^^^^^^^^^^^^^^^^^^^^^^^^^^^^^^^^^^^^^^^^^^^^^^^^^^
2026-02-25 12:12:48 +01:00:   File "/opt/Tennis_Booking/venv/lib/python3.12/site-packages/gunicorn/http/message.py", line 326, in read_line
2026-02-25 12:12:48 +01:00:     self.get_data(unreader, buf)
2026-02-25 12:12:48 +01:00:   File "/opt/Tennis_Booking/venv/lib/python3.12/site-packages/gunicorn/http/message.py", line 262, in get_data
2026-02-25 12:12:48 +01:00:     data = unreader.read()
2026-02-25 12:12:48 +01:00:            ^^^^^^^^^^^^^^^
2026-02-25 12:12:48 +01:00:   File "/opt/Tennis_Booking/venv/lib/python3.12/site-packages/gunicorn/http/unreader.py", line 36, in read
2026-02-25 12:12:48 +01:00:     d = self.chunk()
2026-02-25 12:12:48 +01:00:         ^^^^^^^^^^^^
2026-02-25 12:12:48 +01:00:   File "/opt/Tennis_Booking/venv/lib/python3.12/site-packages/gunicorn/http/unreader.py", line 63, in chunk
2026-02-25 12:12:48 +01:00:     return self.sock.recv(self.mxchunk)
2026-02-25 12:12:48 +01:00:            ^^^^^^^^^^^^^^^^^^^^^^^^^^^^
2026-02-25 12:12:48 +01:00:   File "/opt/Tennis_Booking/venv/lib/python3.12/site-packages/gunicorn/workers/base.py", line 204, in handle_abort
2026-02-25 12:12:48 +01:00:     sys.exit(1)
2026-02-25 12:12:48 +01:00: SystemExit: 1
2026-02-25 12:12:48 +01:00: [2026-02-25 12:12:48 +0100] [174964] [INFO] Worker exiting (pid: 174964)
2026-02-25 12:12:48 +01:00: [2026-02-25 12:12:48 +0100] [175811] [INFO] Booting worker with pid: 175811
2026-02-25 16:53:56 +01:00: [2026-02-25 16:53:56 +0100] [136322] [WARNING] Invalid request from ip=162.142.125.221: Invalid HTTP Version: (2, 0)
2026-02-25 20:15:12 +01:00: [2026-02-25 20:15:12 +0100] [136322] [WARNING] Invalid request from ip=141.98.11.83: Invalid HTTP request line: 'SSH-2.0-libssh2_1.8.2'
2026-02-26 01:58:25 +01:00: [2026-02-26 01:58:25 +0100] [3048326] [CRITICAL] WORKER TIMEOUT (pid:136322)
2026-02-26 01:58:25 +01:00: [2026-02-26 01:58:25 +0100] [136322] [ERROR] Error handling request (no URI read)
2026-02-26 01:58:25 +01:00: Traceback (most recent call last):
2026-02-26 01:58:25 +01:00:   File "/opt/Tennis_Booking/venv/lib/python3.12/site-packages/gunicorn/workers/sync.py", line 133, in handle
2026-02-26 01:58:25 +01:00:     req = next(parser)
2026-02-26 01:58:25 +01:00:           ^^^^^^^^^^^^
2026-02-26 01:58:25 +01:00:   File "/opt/Tennis_Booking/venv/lib/python3.12/site-packages/gunicorn/http/parser.py", line 41, in __next__
2026-02-26 01:58:25 +01:00:     self.mesg = self.mesg_class(self.cfg, self.unreader, self.source_addr, self.req_count)
2026-02-26 01:58:25 +01:00:                 ^^^^^^^^^^^^^^^^^^^^^^^^^^^^^^^^^^^^^^^^^^^^^^^^^^^^^^^^^^^^^^^^^^^^^^^^^^
2026-02-26 01:58:25 +01:00:   File "/opt/Tennis_Booking/venv/lib/python3.12/site-packages/gunicorn/http/message.py", line 259, in __init__
2026-02-26 01:58:25 +01:00:     super().__init__(cfg, unreader, peer_addr)
2026-02-26 01:58:25 +01:00:   File "/opt/Tennis_Booking/venv/lib/python3.12/site-packages/gunicorn/http/message.py", line 60, in __init__
2026-02-26 01:58:25 +01:00:     unused = self.parse(self.unreader)
2026-02-26 01:58:25 +01:00:              ^^^^^^^^^^^^^^^^^^^^^^^^^
2026-02-26 01:58:25 +01:00:   File "/opt/Tennis_Booking/venv/lib/python3.12/site-packages/gunicorn/http/message.py", line 274, in parse
2026-02-26 01:58:25 +01:00:     line, rbuf = self.read_line(unreader, buf, self.limit_request_line)
2026-02-26 01:58:25 +01:00:                  ^^^^^^^^^^^^^^^^^^^^^^^^^^^^^^^^^^^^^^^^^^^^^^^^^^^^^^
2026-02-26 01:58:25 +01:00:   File "/opt/Tennis_Booking/venv/lib/python3.12/site-packages/gunicorn/http/message.py", line 326, in read_line
2026-02-26 01:58:25 +01:00:     self.get_data(unreader, buf)
2026-02-26 01:58:25 +01:00:   File "/opt/Tennis_Booking/venv/lib/python3.12/site-packages/gunicorn/http/message.py", line 262, in get_data
2026-02-26 01:58:25 +01:00:     data = unreader.read()
2026-02-26 01:58:25 +01:00:            ^^^^^^^^^^^^^^^
2026-02-26 01:58:25 +01:00:   File "/opt/Tennis_Booking/venv/lib/python3.12/site-packages/gunicorn/http/unreader.py", line 36, in read
2026-02-26 01:58:25 +01:00:     d = self.chunk()
2026-02-26 01:58:25 +01:00:         ^^^^^^^^^^^^
2026-02-26 01:58:25 +01:00:   File "/opt/Tennis_Booking/venv/lib/python3.12/site-packages/gunicorn/http/unreader.py", line 63, in chunk
2026-02-26 01:58:25 +01:00:     return self.sock.recv(self.mxchunk)
2026-02-26 01:58:25 +01:00:            ^^^^^^^^^^^^^^^^^^^^^^^^^^^^
2026-02-26 01:58:25 +01:00:   File "/opt/Tennis_Booking/venv/lib/python3.12/site-packages/gunicorn/workers/base.py", line 204, in handle_abort
2026-02-26 01:58:25 +01:00:     sys.exit(1)
2026-02-26 01:58:25 +01:00: SystemExit: 1
2026-02-26 01:58:25 +01:00: [2026-02-26 01:58:25 +0100] [136322] [INFO] Worker exiting (pid: 136322)
2026-02-26 01:58:25 +01:00: [2026-02-26 01:58:25 +0100] [189334] [INFO] Booting worker with pid: 189334
2026-02-26 06:05:26 +01:00: [2026-02-26 06:05:26 +0100] [175811] [WARNING] Invalid request from ip=185.196.11.229: Invalid HTTP request line: 'SSH-2.0-libssh2_1.8.2'
2026-02-26 10:39:03 +01:00: [2026-02-26 10:39:03 +0100] [175811] [WARNING] Invalid request from ip=16.58.56.214: Invalid HTTP request line: 'SSH-2.0-Go'
2026-02-26 12:20:38 +01:00: [2026-02-26 12:20:38 +0100] [189334] [WARNING] Invalid request from ip=172.235.173.150: Invalid HTTP request line: ''
2026-02-26 12:20:38 +01:00: [2026-02-26 12:20:38 +0100] [189334] [WARNING] Invalid request from ip=172.235.173.150: Invalid HTTP Version: 'RTSP/1.0'
2026-02-26 12:20:53 +01:00: [2026-02-26 12:20:53 +0100] [175811] [WARNING] Invalid request from ip=172.235.173.150: Invalid HTTP request line: 'HELP'
2026-02-26 12:20:58 +01:00: [2026-02-26 12:20:58 +0100] [189334] [WARNING] Invalid request from ip=172.235.173.150: Invalid HTTP request line: '\x03\x00\x00*%à\x00\x00\x00\x00\x00Cookie: mstshash=nmap'
2026-02-26 12:21:34 +01:00: [2026-02-26 12:21:34 +0100] [175811] [WARNING] Invalid request from ip=172.235.173.150: Invalid HTTP Version: 'SIP/2.0'
2026-02-26 14:17:07 +01:00: [2026-02-26 14:17:07 +0100] [175811] [WARNING] Invalid request from ip=162.142.125.213: Invalid HTTP Version: (2, 0)
2026-02-26 21:42:21 +01:00: [2026-02-26 21:42:21 +0100] [189334] [WARNING] Invalid request from ip=170.187.158.33: Invalid HTTP request line: ''
2026-02-26 23:23:30 +01:00: [2026-02-26 23:23:30 +0100] [3048326] [CRITICAL] WORKER TIMEOUT (pid:175811)
2026-02-26 23:23:30 +01:00: [2026-02-26 23:23:30 +0100] [175811] [ERROR] Error handling request (no URI read)
2026-02-26 23:23:30 +01:00: Traceback (most recent call last):
2026-02-26 23:23:30 +01:00:   File "/opt/Tennis_Booking/venv/lib/python3.12/site-packages/gunicorn/workers/sync.py", line 133, in handle
2026-02-26 23:23:30 +01:00:     req = next(parser)
2026-02-26 23:23:30 +01:00:           ^^^^^^^^^^^^
2026-02-26 23:23:30 +01:00:   File "/opt/Tennis_Booking/venv/lib/python3.12/site-packages/gunicorn/http/parser.py", line 41, in __next__
2026-02-26 23:23:30 +01:00:     self.mesg = self.mesg_class(self.cfg, self.unreader, self.source_addr, self.req_count)
2026-02-26 23:23:30 +01:00:                 ^^^^^^^^^^^^^^^^^^^^^^^^^^^^^^^^^^^^^^^^^^^^^^^^^^^^^^^^^^^^^^^^^^^^^^^^^^
2026-02-26 23:23:30 +01:00:   File "/opt/Tennis_Booking/venv/lib/python3.12/site-packages/gunicorn/http/message.py", line 259, in __init__
2026-02-26 23:23:30 +01:00:     super().__init__(cfg, unreader, peer_addr)
2026-02-26 23:23:30 +01:00:   File "/opt/Tennis_Booking/venv/lib/python3.12/site-packages/gunicorn/http/message.py", line 60, in __init__
2026-02-26 23:23:30 +01:00:     unused = self.parse(self.unreader)
2026-02-26 23:23:30 +01:00:              ^^^^^^^^^^^^^^^^^^^^^^^^^
2026-02-26 23:23:30 +01:00:   File "/opt/Tennis_Booking/venv/lib/python3.12/site-packages/gunicorn/http/message.py", line 274, in parse
2026-02-26 23:23:30 +01:00:     line, rbuf = self.read_line(unreader, buf, self.limit_request_line)
2026-02-26 23:23:30 +01:00:                  ^^^^^^^^^^^^^^^^^^^^^^^^^^^^^^^^^^^^^^^^^^^^^^^^^^^^^^
2026-02-26 23:23:30 +01:00:   File "/opt/Tennis_Booking/venv/lib/python3.12/site-packages/gunicorn/http/message.py", line 326, in read_line
2026-02-26 23:23:30 +01:00:     self.get_data(unreader, buf)
2026-02-26 23:23:30 +01:00:   File "/opt/Tennis_Booking/venv/lib/python3.12/site-packages/gunicorn/http/message.py", line 262, in get_data
2026-02-26 23:23:30 +01:00:     data = unreader.read()
2026-02-26 23:23:30 +01:00:            ^^^^^^^^^^^^^^^
2026-02-26 23:23:30 +01:00:   File "/opt/Tennis_Booking/venv/lib/python3.12/site-packages/gunicorn/http/unreader.py", line 36, in read
2026-02-26 23:23:30 +01:00:     d = self.chunk()
2026-02-26 23:23:30 +01:00:         ^^^^^^^^^^^^
2026-02-26 23:23:30 +01:00:   File "/opt/Tennis_Booking/venv/lib/python3.12/site-packages/gunicorn/http/unreader.py", line 63, in chunk
2026-02-26 23:23:30 +01:00:     return self.sock.recv(self.mxchunk)
2026-02-26 23:23:30 +01:00:            ^^^^^^^^^^^^^^^^^^^^^^^^^^^^
2026-02-26 23:23:30 +01:00:   File "/opt/Tennis_Booking/venv/lib/python3.12/site-packages/gunicorn/workers/base.py", line 204, in handle_abort
2026-02-26 23:23:30 +01:00:     sys.exit(1)
2026-02-26 23:23:30 +01:00: SystemExit: 1
2026-02-26 23:23:30 +01:00: [2026-02-26 23:23:30 +0100] [175811] [INFO] Worker exiting (pid: 175811)
2026-02-26 23:23:30 +01:00: [2026-02-26 23:23:30 +0100] [219251] [INFO] Booting worker with pid: 219251
2026-02-26 23:47:51 +01:00: [2026-02-26 23:47:51 +0100] [219251] [WARNING] Invalid request from ip=141.98.11.83: Invalid HTTP request line: 'SSH-2.0-libssh2_1.8.2'
2026-02-27 11:45:55 +01:00: [2026-02-27 11:45:55 +0100] [219251] [WARNING] Invalid request from ip=3.129.187.38: Invalid HTTP request line: 'SSH-2.0-Go'
2026-02-27 15:00:50 +01:00: [2026-02-27 15:00:50 +0100] [219251] [WARNING] Invalid request from ip=167.94.138.119: Invalid HTTP Version: (2, 0)
2026-02-27 15:47:52 +01:00: [2026-02-27 15:47:52 +0100] [189334] [WARNING] Invalid request from ip=66.132.153.130: Invalid HTTP Version: (2, 0)
2026-02-27 16:40:56 +01:00: [2026-02-27 16:40:56 +0100] [189334] [WARNING] Invalid request from ip=45.141.233.195: Invalid HTTP request line: '\x03\x00\x00/*à\x00\x00\x00\x00\x00Cookie: mstshash=Administr'
2026-02-28 00:11:24 +01:00: [2026-02-28 00:11:24 +0100] [3048326] [CRITICAL] WORKER TIMEOUT (pid:219251)
2026-02-28 00:11:24 +01:00: [2026-02-28 00:11:24 +0100] [219251] [ERROR] Error handling request (no URI read)
2026-02-28 00:11:24 +01:00: Traceback (most recent call last):
2026-02-28 00:11:24 +01:00:   File "/opt/Tennis_Booking/venv/lib/python3.12/site-packages/gunicorn/workers/sync.py", line 133, in handle
2026-02-28 00:11:24 +01:00:     req = next(parser)
2026-02-28 00:11:24 +01:00:           ^^^^^^^^^^^^
2026-02-28 00:11:24 +01:00:   File "/opt/Tennis_Booking/venv/lib/python3.12/site-packages/gunicorn/http/parser.py", line 41, in __next__
2026-02-28 00:11:24 +01:00:     self.mesg = self.mesg_class(self.cfg, self.unreader, self.source_addr, self.req_count)
2026-02-28 00:11:24 +01:00:                 ^^^^^^^^^^^^^^^^^^^^^^^^^^^^^^^^^^^^^^^^^^^^^^^^^^^^^^^^^^^^^^^^^^^^^^^^^^
2026-02-28 00:11:24 +01:00:   File "/opt/Tennis_Booking/venv/lib/python3.12/site-packages/gunicorn/http/message.py", line 259, in __init__
2026-02-28 00:11:24 +01:00:     super().__init__(cfg, unreader, peer_addr)
2026-02-28 00:11:24 +01:00:   File "/opt/Tennis_Booking/venv/lib/python3.12/site-packages/gunicorn/http/message.py", line 60, in __init__
2026-02-28 00:11:24 +01:00:     unused = self.parse(self.unreader)
2026-02-28 00:11:24 +01:00:              ^^^^^^^^^^^^^^^^^^^^^^^^^
2026-02-28 00:11:24 +01:00:   File "/opt/Tennis_Booking/venv/lib/python3.12/site-packages/gunicorn/http/message.py", line 274, in parse
2026-02-28 00:11:24 +01:00:     line, rbuf = self.read_line(unreader, buf, self.limit_request_line)
2026-02-28 00:11:24 +01:00:                  ^^^^^^^^^^^^^^^^^^^^^^^^^^^^^^^^^^^^^^^^^^^^^^^^^^^^^^
2026-02-28 00:11:24 +01:00:   File "/opt/Tennis_Booking/venv/lib/python3.12/site-packages/gunicorn/http/message.py", line 326, in read_line
2026-02-28 00:11:24 +01:00:     self.get_data(unreader, buf)
2026-02-28 00:11:24 +01:00:   File "/opt/Tennis_Booking/venv/lib/python3.12/site-packages/gunicorn/http/message.py", line 262, in get_data
2026-02-28 00:11:24 +01:00:     data = unreader.read()
2026-02-28 00:11:24 +01:00:            ^^^^^^^^^^^^^^^
2026-02-28 00:11:24 +01:00:   File "/opt/Tennis_Booking/venv/lib/python3.12/site-packages/gunicorn/http/unreader.py", line 36, in read
2026-02-28 00:11:24 +01:00:     d = self.chunk()
2026-02-28 00:11:24 +01:00:         ^^^^^^^^^^^^
2026-02-28 00:11:24 +01:00:   File "/opt/Tennis_Booking/venv/lib/python3.12/site-packages/gunicorn/http/unreader.py", line 63, in chunk
2026-02-28 00:11:24 +01:00:     return self.sock.recv(self.mxchunk)
2026-02-28 00:11:24 +01:00:            ^^^^^^^^^^^^^^^^^^^^^^^^^^^^
2026-02-28 00:11:24 +01:00:   File "/opt/Tennis_Booking/venv/lib/python3.12/site-packages/gunicorn/workers/base.py", line 204, in handle_abort
2026-02-28 00:11:24 +01:00:     sys.exit(1)
2026-02-28 00:11:24 +01:00: SystemExit: 1
2026-02-28 00:11:24 +01:00: [2026-02-28 00:11:24 +0100] [219251] [INFO] Worker exiting (pid: 219251)
2026-02-28 00:11:25 +01:00: [2026-02-28 00:11:25 +0100] [247369] [INFO] Booting worker with pid: 247369
2026-02-28 10:59:36 +01:00: [2026-02-28 10:59:36 +0100] [247369] [WARNING] Invalid request from ip=18.218.118.203: Invalid HTTP request line: 'SSH-2.0-Go'
2026-02-28 14:46:35 +01:00: [2026-02-28 14:46:35 +0100] [189334] [WARNING] Invalid request from ip=3.132.26.232: Invalid HTTP request line: 'SSH-2.0-Go'
2026-02-28 16:57:34 +01:00: [2026-02-28 16:57:34 +0100] [247369] [WARNING] Invalid request from ip=167.94.138.201: Invalid HTTP Version: (2, 0)
2026-02-28 19:25:58 +01:00: [2026-02-28 19:25:58 +0100] [189334] [WARNING] Invalid request from ip=95.214.55.230: Invalid HTTP Version: (2, 0)
2026-03-01 03:48:30 +01:00: [2026-03-01 03:48:30 +0100] [3048326] [CRITICAL] WORKER TIMEOUT (pid:247369)
2026-03-01 03:48:30 +01:00: [2026-03-01 03:48:30 +0100] [247369] [ERROR] Error handling request (no URI read)
2026-03-01 03:48:30 +01:00: Traceback (most recent call last):
2026-03-01 03:48:30 +01:00:   File "/opt/Tennis_Booking/venv/lib/python3.12/site-packages/gunicorn/workers/sync.py", line 133, in handle
2026-03-01 03:48:30 +01:00:     req = next(parser)
2026-03-01 03:48:30 +01:00:           ^^^^^^^^^^^^
2026-03-01 03:48:30 +01:00:   File "/opt/Tennis_Booking/venv/lib/python3.12/site-packages/gunicorn/http/parser.py", line 41, in __next__
2026-03-01 03:48:30 +01:00:     self.mesg = self.mesg_class(self.cfg, self.unreader, self.source_addr, self.req_count)
2026-03-01 03:48:30 +01:00:                 ^^^^^^^^^^^^^^^^^^^^^^^^^^^^^^^^^^^^^^^^^^^^^^^^^^^^^^^^^^^^^^^^^^^^^^^^^^
2026-03-01 03:48:30 +01:00:   File "/opt/Tennis_Booking/venv/lib/python3.12/site-packages/gunicorn/http/message.py", line 259, in __init__
2026-03-01 03:48:30 +01:00:     super().__init__(cfg, unreader, peer_addr)
2026-03-01 03:48:30 +01:00:   File "/opt/Tennis_Booking/venv/lib/python3.12/site-packages/gunicorn/http/message.py", line 60, in __init__
2026-03-01 03:48:30 +01:00:     unused = self.parse(self.unreader)
2026-03-01 03:48:30 +01:00:              ^^^^^^^^^^^^^^^^^^^^^^^^^
2026-03-01 03:48:30 +01:00:   File "/opt/Tennis_Booking/venv/lib/python3.12/site-packages/gunicorn/http/message.py", line 274, in parse
2026-03-01 03:48:30 +01:00:     line, rbuf = self.read_line(unreader, buf, self.limit_request_line)
2026-03-01 03:48:30 +01:00:                  ^^^^^^^^^^^^^^^^^^^^^^^^^^^^^^^^^^^^^^^^^^^^^^^^^^^^^^
2026-03-01 03:48:30 +01:00:   File "/opt/Tennis_Booking/venv/lib/python3.12/site-packages/gunicorn/http/message.py", line 326, in read_line
2026-03-01 03:48:30 +01:00:     self.get_data(unreader, buf)
2026-03-01 03:48:30 +01:00:   File "/opt/Tennis_Booking/venv/lib/python3.12/site-packages/gunicorn/http/message.py", line 262, in get_data
2026-03-01 03:48:30 +01:00:     data = unreader.read()
2026-03-01 03:48:30 +01:00:            ^^^^^^^^^^^^^^^
2026-03-01 03:48:30 +01:00:   File "/opt/Tennis_Booking/venv/lib/python3.12/site-packages/gunicorn/http/unreader.py", line 36, in read
2026-03-01 03:48:30 +01:00:     d = self.chunk()
2026-03-01 03:48:30 +01:00:         ^^^^^^^^^^^^
2026-03-01 03:48:30 +01:00:   File "/opt/Tennis_Booking/venv/lib/python3.12/site-packages/gunicorn/http/unreader.py", line 63, in chunk
2026-03-01 03:48:30 +01:00:     return self.sock.recv(self.mxchunk)
2026-03-01 03:48:30 +01:00:            ^^^^^^^^^^^^^^^^^^^^^^^^^^^^
2026-03-01 03:48:30 +01:00:   File "/opt/Tennis_Booking/venv/lib/python3.12/site-packages/gunicorn/workers/base.py", line 204, in handle_abort
2026-03-01 03:48:30 +01:00:     sys.exit(1)
2026-03-01 03:48:30 +01:00: SystemExit: 1
2026-03-01 03:48:30 +01:00: [2026-03-01 03:48:30 +0100] [247369] [INFO] Worker exiting (pid: 247369)
2026-03-01 03:48:30 +01:00: [2026-03-01 03:48:30 +0100] [295810] [INFO] Booting worker with pid: 295810
2026-03-01 07:53:31 +01:00: [2026-03-01 07:53:31 +0100] [295810] [WARNING] Invalid request from ip=198.98.59.99: Invalid HTTP Version: 'SIP/2.0'
2026-03-01 13:52:37 +01:00: [2026-03-01 13:52:37 +0100] [3048326] [CRITICAL] WORKER TIMEOUT (pid:189334)
2026-03-01 13:52:37 +01:00: [2026-03-01 13:52:37 +0100] [189334] [ERROR] Error handling request (no URI read)
2026-03-01 13:52:37 +01:00: Traceback (most recent call last):
2026-03-01 13:52:37 +01:00:   File "/opt/Tennis_Booking/venv/lib/python3.12/site-packages/gunicorn/workers/sync.py", line 133, in handle
2026-03-01 13:52:37 +01:00:     req = next(parser)
2026-03-01 13:52:37 +01:00:           ^^^^^^^^^^^^
2026-03-01 13:52:37 +01:00:   File "/opt/Tennis_Booking/venv/lib/python3.12/site-packages/gunicorn/http/parser.py", line 41, in __next__
2026-03-01 13:52:37 +01:00:     self.mesg = self.mesg_class(self.cfg, self.unreader, self.source_addr, self.req_count)
2026-03-01 13:52:37 +01:00:                 ^^^^^^^^^^^^^^^^^^^^^^^^^^^^^^^^^^^^^^^^^^^^^^^^^^^^^^^^^^^^^^^^^^^^^^^^^^
2026-03-01 13:52:37 +01:00:   File "/opt/Tennis_Booking/venv/lib/python3.12/site-packages/gunicorn/http/message.py", line 259, in __init__
2026-03-01 13:52:37 +01:00:     super().__init__(cfg, unreader, peer_addr)
2026-03-01 13:52:37 +01:00:   File "/opt/Tennis_Booking/venv/lib/python3.12/site-packages/gunicorn/http/message.py", line 60, in __init__
2026-03-01 13:52:37 +01:00:     unused = self.parse(self.unreader)
2026-03-01 13:52:37 +01:00:              ^^^^^^^^^^^^^^^^^^^^^^^^^
2026-03-01 13:52:37 +01:00:   File "/opt/Tennis_Booking/venv/lib/python3.12/site-packages/gunicorn/http/message.py", line 274, in parse
2026-03-01 13:52:37 +01:00:     line, rbuf = self.read_line(unreader, buf, self.limit_request_line)
2026-03-01 13:52:37 +01:00:                  ^^^^^^^^^^^^^^^^^^^^^^^^^^^^^^^^^^^^^^^^^^^^^^^^^^^^^^
2026-03-01 13:52:37 +01:00:   File "/opt/Tennis_Booking/venv/lib/python3.12/site-packages/gunicorn/http/message.py", line 326, in read_line
2026-03-01 13:52:37 +01:00:     self.get_data(unreader, buf)
2026-03-01 13:52:37 +01:00:   File "/opt/Tennis_Booking/venv/lib/python3.12/site-packages/gunicorn/http/message.py", line 262, in get_data
2026-03-01 13:52:37 +01:00:     data = unreader.read()
2026-03-01 13:52:37 +01:00:            ^^^^^^^^^^^^^^^
2026-03-01 13:52:37 +01:00:   File "/opt/Tennis_Booking/venv/lib/python3.12/site-packages/gunicorn/http/unreader.py", line 36, in read
2026-03-01 13:52:37 +01:00:     d = self.chunk()
2026-03-01 13:52:37 +01:00:         ^^^^^^^^^^^^
2026-03-01 13:52:37 +01:00:   File "/opt/Tennis_Booking/venv/lib/python3.12/site-packages/gunicorn/http/unreader.py", line 63, in chunk
2026-03-01 13:52:37 +01:00:     return self.sock.recv(self.mxchunk)
2026-03-01 13:52:37 +01:00:            ^^^^^^^^^^^^^^^^^^^^^^^^^^^^
2026-03-01 13:52:37 +01:00:   File "/opt/Tennis_Booking/venv/lib/python3.12/site-packages/gunicorn/workers/base.py", line 204, in handle_abort
2026-03-01 13:52:37 +01:00:     sys.exit(1)
2026-03-01 13:52:37 +01:00: SystemExit: 1
2026-03-01 13:52:37 +01:00: [2026-03-01 13:52:37 +0100] [189334] [INFO] Worker exiting (pid: 189334)
2026-03-01 13:52:37 +01:00: [2026-03-01 13:52:37 +0100] [319137] [INFO] Booting worker with pid: 319137
2026-03-01 15:06:55 +01:00: [2026-03-01 15:06:55 +0100] [295810] [WARNING] Invalid request from ip=162.142.125.211: Invalid HTTP Version: (2, 0)
2026-03-02 08:06:04 +01:00: [2026-03-02 08:06:04 +0100] [3048326] [CRITICAL] WORKER TIMEOUT (pid:295810)
2026-03-02 08:06:04 +01:00: [2026-03-02 08:06:04 +0100] [295810] [ERROR] Error handling request (no URI read)
2026-03-02 08:06:04 +01:00: Traceback (most recent call last):
2026-03-02 08:06:04 +01:00:   File "/opt/Tennis_Booking/venv/lib/python3.12/site-packages/gunicorn/workers/sync.py", line 133, in handle
2026-03-02 08:06:04 +01:00:     req = next(parser)
2026-03-02 08:06:04 +01:00:           ^^^^^^^^^^^^
2026-03-02 08:06:04 +01:00:   File "/opt/Tennis_Booking/venv/lib/python3.12/site-packages/gunicorn/http/parser.py", line 41, in __next__
2026-03-02 08:06:04 +01:00:     self.mesg = self.mesg_class(self.cfg, self.unreader, self.source_addr, self.req_count)
2026-03-02 08:06:04 +01:00:                 ^^^^^^^^^^^^^^^^^^^^^^^^^^^^^^^^^^^^^^^^^^^^^^^^^^^^^^^^^^^^^^^^^^^^^^^^^^
2026-03-02 08:06:04 +01:00:   File "/opt/Tennis_Booking/venv/lib/python3.12/site-packages/gunicorn/http/message.py", line 259, in __init__
2026-03-02 08:06:04 +01:00:     super().__init__(cfg, unreader, peer_addr)
2026-03-02 08:06:04 +01:00:   File "/opt/Tennis_Booking/venv/lib/python3.12/site-packages/gunicorn/http/message.py", line 60, in __init__
2026-03-02 08:06:04 +01:00:     unused = self.parse(self.unreader)
2026-03-02 08:06:04 +01:00:              ^^^^^^^^^^^^^^^^^^^^^^^^^
2026-03-02 08:06:04 +01:00:   File "/opt/Tennis_Booking/venv/lib/python3.12/site-packages/gunicorn/http/message.py", line 274, in parse
2026-03-02 08:06:04 +01:00:     line, rbuf = self.read_line(unreader, buf, self.limit_request_line)
2026-03-02 08:06:04 +01:00:                  ^^^^^^^^^^^^^^^^^^^^^^^^^^^^^^^^^^^^^^^^^^^^^^^^^^^^^^
2026-03-02 08:06:04 +01:00:   File "/opt/Tennis_Booking/venv/lib/python3.12/site-packages/gunicorn/http/message.py", line 326, in read_line
2026-03-02 08:06:04 +01:00:     self.get_data(unreader, buf)
2026-03-02 08:06:04 +01:00:   File "/opt/Tennis_Booking/venv/lib/python3.12/site-packages/gunicorn/http/message.py", line 262, in get_data
2026-03-02 08:06:04 +01:00:     data = unreader.read()
2026-03-02 08:06:04 +01:00:            ^^^^^^^^^^^^^^^
2026-03-02 08:06:04 +01:00:   File "/opt/Tennis_Booking/venv/lib/python3.12/site-packages/gunicorn/http/unreader.py", line 36, in read
2026-03-02 08:06:04 +01:00:     d = self.chunk()
2026-03-02 08:06:04 +01:00:         ^^^^^^^^^^^^
2026-03-02 08:06:04 +01:00:   File "/opt/Tennis_Booking/venv/lib/python3.12/site-packages/gunicorn/http/unreader.py", line 63, in chunk
2026-03-02 08:06:04 +01:00:     return self.sock.recv(self.mxchunk)
2026-03-02 08:06:04 +01:00:            ^^^^^^^^^^^^^^^^^^^^^^^^^^^^
2026-03-02 08:06:04 +01:00:   File "/opt/Tennis_Booking/venv/lib/python3.12/site-packages/gunicorn/workers/base.py", line 204, in handle_abort
2026-03-02 08:06:04 +01:00:     sys.exit(1)
2026-03-02 08:06:04 +01:00: SystemExit: 1
2026-03-02 08:06:04 +01:00: [2026-03-02 08:06:04 +0100] [295810] [INFO] Worker exiting (pid: 295810)
2026-03-02 08:06:04 +01:00: [2026-03-02 08:06:04 +0100] [370330] [INFO] Booting worker with pid: 370330
2026-03-02 14:15:29 +01:00: [2026-03-02 14:15:29 +0100] [319137] [WARNING] Invalid request from ip=3.131.220.121: Invalid HTTP request line: 'SSH-2.0-Go'
2026-03-02 15:47:39 +01:00: [2026-03-02 15:47:39 +0100] [370330] [WARNING] Invalid request from ip=167.94.138.185: Invalid HTTP Version: (2, 0)
2026-03-02 17:37:19 +01:00: [2026-03-02 17:37:19 +0100] [319137] [WARNING] Invalid request from ip=112.124.53.123: Invalid HTTP request line: ''
2026-03-02 23:12:11 +01:00: [2026-03-02 23:12:11 +0100] [3048326] [CRITICAL] WORKER TIMEOUT (pid:370330)
2026-03-02 23:12:11 +01:00: [2026-03-02 23:12:11 +0100] [370330] [ERROR] Error handling request (no URI read)
2026-03-02 23:12:11 +01:00: Traceback (most recent call last):
2026-03-02 23:12:11 +01:00:   File "/opt/Tennis_Booking/venv/lib/python3.12/site-packages/gunicorn/workers/sync.py", line 133, in handle
2026-03-02 23:12:11 +01:00:     req = next(parser)
2026-03-02 23:12:11 +01:00:           ^^^^^^^^^^^^
2026-03-02 23:12:11 +01:00:   File "/opt/Tennis_Booking/venv/lib/python3.12/site-packages/gunicorn/http/parser.py", line 41, in __next__
2026-03-02 23:12:11 +01:00:     self.mesg = self.mesg_class(self.cfg, self.unreader, self.source_addr, self.req_count)
2026-03-02 23:12:11 +01:00:                 ^^^^^^^^^^^^^^^^^^^^^^^^^^^^^^^^^^^^^^^^^^^^^^^^^^^^^^^^^^^^^^^^^^^^^^^^^^
2026-03-02 23:12:11 +01:00:   File "/opt/Tennis_Booking/venv/lib/python3.12/site-packages/gunicorn/http/message.py", line 259, in __init__
2026-03-02 23:12:11 +01:00:     super().__init__(cfg, unreader, peer_addr)
2026-03-02 23:12:11 +01:00:   File "/opt/Tennis_Booking/venv/lib/python3.12/site-packages/gunicorn/http/message.py", line 60, in __init__
2026-03-02 23:12:11 +01:00:     unused = self.parse(self.unreader)
2026-03-02 23:12:11 +01:00:              ^^^^^^^^^^^^^^^^^^^^^^^^^
2026-03-02 23:12:11 +01:00:   File "/opt/Tennis_Booking/venv/lib/python3.12/site-packages/gunicorn/http/message.py", line 274, in parse
2026-03-02 23:12:11 +01:00:     line, rbuf = self.read_line(unreader, buf, self.limit_request_line)
2026-03-02 23:12:11 +01:00:                  ^^^^^^^^^^^^^^^^^^^^^^^^^^^^^^^^^^^^^^^^^^^^^^^^^^^^^^
2026-03-02 23:12:11 +01:00:   File "/opt/Tennis_Booking/venv/lib/python3.12/site-packages/gunicorn/http/message.py", line 326, in read_line
2026-03-02 23:12:11 +01:00:     self.get_data(unreader, buf)
2026-03-02 23:12:11 +01:00:   File "/opt/Tennis_Booking/venv/lib/python3.12/site-packages/gunicorn/http/message.py", line 262, in get_data
2026-03-02 23:12:11 +01:00:     data = unreader.read()
2026-03-02 23:12:11 +01:00:            ^^^^^^^^^^^^^^^
2026-03-02 23:12:11 +01:00:   File "/opt/Tennis_Booking/venv/lib/python3.12/site-packages/gunicorn/http/unreader.py", line 36, in read
2026-03-02 23:12:11 +01:00:     d = self.chunk()
2026-03-02 23:12:11 +01:00:         ^^^^^^^^^^^^
2026-03-02 23:12:11 +01:00:   File "/opt/Tennis_Booking/venv/lib/python3.12/site-packages/gunicorn/http/unreader.py", line 63, in chunk
2026-03-02 23:12:11 +01:00:     return self.sock.recv(self.mxchunk)
2026-03-02 23:12:11 +01:00:            ^^^^^^^^^^^^^^^^^^^^^^^^^^^^
2026-03-02 23:12:11 +01:00:   File "/opt/Tennis_Booking/venv/lib/python3.12/site-packages/gunicorn/workers/base.py", line 204, in handle_abort
2026-03-02 23:12:11 +01:00:     sys.exit(1)
2026-03-02 23:12:11 +01:00: SystemExit: 1
2026-03-02 23:12:11 +01:00: [2026-03-02 23:12:11 +0100] [370330] [INFO] Worker exiting (pid: 370330)
2026-03-02 23:12:11 +01:00: [2026-03-02 23:12:11 +0100] [407090] [INFO] Booting worker with pid: 407090
2026-03-03 02:34:14 +01:00: [2026-03-03 02:34:14 +0100] [407090] [WARNING] Invalid request from ip=141.98.11.83: Invalid HTTP request line: 'SSH-2.0-libssh2_1.8.2'
2026-03-03 13:32:33 +01:00: [2026-03-03 13:32:33 +0100] [319137] [WARNING] Invalid request from ip=18.218.118.203: Invalid HTTP request line: 'SSH-2.0-Go'
2026-03-03 14:32:00 +01:00: [2026-03-03 14:32:00 +0100] [407090] [WARNING] Invalid request from ip=66.132.153.112: Invalid HTTP Version: (2, 0)
2026-03-03 18:32:59 +01:00: [2026-03-03 18:32:59 +0100] [3048326] [CRITICAL] WORKER TIMEOUT (pid:319137)
2026-03-03 18:32:59 +01:00: [2026-03-03 18:32:59 +0100] [319137] [ERROR] Error handling request (no URI read)
2026-03-03 18:32:59 +01:00: Traceback (most recent call last):
2026-03-03 18:32:59 +01:00:   File "/opt/Tennis_Booking/venv/lib/python3.12/site-packages/gunicorn/workers/sync.py", line 133, in handle
2026-03-03 18:32:59 +01:00:     req = next(parser)
2026-03-03 18:32:59 +01:00:           ^^^^^^^^^^^^
2026-03-03 18:32:59 +01:00:   File "/opt/Tennis_Booking/venv/lib/python3.12/site-packages/gunicorn/http/parser.py", line 41, in __next__
2026-03-03 18:32:59 +01:00:     self.mesg = self.mesg_class(self.cfg, self.unreader, self.source_addr, self.req_count)
2026-03-03 18:32:59 +01:00:                 ^^^^^^^^^^^^^^^^^^^^^^^^^^^^^^^^^^^^^^^^^^^^^^^^^^^^^^^^^^^^^^^^^^^^^^^^^^
2026-03-03 18:32:59 +01:00:   File "/opt/Tennis_Booking/venv/lib/python3.12/site-packages/gunicorn/http/message.py", line 259, in __init__
2026-03-03 18:32:59 +01:00:     super().__init__(cfg, unreader, peer_addr)
2026-03-03 18:32:59 +01:00:   File "/opt/Tennis_Booking/venv/lib/python3.12/site-packages/gunicorn/http/message.py", line 60, in __init__
2026-03-03 18:32:59 +01:00:     unused = self.parse(self.unreader)
2026-03-03 18:32:59 +01:00:              ^^^^^^^^^^^^^^^^^^^^^^^^^
2026-03-03 18:32:59 +01:00:   File "/opt/Tennis_Booking/venv/lib/python3.12/site-packages/gunicorn/http/message.py", line 274, in parse
2026-03-03 18:32:59 +01:00:     line, rbuf = self.read_line(unreader, buf, self.limit_request_line)
2026-03-03 18:32:59 +01:00:                  ^^^^^^^^^^^^^^^^^^^^^^^^^^^^^^^^^^^^^^^^^^^^^^^^^^^^^^
2026-03-03 18:32:59 +01:00:   File "/opt/Tennis_Booking/venv/lib/python3.12/site-packages/gunicorn/http/message.py", line 326, in read_line
2026-03-03 18:32:59 +01:00:     self.get_data(unreader, buf)
2026-03-03 18:32:59 +01:00:   File "/opt/Tennis_Booking/venv/lib/python3.12/site-packages/gunicorn/http/message.py", line 262, in get_data
2026-03-03 18:32:59 +01:00:     data = unreader.read()
2026-03-03 18:32:59 +01:00:            ^^^^^^^^^^^^^^^
2026-03-03 18:32:59 +01:00:   File "/opt/Tennis_Booking/venv/lib/python3.12/site-packages/gunicorn/http/unreader.py", line 36, in read
2026-03-03 18:32:59 +01:00:     d = self.chunk()
2026-03-03 18:32:59 +01:00:         ^^^^^^^^^^^^
2026-03-03 18:32:59 +01:00:   File "/opt/Tennis_Booking/venv/lib/python3.12/site-packages/gunicorn/http/unreader.py", line 63, in chunk
2026-03-03 18:32:59 +01:00:     return self.sock.recv(self.mxchunk)
2026-03-03 18:32:59 +01:00:            ^^^^^^^^^^^^^^^^^^^^^^^^^^^^
2026-03-03 18:32:59 +01:00:   File "/opt/Tennis_Booking/venv/lib/python3.12/site-packages/gunicorn/workers/base.py", line 204, in handle_abort
2026-03-03 18:32:59 +01:00:     sys.exit(1)
2026-03-03 18:32:59 +01:00: SystemExit: 1
2026-03-03 18:32:59 +01:00: [2026-03-03 18:32:59 +0100] [319137] [INFO] Worker exiting (pid: 319137)
2026-03-03 18:32:59 +01:00: [2026-03-03 18:32:59 +0100] [436931] [INFO] Booting worker with pid: 436931
2026-03-03 20:06:44 +01:00: [2026-03-03 20:06:44 +0100] [407090] [WARNING] Invalid request from ip=141.98.11.83: Invalid HTTP request line: 'SSH-2.0-libssh2_1.8.2'
2026-03-03 20:21:51 +01:00: [2026-03-03 20:21:51 +0100] [436931] [WARNING] Invalid request from ip=80.66.83.43: Invalid HTTP request line: '\x03\x00\x00/*à\x00\x00\x00\x00\x00Cookie: mstshash=Administr'
2026-03-04 09:40:25 +01:00: [2026-03-04 09:40:25 +0100] [436931] [WARNING] Invalid request from ip=5.181.86.60: Invalid HTTP request line: '\x03\x00\x00/*à\x00\x00\x00\x00\x00Cookie: mstshash=Administr'
2026-03-04 09:43:24 +01:00: [2026-03-04 09:43:24 +0100] [3048326] [CRITICAL] WORKER TIMEOUT (pid:407090)
2026-03-04 09:43:24 +01:00: [2026-03-04 09:43:24 +0100] [407090] [ERROR] Error handling request (no URI read)
2026-03-04 09:43:24 +01:00: Traceback (most recent call last):
2026-03-04 09:43:24 +01:00:   File "/opt/Tennis_Booking/venv/lib/python3.12/site-packages/gunicorn/workers/sync.py", line 133, in handle
2026-03-04 09:43:24 +01:00:     req = next(parser)
2026-03-04 09:43:24 +01:00:           ^^^^^^^^^^^^
2026-03-04 09:43:24 +01:00:   File "/opt/Tennis_Booking/venv/lib/python3.12/site-packages/gunicorn/http/parser.py", line 41, in __next__
2026-03-04 09:43:24 +01:00:     self.mesg = self.mesg_class(self.cfg, self.unreader, self.source_addr, self.req_count)
2026-03-04 09:43:24 +01:00:                 ^^^^^^^^^^^^^^^^^^^^^^^^^^^^^^^^^^^^^^^^^^^^^^^^^^^^^^^^^^^^^^^^^^^^^^^^^^
2026-03-04 09:43:24 +01:00:   File "/opt/Tennis_Booking/venv/lib/python3.12/site-packages/gunicorn/http/message.py", line 259, in __init__
2026-03-04 09:43:24 +01:00:     super().__init__(cfg, unreader, peer_addr)
2026-03-04 09:43:24 +01:00:   File "/opt/Tennis_Booking/venv/lib/python3.12/site-packages/gunicorn/http/message.py", line 60, in __init__
2026-03-04 09:43:24 +01:00:     unused = self.parse(self.unreader)
2026-03-04 09:43:24 +01:00:              ^^^^^^^^^^^^^^^^^^^^^^^^^
2026-03-04 09:43:24 +01:00:   File "/opt/Tennis_Booking/venv/lib/python3.12/site-packages/gunicorn/http/message.py", line 274, in parse
2026-03-04 09:43:24 +01:00:     line, rbuf = self.read_line(unreader, buf, self.limit_request_line)
2026-03-04 09:43:24 +01:00:                  ^^^^^^^^^^^^^^^^^^^^^^^^^^^^^^^^^^^^^^^^^^^^^^^^^^^^^^
2026-03-04 09:43:24 +01:00:   File "/opt/Tennis_Booking/venv/lib/python3.12/site-packages/gunicorn/http/message.py", line 326, in read_line
2026-03-04 09:43:24 +01:00:     self.get_data(unreader, buf)
2026-03-04 09:43:24 +01:00:   File "/opt/Tennis_Booking/venv/lib/python3.12/site-packages/gunicorn/http/message.py", line 262, in get_data
2026-03-04 09:43:24 +01:00:     data = unreader.read()
2026-03-04 09:43:24 +01:00:            ^^^^^^^^^^^^^^^
2026-03-04 09:43:24 +01:00:   File "/opt/Tennis_Booking/venv/lib/python3.12/site-packages/gunicorn/http/unreader.py", line 36, in read
2026-03-04 09:43:24 +01:00:     d = self.chunk()
2026-03-04 09:43:24 +01:00:         ^^^^^^^^^^^^
2026-03-04 09:43:24 +01:00:   File "/opt/Tennis_Booking/venv/lib/python3.12/site-packages/gunicorn/http/unreader.py", line 63, in chunk
2026-03-04 09:43:24 +01:00:     return self.sock.recv(self.mxchunk)
2026-03-04 09:43:24 +01:00:            ^^^^^^^^^^^^^^^^^^^^^^^^^^^^
2026-03-04 09:43:24 +01:00:   File "/opt/Tennis_Booking/venv/lib/python3.12/site-packages/gunicorn/workers/base.py", line 204, in handle_abort
2026-03-04 09:43:24 +01:00:     sys.exit(1)
2026-03-04 09:43:24 +01:00: SystemExit: 1
2026-03-04 09:43:24 +01:00: [2026-03-04 09:43:24 +0100] [407090] [INFO] Worker exiting (pid: 407090)
2026-03-04 09:43:24 +01:00: [2026-03-04 09:43:24 +0100] [457460] [INFO] Booting worker with pid: 457460
2026-03-04 15:05:57 +01:00: [2026-03-04 15:05:57 +0100] [436931] [WARNING] Invalid request from ip=206.168.34.205: Invalid HTTP Version: (2, 0)
2026-03-04 16:32:56 +01:00: [2026-03-04 16:32:56 +0100] [436931] [WARNING] Invalid request from ip=16.58.56.214: Invalid HTTP request line: 'SSH-2.0-Go'
2026-03-05 13:32:54 +01:00: [2026-03-05 13:32:54 +0100] [457460] [WARNING] Invalid request from ip=18.218.118.203: Invalid HTTP request line: 'SSH-2.0-Go'
2026-03-05 16:00:45 +01:00: [2026-03-05 16:00:45 +0100] [436931] [WARNING] Invalid request from ip=162.142.125.38: Invalid HTTP Version: (2, 0)
2026-03-05 21:12:18 +01:00: [2026-03-05 21:12:18 +0100] [457460] [WARNING] Invalid request from ip=45.95.2.108: Invalid HTTP method: '\x16\x03\x01\x05¬\x01\x00\x05¨\x03\x03W\x18¯uÅ\x14]\x84\x0bg¨\x1d¦±\x94\x94u+\x9a¹¸h\t^¢\x7f7z\x16\x8eª\x1e'
2026-03-06 09:29:33 +01:00: [2026-03-06 09:29:33 +0100] [436931] [WARNING] Invalid request from ip=94.154.35.122: Invalid HTTP request line: '\x03\x00\x00/*à\x00\x00\x00\x00\x00Cookie: mstshash=Administr'
2026-03-06 13:15:33 +01:00: [2026-03-06 13:15:33 +0100] [3048326] [CRITICAL] WORKER TIMEOUT (pid:436931)
2026-03-06 13:15:33 +01:00: [2026-03-06 13:15:33 +0100] [436931] [ERROR] Error handling request (no URI read)
2026-03-06 13:15:33 +01:00: Traceback (most recent call last):
2026-03-06 13:15:33 +01:00:   File "/opt/Tennis_Booking/venv/lib/python3.12/site-packages/gunicorn/workers/sync.py", line 133, in handle
2026-03-06 13:15:33 +01:00:     req = next(parser)
2026-03-06 13:15:33 +01:00:           ^^^^^^^^^^^^
2026-03-06 13:15:33 +01:00:   File "/opt/Tennis_Booking/venv/lib/python3.12/site-packages/gunicorn/http/parser.py", line 41, in __next__
2026-03-06 13:15:33 +01:00:     self.mesg = self.mesg_class(self.cfg, self.unreader, self.source_addr, self.req_count)
2026-03-06 13:15:33 +01:00:                 ^^^^^^^^^^^^^^^^^^^^^^^^^^^^^^^^^^^^^^^^^^^^^^^^^^^^^^^^^^^^^^^^^^^^^^^^^^
2026-03-06 13:15:33 +01:00:   File "/opt/Tennis_Booking/venv/lib/python3.12/site-packages/gunicorn/http/message.py", line 259, in __init__
2026-03-06 13:15:33 +01:00:     super().__init__(cfg, unreader, peer_addr)
2026-03-06 13:15:33 +01:00:   File "/opt/Tennis_Booking/venv/lib/python3.12/site-packages/gunicorn/http/message.py", line 60, in __init__
2026-03-06 13:15:33 +01:00:     unused = self.parse(self.unreader)
2026-03-06 13:15:33 +01:00:              ^^^^^^^^^^^^^^^^^^^^^^^^^
2026-03-06 13:15:33 +01:00:   File "/opt/Tennis_Booking/venv/lib/python3.12/site-packages/gunicorn/http/message.py", line 274, in parse
2026-03-06 13:15:33 +01:00:     line, rbuf = self.read_line(unreader, buf, self.limit_request_line)
2026-03-06 13:15:33 +01:00:                  ^^^^^^^^^^^^^^^^^^^^^^^^^^^^^^^^^^^^^^^^^^^^^^^^^^^^^^
2026-03-06 13:15:33 +01:00:   File "/opt/Tennis_Booking/venv/lib/python3.12/site-packages/gunicorn/http/message.py", line 326, in read_line
2026-03-06 13:15:33 +01:00:     self.get_data(unreader, buf)
2026-03-06 13:15:33 +01:00:   File "/opt/Tennis_Booking/venv/lib/python3.12/site-packages/gunicorn/http/message.py", line 262, in get_data
2026-03-06 13:15:33 +01:00:     data = unreader.read()
2026-03-06 13:15:33 +01:00:            ^^^^^^^^^^^^^^^
2026-03-06 13:15:33 +01:00:   File "/opt/Tennis_Booking/venv/lib/python3.12/site-packages/gunicorn/http/unreader.py", line 36, in read
2026-03-06 13:15:33 +01:00:     d = self.chunk()
2026-03-06 13:15:33 +01:00:         ^^^^^^^^^^^^
2026-03-06 13:15:33 +01:00:   File "/opt/Tennis_Booking/venv/lib/python3.12/site-packages/gunicorn/http/unreader.py", line 63, in chunk
2026-03-06 13:15:33 +01:00:     return self.sock.recv(self.mxchunk)
2026-03-06 13:15:33 +01:00:            ^^^^^^^^^^^^^^^^^^^^^^^^^^^^
2026-03-06 13:15:33 +01:00:   File "/opt/Tennis_Booking/venv/lib/python3.12/site-packages/gunicorn/workers/base.py", line 204, in handle_abort
2026-03-06 13:15:33 +01:00:     sys.exit(1)
2026-03-06 13:15:33 +01:00: SystemExit: 1
2026-03-06 13:15:33 +01:00: [2026-03-06 13:15:33 +0100] [436931] [INFO] Worker exiting (pid: 436931)
2026-03-06 13:15:33 +01:00: [2026-03-06 13:15:33 +0100] [529264] [INFO] Booting worker with pid: 529264
2026-03-06 14:45:36 +01:00: [2026-03-06 14:45:36 +0100] [529264] [WARNING] Invalid request from ip=3.129.187.38: Invalid HTTP request line: 'SSH-2.0-Go'
2026-03-06 16:09:02 +01:00: [2026-03-06 16:09:02 +0100] [457460] [WARNING] Invalid request from ip=199.45.154.158: Invalid HTTP Version: (2, 0)
2026-03-06 16:48:59 +01:00: [2026-03-06 16:48:59 +0100] [529264] [WARNING] Invalid request from ip=167.94.138.189: Invalid HTTP Version: (2, 0)
2026-03-06 21:14:38 +01:00: [2026-03-06 21:14:38 +0100] [457460] [WARNING] Invalid request from ip=195.178.110.213: Invalid HTTP request line: 'SSH-2.0-Go'
2026-03-06 23:05:39 +01:00: [2026-03-06 23:05:39 +0100] [529264] [WARNING] Invalid request from ip=94.154.35.122: Invalid HTTP request line: '\x03\x00\x00/*à\x00\x00\x00\x00\x00Cookie: mstshash=Administr'
2026-03-07 05:42:12 +01:00: [2026-03-07 05:42:12 +0100] [3048326] [CRITICAL] WORKER TIMEOUT (pid:529264)
2026-03-07 05:42:12 +01:00: [2026-03-07 05:42:12 +0100] [529264] [ERROR] Error handling request (no URI read)
2026-03-07 05:42:12 +01:00: Traceback (most recent call last):
2026-03-07 05:42:12 +01:00:   File "/opt/Tennis_Booking/venv/lib/python3.12/site-packages/gunicorn/workers/sync.py", line 133, in handle
2026-03-07 05:42:12 +01:00:     req = next(parser)
2026-03-07 05:42:12 +01:00:           ^^^^^^^^^^^^
2026-03-07 05:42:12 +01:00:   File "/opt/Tennis_Booking/venv/lib/python3.12/site-packages/gunicorn/http/parser.py", line 41, in __next__
2026-03-07 05:42:12 +01:00:     self.mesg = self.mesg_class(self.cfg, self.unreader, self.source_addr, self.req_count)
2026-03-07 05:42:12 +01:00:                 ^^^^^^^^^^^^^^^^^^^^^^^^^^^^^^^^^^^^^^^^^^^^^^^^^^^^^^^^^^^^^^^^^^^^^^^^^^
2026-03-07 05:42:12 +01:00:   File "/opt/Tennis_Booking/venv/lib/python3.12/site-packages/gunicorn/http/message.py", line 259, in __init__
2026-03-07 05:42:12 +01:00:     super().__init__(cfg, unreader, peer_addr)
2026-03-07 05:42:12 +01:00:   File "/opt/Tennis_Booking/venv/lib/python3.12/site-packages/gunicorn/http/message.py", line 60, in __init__
2026-03-07 05:42:12 +01:00:     unused = self.parse(self.unreader)
2026-03-07 05:42:12 +01:00:              ^^^^^^^^^^^^^^^^^^^^^^^^^
2026-03-07 05:42:12 +01:00:   File "/opt/Tennis_Booking/venv/lib/python3.12/site-packages/gunicorn/http/message.py", line 274, in parse
2026-03-07 05:42:12 +01:00:     line, rbuf = self.read_line(unreader, buf, self.limit_request_line)
2026-03-07 05:42:12 +01:00:                  ^^^^^^^^^^^^^^^^^^^^^^^^^^^^^^^^^^^^^^^^^^^^^^^^^^^^^^
2026-03-07 05:42:12 +01:00:   File "/opt/Tennis_Booking/venv/lib/python3.12/site-packages/gunicorn/http/message.py", line 326, in read_line
2026-03-07 05:42:12 +01:00:     self.get_data(unreader, buf)
2026-03-07 05:42:12 +01:00:   File "/opt/Tennis_Booking/venv/lib/python3.12/site-packages/gunicorn/http/message.py", line 262, in get_data
2026-03-07 05:42:12 +01:00:     data = unreader.read()
2026-03-07 05:42:12 +01:00:            ^^^^^^^^^^^^^^^
2026-03-07 05:42:12 +01:00:   File "/opt/Tennis_Booking/venv/lib/python3.12/site-packages/gunicorn/http/unreader.py", line 36, in read
2026-03-07 05:42:12 +01:00:     d = self.chunk()
2026-03-07 05:42:12 +01:00:         ^^^^^^^^^^^^
2026-03-07 05:42:12 +01:00:   File "/opt/Tennis_Booking/venv/lib/python3.12/site-packages/gunicorn/http/unreader.py", line 63, in chunk
2026-03-07 05:42:12 +01:00:     return self.sock.recv(self.mxchunk)
2026-03-07 05:42:12 +01:00:            ^^^^^^^^^^^^^^^^^^^^^^^^^^^^
2026-03-07 05:42:12 +01:00:   File "/opt/Tennis_Booking/venv/lib/python3.12/site-packages/gunicorn/workers/base.py", line 204, in handle_abort
2026-03-07 05:42:12 +01:00:     sys.exit(1)
2026-03-07 05:42:12 +01:00: SystemExit: 1
2026-03-07 05:42:12 +01:00: [2026-03-07 05:42:12 +0100] [529264] [INFO] Worker exiting (pid: 529264)
2026-03-07 05:42:12 +01:00: [2026-03-07 05:42:12 +0100] [553766] [INFO] Booting worker with pid: 553766
2026-03-07 09:34:23 +01:00: [2026-03-07 09:34:23 +0100] [553766] [WARNING] Invalid request from ip=94.154.35.122: Invalid HTTP request line: '\x03\x00\x00/*à\x00\x00\x00\x00\x00Cookie: mstshash=Administr'
2026-03-07 12:05:06 +01:00: [2026-03-07 12:05:06 +0100] [457460] [WARNING] Invalid request from ip=121.40.46.166: Invalid HTTP request line: ''
2026-03-07 14:12:18 +01:00: [2026-03-07 14:12:18 +0100] [553766] [WARNING] Invalid request from ip=3.129.187.38: Invalid HTTP request line: 'SSH-2.0-Go'
2026-03-07 17:52:53 +01:00: [2026-03-07 17:52:53 +0100] [457460] [WARNING] Invalid request from ip=162.142.125.199: Invalid HTTP Version: (2, 0)
2026-03-07 20:42:21 +01:00: [2026-03-07 20:42:21 +0100] [553766] [WARNING] Invalid request from ip=185.196.11.229: Invalid HTTP request line: 'SSH-2.0-libssh2_1.8.2'
2026-03-08 03:41:10 +01:00: [2026-03-08 03:41:10 +0100] [3048326] [CRITICAL] WORKER TIMEOUT (pid:553766)
2026-03-08 03:41:10 +01:00: [2026-03-08 03:41:10 +0100] [553766] [ERROR] Error handling request (no URI read)
2026-03-08 03:41:10 +01:00: Traceback (most recent call last):
2026-03-08 03:41:10 +01:00:   File "/opt/Tennis_Booking/venv/lib/python3.12/site-packages/gunicorn/workers/sync.py", line 133, in handle
2026-03-08 03:41:10 +01:00:     req = next(parser)
2026-03-08 03:41:10 +01:00:           ^^^^^^^^^^^^
2026-03-08 03:41:10 +01:00:   File "/opt/Tennis_Booking/venv/lib/python3.12/site-packages/gunicorn/http/parser.py", line 41, in __next__
2026-03-08 03:41:10 +01:00:     self.mesg = self.mesg_class(self.cfg, self.unreader, self.source_addr, self.req_count)
2026-03-08 03:41:10 +01:00:                 ^^^^^^^^^^^^^^^^^^^^^^^^^^^^^^^^^^^^^^^^^^^^^^^^^^^^^^^^^^^^^^^^^^^^^^^^^^
2026-03-08 03:41:10 +01:00:   File "/opt/Tennis_Booking/venv/lib/python3.12/site-packages/gunicorn/http/message.py", line 259, in __init__
2026-03-08 03:41:10 +01:00:     super().__init__(cfg, unreader, peer_addr)
2026-03-08 03:41:10 +01:00:   File "/opt/Tennis_Booking/venv/lib/python3.12/site-packages/gunicorn/http/message.py", line 60, in __init__
2026-03-08 03:41:10 +01:00:     unused = self.parse(self.unreader)
2026-03-08 03:41:10 +01:00:              ^^^^^^^^^^^^^^^^^^^^^^^^^
2026-03-08 03:41:10 +01:00:   File "/opt/Tennis_Booking/venv/lib/python3.12/site-packages/gunicorn/http/message.py", line 274, in parse
2026-03-08 03:41:10 +01:00:     line, rbuf = self.read_line(unreader, buf, self.limit_request_line)
2026-03-08 03:41:10 +01:00:                  ^^^^^^^^^^^^^^^^^^^^^^^^^^^^^^^^^^^^^^^^^^^^^^^^^^^^^^
2026-03-08 03:41:10 +01:00:   File "/opt/Tennis_Booking/venv/lib/python3.12/site-packages/gunicorn/http/message.py", line 326, in read_line
2026-03-08 03:41:10 +01:00:     self.get_data(unreader, buf)
2026-03-08 03:41:10 +01:00:   File "/opt/Tennis_Booking/venv/lib/python3.12/site-packages/gunicorn/http/message.py", line 262, in get_data
2026-03-08 03:41:10 +01:00:     data = unreader.read()
2026-03-08 03:41:10 +01:00:            ^^^^^^^^^^^^^^^
2026-03-08 03:41:10 +01:00:   File "/opt/Tennis_Booking/venv/lib/python3.12/site-packages/gunicorn/http/unreader.py", line 36, in read
2026-03-08 03:41:10 +01:00:     d = self.chunk()
2026-03-08 03:41:10 +01:00:         ^^^^^^^^^^^^
2026-03-08 03:41:10 +01:00:   File "/opt/Tennis_Booking/venv/lib/python3.12/site-packages/gunicorn/http/unreader.py", line 63, in chunk
2026-03-08 03:41:10 +01:00:     return self.sock.recv(self.mxchunk)
2026-03-08 03:41:10 +01:00:            ^^^^^^^^^^^^^^^^^^^^^^^^^^^^
2026-03-08 03:41:10 +01:00:   File "/opt/Tennis_Booking/venv/lib/python3.12/site-packages/gunicorn/workers/base.py", line 204, in handle_abort
2026-03-08 03:41:10 +01:00:     sys.exit(1)
2026-03-08 03:41:10 +01:00: SystemExit: 1
2026-03-08 03:41:10 +01:00: [2026-03-08 03:41:10 +0100] [553766] [INFO] Worker exiting (pid: 553766)
2026-03-08 03:41:10 +01:00: [2026-03-08 03:41:10 +0100] [577452] [INFO] Booting worker with pid: 577452
2026-03-08 16:50:58 +01:00: [2026-03-08 16:50:58 +0100] [577452] [WARNING] Invalid request from ip=172.235.173.150: Invalid HTTP request line: ''
2026-03-08 16:50:58 +01:00: [2026-03-08 16:50:58 +0100] [577452] [WARNING] Invalid request from ip=172.235.173.150: Invalid HTTP Version: 'RTSP/1.0'
2026-03-08 16:51:13 +01:00: [2026-03-08 16:51:13 +0100] [577452] [WARNING] Invalid request from ip=172.235.173.150: Invalid HTTP request line: 'HELP'
2026-03-08 16:51:18 +01:00: [2026-03-08 16:51:18 +0100] [457460] [WARNING] Invalid request from ip=172.235.173.150: Invalid HTTP request line: '\x03\x00\x00*%à\x00\x00\x00\x00\x00Cookie: mstshash=nmap'
2026-03-08 16:51:53 +01:00: [2026-03-08 16:51:53 +0100] [577452] [WARNING] Invalid request from ip=172.235.173.150: Invalid HTTP Version: 'SIP/2.0'
2026-03-08 18:21:23 +01:00: [2026-03-08 18:21:23 +0100] [457460] [WARNING] Invalid request from ip=18.218.118.203: Invalid HTTP request line: 'SSH-2.0-Go'
2026-03-08 18:59:47 +01:00: [2026-03-08 18:59:47 +0100] [457460] [WARNING] Invalid request from ip=66.132.153.133: Invalid HTTP Version: (2, 0)
2026-03-09 00:26:10 +01:00: [2026-03-09 00:26:10 +0100] [3048326] [CRITICAL] WORKER TIMEOUT (pid:457460)
2026-03-09 00:26:10 +01:00: [2026-03-09 00:26:10 +0100] [457460] [ERROR] Error handling request (no URI read)
2026-03-09 00:26:10 +01:00: Traceback (most recent call last):
2026-03-09 00:26:10 +01:00:   File "/opt/Tennis_Booking/venv/lib/python3.12/site-packages/gunicorn/workers/sync.py", line 133, in handle
2026-03-09 00:26:10 +01:00:     req = next(parser)
2026-03-09 00:26:10 +01:00:           ^^^^^^^^^^^^
2026-03-09 00:26:10 +01:00:   File "/opt/Tennis_Booking/venv/lib/python3.12/site-packages/gunicorn/http/parser.py", line 41, in __next__
2026-03-09 00:26:10 +01:00:     self.mesg = self.mesg_class(self.cfg, self.unreader, self.source_addr, self.req_count)
2026-03-09 00:26:10 +01:00:                 ^^^^^^^^^^^^^^^^^^^^^^^^^^^^^^^^^^^^^^^^^^^^^^^^^^^^^^^^^^^^^^^^^^^^^^^^^^
2026-03-09 00:26:10 +01:00:   File "/opt/Tennis_Booking/venv/lib/python3.12/site-packages/gunicorn/http/message.py", line 259, in __init__
2026-03-09 00:26:10 +01:00:     super().__init__(cfg, unreader, peer_addr)
2026-03-09 00:26:10 +01:00:   File "/opt/Tennis_Booking/venv/lib/python3.12/site-packages/gunicorn/http/message.py", line 60, in __init__
2026-03-09 00:26:10 +01:00:     unused = self.parse(self.unreader)
2026-03-09 00:26:10 +01:00:              ^^^^^^^^^^^^^^^^^^^^^^^^^
2026-03-09 00:26:10 +01:00:   File "/opt/Tennis_Booking/venv/lib/python3.12/site-packages/gunicorn/http/message.py", line 274, in parse
2026-03-09 00:26:10 +01:00:     line, rbuf = self.read_line(unreader, buf, self.limit_request_line)
2026-03-09 00:26:10 +01:00:                  ^^^^^^^^^^^^^^^^^^^^^^^^^^^^^^^^^^^^^^^^^^^^^^^^^^^^^^
2026-03-09 00:26:10 +01:00:   File "/opt/Tennis_Booking/venv/lib/python3.12/site-packages/gunicorn/http/message.py", line 326, in read_line
2026-03-09 00:26:10 +01:00:     self.get_data(unreader, buf)
2026-03-09 00:26:10 +01:00:   File "/opt/Tennis_Booking/venv/lib/python3.12/site-packages/gunicorn/http/message.py", line 262, in get_data
2026-03-09 00:26:10 +01:00:     data = unreader.read()
2026-03-09 00:26:10 +01:00:            ^^^^^^^^^^^^^^^
2026-03-09 00:26:10 +01:00:   File "/opt/Tennis_Booking/venv/lib/python3.12/site-packages/gunicorn/http/unreader.py", line 36, in read
2026-03-09 00:26:10 +01:00:     d = self.chunk()
2026-03-09 00:26:10 +01:00:         ^^^^^^^^^^^^
2026-03-09 00:26:10 +01:00:   File "/opt/Tennis_Booking/venv/lib/python3.12/site-packages/gunicorn/http/unreader.py", line 63, in chunk
2026-03-09 00:26:10 +01:00:     return self.sock.recv(self.mxchunk)
2026-03-09 00:26:10 +01:00:            ^^^^^^^^^^^^^^^^^^^^^^^^^^^^
2026-03-09 00:26:10 +01:00:   File "/opt/Tennis_Booking/venv/lib/python3.12/site-packages/gunicorn/workers/base.py", line 204, in handle_abort
2026-03-09 00:26:10 +01:00:     sys.exit(1)
2026-03-09 00:26:10 +01:00: SystemExit: 1
2026-03-09 00:26:10 +01:00: [2026-03-09 00:26:10 +0100] [457460] [INFO] Worker exiting (pid: 457460)
2026-03-09 00:26:10 +01:00: [2026-03-09 00:26:10 +0100] [602850] [INFO] Booting worker with pid: 602850
2026-03-09 15:20:10 +01:00: [2026-03-09 15:20:10 +0100] [577452] [WARNING] Invalid request from ip=18.218.118.203: Invalid HTTP request line: 'SSH-2.0-Go'
2026-03-09 20:05:36 +01:00: [2026-03-09 20:05:36 +0100] [602850] [WARNING] Invalid request from ip=167.94.138.174: Invalid HTTP Version: (2, 0)
2026-03-09 21:36:38 +01:00: [2026-03-09 21:36:38 +0100] [602850] [WARNING] Invalid request from ip=95.214.55.230: Invalid HTTP Version: (2, 0)
2026-03-10 15:25:31 +01:00: [2026-03-10 15:25:31 +0100] [3048326] [CRITICAL] WORKER TIMEOUT (pid:577452)
2026-03-10 15:25:31 +01:00: [2026-03-10 15:25:31 +0100] [577452] [ERROR] Error handling request (no URI read)
2026-03-10 15:25:31 +01:00: Traceback (most recent call last):
2026-03-10 15:25:31 +01:00:   File "/opt/Tennis_Booking/venv/lib/python3.12/site-packages/gunicorn/workers/sync.py", line 133, in handle
2026-03-10 15:25:31 +01:00:     req = next(parser)
2026-03-10 15:25:31 +01:00:           ^^^^^^^^^^^^
2026-03-10 15:25:31 +01:00:   File "/opt/Tennis_Booking/venv/lib/python3.12/site-packages/gunicorn/http/parser.py", line 41, in __next__
2026-03-10 15:25:31 +01:00:     self.mesg = self.mesg_class(self.cfg, self.unreader, self.source_addr, self.req_count)
2026-03-10 15:25:31 +01:00:                 ^^^^^^^^^^^^^^^^^^^^^^^^^^^^^^^^^^^^^^^^^^^^^^^^^^^^^^^^^^^^^^^^^^^^^^^^^^
2026-03-10 15:25:31 +01:00:   File "/opt/Tennis_Booking/venv/lib/python3.12/site-packages/gunicorn/http/message.py", line 259, in __init__
2026-03-10 15:25:31 +01:00:     super().__init__(cfg, unreader, peer_addr)
2026-03-10 15:25:31 +01:00:   File "/opt/Tennis_Booking/venv/lib/python3.12/site-packages/gunicorn/http/message.py", line 60, in __init__
2026-03-10 15:25:31 +01:00:     unused = self.parse(self.unreader)
2026-03-10 15:25:31 +01:00:              ^^^^^^^^^^^^^^^^^^^^^^^^^
2026-03-10 15:25:31 +01:00:   File "/opt/Tennis_Booking/venv/lib/python3.12/site-packages/gunicorn/http/message.py", line 274, in parse
2026-03-10 15:25:31 +01:00:     line, rbuf = self.read_line(unreader, buf, self.limit_request_line)
2026-03-10 15:25:31 +01:00:                  ^^^^^^^^^^^^^^^^^^^^^^^^^^^^^^^^^^^^^^^^^^^^^^^^^^^^^^
2026-03-10 15:25:31 +01:00:   File "/opt/Tennis_Booking/venv/lib/python3.12/site-packages/gunicorn/http/message.py", line 326, in read_line
2026-03-10 15:25:31 +01:00:     self.get_data(unreader, buf)
2026-03-10 15:25:31 +01:00:   File "/opt/Tennis_Booking/venv/lib/python3.12/site-packages/gunicorn/http/message.py", line 262, in get_data
2026-03-10 15:25:31 +01:00:     data = unreader.read()
2026-03-10 15:25:31 +01:00:            ^^^^^^^^^^^^^^^
2026-03-10 15:25:31 +01:00:   File "/opt/Tennis_Booking/venv/lib/python3.12/site-packages/gunicorn/http/unreader.py", line 36, in read
2026-03-10 15:25:31 +01:00:     d = self.chunk()
2026-03-10 15:25:31 +01:00:         ^^^^^^^^^^^^
2026-03-10 15:25:31 +01:00:   File "/opt/Tennis_Booking/venv/lib/python3.12/site-packages/gunicorn/http/unreader.py", line 63, in chunk
2026-03-10 15:25:31 +01:00:     return self.sock.recv(self.mxchunk)
2026-03-10 15:25:31 +01:00:            ^^^^^^^^^^^^^^^^^^^^^^^^^^^^
2026-03-10 15:25:31 +01:00:   File "/opt/Tennis_Booking/venv/lib/python3.12/site-packages/gunicorn/workers/base.py", line 204, in handle_abort
2026-03-10 15:25:31 +01:00:     sys.exit(1)
2026-03-10 15:25:31 +01:00: SystemExit: 1
2026-03-10 15:25:31 +01:00: [2026-03-10 15:25:31 +0100] [577452] [INFO] Worker exiting (pid: 577452)
2026-03-10 15:25:31 +01:00: [2026-03-10 15:25:31 +0100] [650706] [INFO] Booting worker with pid: 650706
2026-03-10 16:53:42 +01:00: [2026-03-10 16:53:42 +0100] [3048326] [CRITICAL] WORKER TIMEOUT (pid:650706)
2026-03-10 16:53:42 +01:00: [2026-03-10 16:53:42 +0100] [650706] [ERROR] Error handling request (no URI read)
2026-03-10 16:53:42 +01:00: Traceback (most recent call last):
2026-03-10 16:53:42 +01:00:   File "/opt/Tennis_Booking/venv/lib/python3.12/site-packages/gunicorn/workers/sync.py", line 133, in handle
2026-03-10 16:53:42 +01:00:     req = next(parser)
2026-03-10 16:53:42 +01:00:           ^^^^^^^^^^^^
2026-03-10 16:53:42 +01:00:   File "/opt/Tennis_Booking/venv/lib/python3.12/site-packages/gunicorn/http/parser.py", line 41, in __next__
2026-03-10 16:53:42 +01:00:     self.mesg = self.mesg_class(self.cfg, self.unreader, self.source_addr, self.req_count)
2026-03-10 16:53:42 +01:00:                 ^^^^^^^^^^^^^^^^^^^^^^^^^^^^^^^^^^^^^^^^^^^^^^^^^^^^^^^^^^^^^^^^^^^^^^^^^^
2026-03-10 16:53:42 +01:00:   File "/opt/Tennis_Booking/venv/lib/python3.12/site-packages/gunicorn/http/message.py", line 259, in __init__
2026-03-10 16:53:42 +01:00:     super().__init__(cfg, unreader, peer_addr)
2026-03-10 16:53:42 +01:00:   File "/opt/Tennis_Booking/venv/lib/python3.12/site-packages/gunicorn/http/message.py", line 60, in __init__
2026-03-10 16:53:42 +01:00:     unused = self.parse(self.unreader)
2026-03-10 16:53:42 +01:00:              ^^^^^^^^^^^^^^^^^^^^^^^^^
2026-03-10 16:53:42 +01:00:   File "/opt/Tennis_Booking/venv/lib/python3.12/site-packages/gunicorn/http/message.py", line 274, in parse
2026-03-10 16:53:42 +01:00:     line, rbuf = self.read_line(unreader, buf, self.limit_request_line)
2026-03-10 16:53:42 +01:00:                  ^^^^^^^^^^^^^^^^^^^^^^^^^^^^^^^^^^^^^^^^^^^^^^^^^^^^^^
2026-03-10 16:53:42 +01:00:   File "/opt/Tennis_Booking/venv/lib/python3.12/site-packages/gunicorn/http/message.py", line 326, in read_line
2026-03-10 16:53:42 +01:00:     self.get_data(unreader, buf)
2026-03-10 16:53:42 +01:00:   File "/opt/Tennis_Booking/venv/lib/python3.12/site-packages/gunicorn/http/message.py", line 262, in get_data
2026-03-10 16:53:42 +01:00:     data = unreader.read()
2026-03-10 16:53:42 +01:00:            ^^^^^^^^^^^^^^^
2026-03-10 16:53:42 +01:00:   File "/opt/Tennis_Booking/venv/lib/python3.12/site-packages/gunicorn/http/unreader.py", line 36, in read
2026-03-10 16:53:42 +01:00:     d = self.chunk()
2026-03-10 16:53:42 +01:00:         ^^^^^^^^^^^^
2026-03-10 16:53:42 +01:00:   File "/opt/Tennis_Booking/venv/lib/python3.12/site-packages/gunicorn/http/unreader.py", line 63, in chunk
2026-03-10 16:53:42 +01:00:     return self.sock.recv(self.mxchunk)
2026-03-10 16:53:42 +01:00:            ^^^^^^^^^^^^^^^^^^^^^^^^^^^^
2026-03-10 16:53:42 +01:00:   File "/opt/Tennis_Booking/venv/lib/python3.12/site-packages/gunicorn/workers/base.py", line 204, in handle_abort
2026-03-10 16:53:42 +01:00:     sys.exit(1)
2026-03-10 16:53:42 +01:00: SystemExit: 1
2026-03-10 16:53:42 +01:00: [2026-03-10 16:53:42 +0100] [650706] [INFO] Worker exiting (pid: 650706)
2026-03-10 16:53:42 +01:00: [2026-03-10 16:53:42 +0100] [652033] [INFO] Booting worker with pid: 652033
2026-03-10 18:14:14 +01:00: [2026-03-10 18:14:14 +0100] [3048326] [CRITICAL] WORKER TIMEOUT (pid:602850)
2026-03-10 18:14:14 +01:00: [2026-03-10 18:14:14 +0100] [602850] [ERROR] Error handling request (no URI read)
2026-03-10 18:14:14 +01:00: Traceback (most recent call last):
2026-03-10 18:14:14 +01:00:   File "/opt/Tennis_Booking/venv/lib/python3.12/site-packages/gunicorn/workers/sync.py", line 133, in handle
2026-03-10 18:14:14 +01:00:     req = next(parser)
2026-03-10 18:14:14 +01:00:           ^^^^^^^^^^^^
2026-03-10 18:14:14 +01:00:   File "/opt/Tennis_Booking/venv/lib/python3.12/site-packages/gunicorn/http/parser.py", line 41, in __next__
2026-03-10 18:14:14 +01:00:     self.mesg = self.mesg_class(self.cfg, self.unreader, self.source_addr, self.req_count)
2026-03-10 18:14:14 +01:00:                 ^^^^^^^^^^^^^^^^^^^^^^^^^^^^^^^^^^^^^^^^^^^^^^^^^^^^^^^^^^^^^^^^^^^^^^^^^^
2026-03-10 18:14:14 +01:00:   File "/opt/Tennis_Booking/venv/lib/python3.12/site-packages/gunicorn/http/message.py", line 259, in __init__
2026-03-10 18:14:14 +01:00:     super().__init__(cfg, unreader, peer_addr)
2026-03-10 18:14:14 +01:00:   File "/opt/Tennis_Booking/venv/lib/python3.12/site-packages/gunicorn/http/message.py", line 60, in __init__
2026-03-10 18:14:14 +01:00:     unused = self.parse(self.unreader)
2026-03-10 18:14:14 +01:00:              ^^^^^^^^^^^^^^^^^^^^^^^^^
2026-03-10 18:14:14 +01:00:   File "/opt/Tennis_Booking/venv/lib/python3.12/site-packages/gunicorn/http/message.py", line 274, in parse
2026-03-10 18:14:14 +01:00:     line, rbuf = self.read_line(unreader, buf, self.limit_request_line)
2026-03-10 18:14:14 +01:00:                  ^^^^^^^^^^^^^^^^^^^^^^^^^^^^^^^^^^^^^^^^^^^^^^^^^^^^^^
2026-03-10 18:14:14 +01:00:   File "/opt/Tennis_Booking/venv/lib/python3.12/site-packages/gunicorn/http/message.py", line 326, in read_line
2026-03-10 18:14:14 +01:00:     self.get_data(unreader, buf)
2026-03-10 18:14:14 +01:00:   File "/opt/Tennis_Booking/venv/lib/python3.12/site-packages/gunicorn/http/message.py", line 262, in get_data
2026-03-10 18:14:14 +01:00:     data = unreader.read()
2026-03-10 18:14:14 +01:00:            ^^^^^^^^^^^^^^^
2026-03-10 18:14:14 +01:00:   File "/opt/Tennis_Booking/venv/lib/python3.12/site-packages/gunicorn/http/unreader.py", line 36, in read
2026-03-10 18:14:14 +01:00:     d = self.chunk()
2026-03-10 18:14:14 +01:00:         ^^^^^^^^^^^^
2026-03-10 18:14:14 +01:00:   File "/opt/Tennis_Booking/venv/lib/python3.12/site-packages/gunicorn/http/unreader.py", line 63, in chunk
2026-03-10 18:14:14 +01:00:     return self.sock.recv(self.mxchunk)
2026-03-10 18:14:14 +01:00:            ^^^^^^^^^^^^^^^^^^^^^^^^^^^^
2026-03-10 18:14:14 +01:00:   File "/opt/Tennis_Booking/venv/lib/python3.12/site-packages/gunicorn/workers/base.py", line 204, in handle_abort
2026-03-10 18:14:14 +01:00:     sys.exit(1)
2026-03-10 18:14:14 +01:00: SystemExit: 1
2026-03-10 18:14:14 +01:00: [2026-03-10 18:14:14 +0100] [602850] [INFO] Worker exiting (pid: 602850)
2026-03-10 18:14:14 +01:00: [2026-03-10 18:14:14 +0100] [653086] [INFO] Booting worker with pid: 653086
2026-03-10 19:40:48 +01:00: [2026-03-10 19:40:48 +0100] [3048326] [CRITICAL] WORKER TIMEOUT (pid:653086)
2026-03-10 19:40:48 +01:00: [2026-03-10 19:40:48 +0100] [653086] [ERROR] Error handling request (no URI read)
2026-03-10 19:40:48 +01:00: Traceback (most recent call last):
2026-03-10 19:40:48 +01:00:   File "/opt/Tennis_Booking/venv/lib/python3.12/site-packages/gunicorn/workers/sync.py", line 133, in handle
2026-03-10 19:40:48 +01:00:     req = next(parser)
2026-03-10 19:40:48 +01:00:           ^^^^^^^^^^^^
2026-03-10 19:40:48 +01:00:   File "/opt/Tennis_Booking/venv/lib/python3.12/site-packages/gunicorn/http/parser.py", line 41, in __next__
2026-03-10 19:40:48 +01:00:     self.mesg = self.mesg_class(self.cfg, self.unreader, self.source_addr, self.req_count)
2026-03-10 19:40:48 +01:00:                 ^^^^^^^^^^^^^^^^^^^^^^^^^^^^^^^^^^^^^^^^^^^^^^^^^^^^^^^^^^^^^^^^^^^^^^^^^^
2026-03-10 19:40:48 +01:00:   File "/opt/Tennis_Booking/venv/lib/python3.12/site-packages/gunicorn/http/message.py", line 259, in __init__
2026-03-10 19:40:48 +01:00:     super().__init__(cfg, unreader, peer_addr)
2026-03-10 19:40:48 +01:00:   File "/opt/Tennis_Booking/venv/lib/python3.12/site-packages/gunicorn/http/message.py", line 60, in __init__
2026-03-10 19:40:48 +01:00:     unused = self.parse(self.unreader)
2026-03-10 19:40:48 +01:00:              ^^^^^^^^^^^^^^^^^^^^^^^^^
2026-03-10 19:40:48 +01:00:   File "/opt/Tennis_Booking/venv/lib/python3.12/site-packages/gunicorn/http/message.py", line 274, in parse
2026-03-10 19:40:48 +01:00:     line, rbuf = self.read_line(unreader, buf, self.limit_request_line)
2026-03-10 19:40:48 +01:00:                  ^^^^^^^^^^^^^^^^^^^^^^^^^^^^^^^^^^^^^^^^^^^^^^^^^^^^^^
2026-03-10 19:40:48 +01:00:   File "/opt/Tennis_Booking/venv/lib/python3.12/site-packages/gunicorn/http/message.py", line 326, in read_line
2026-03-10 19:40:48 +01:00:     self.get_data(unreader, buf)
2026-03-10 19:40:48 +01:00:   File "/opt/Tennis_Booking/venv/lib/python3.12/site-packages/gunicorn/http/message.py", line 262, in get_data
2026-03-10 19:40:48 +01:00:     data = unreader.read()
2026-03-10 19:40:48 +01:00:            ^^^^^^^^^^^^^^^
2026-03-10 19:40:48 +01:00:   File "/opt/Tennis_Booking/venv/lib/python3.12/site-packages/gunicorn/http/unreader.py", line 36, in read
2026-03-10 19:40:48 +01:00:     d = self.chunk()
2026-03-10 19:40:48 +01:00:         ^^^^^^^^^^^^
2026-03-10 19:40:48 +01:00:   File "/opt/Tennis_Booking/venv/lib/python3.12/site-packages/gunicorn/http/unreader.py", line 63, in chunk
2026-03-10 19:40:48 +01:00:     return self.sock.recv(self.mxchunk)
2026-03-10 19:40:48 +01:00:            ^^^^^^^^^^^^^^^^^^^^^^^^^^^^
2026-03-10 19:40:48 +01:00:   File "/opt/Tennis_Booking/venv/lib/python3.12/site-packages/gunicorn/workers/base.py", line 204, in handle_abort
2026-03-10 19:40:48 +01:00:     sys.exit(1)
2026-03-10 19:40:48 +01:00: SystemExit: 1
2026-03-10 19:40:48 +01:00: [2026-03-10 19:40:48 +0100] [653086] [INFO] Worker exiting (pid: 653086)
2026-03-10 19:40:48 +01:00: [2026-03-10 19:40:48 +0100] [654540] [INFO] Booting worker with pid: 654540
2026-03-10 20:54:01 +01:00: [2026-03-10 20:54:01 +0100] [654540] [WARNING] Invalid request from ip=66.132.153.139: Invalid HTTP Version: (2, 0)
2026-03-10 22:01:23 +01:00: [2026-03-10 22:01:23 +0100] [652033] [WARNING] Invalid request from ip=80.66.83.43: Invalid HTTP request line: '\x03\x00\x00/*à\x00\x00\x00\x00\x00Cookie: mstshash=Administr'
2026-03-11 00:32:04 +01:00: [2026-03-11 00:32:04 +0100] [3048326] [CRITICAL] WORKER TIMEOUT (pid:654540)
2026-03-11 00:32:04 +01:00: [2026-03-11 00:32:04 +0100] [654540] [ERROR] Error handling request (no URI read)
2026-03-11 00:32:04 +01:00: Traceback (most recent call last):
2026-03-11 00:32:04 +01:00:   File "/opt/Tennis_Booking/venv/lib/python3.12/site-packages/gunicorn/workers/sync.py", line 133, in handle
2026-03-11 00:32:04 +01:00:     req = next(parser)
2026-03-11 00:32:04 +01:00:           ^^^^^^^^^^^^
2026-03-11 00:32:04 +01:00:   File "/opt/Tennis_Booking/venv/lib/python3.12/site-packages/gunicorn/http/parser.py", line 41, in __next__
2026-03-11 00:32:04 +01:00:     self.mesg = self.mesg_class(self.cfg, self.unreader, self.source_addr, self.req_count)
2026-03-11 00:32:04 +01:00:                 ^^^^^^^^^^^^^^^^^^^^^^^^^^^^^^^^^^^^^^^^^^^^^^^^^^^^^^^^^^^^^^^^^^^^^^^^^^
2026-03-11 00:32:04 +01:00:   File "/opt/Tennis_Booking/venv/lib/python3.12/site-packages/gunicorn/http/message.py", line 259, in __init__
2026-03-11 00:32:04 +01:00:     super().__init__(cfg, unreader, peer_addr)
2026-03-11 00:32:04 +01:00:   File "/opt/Tennis_Booking/venv/lib/python3.12/site-packages/gunicorn/http/message.py", line 60, in __init__
2026-03-11 00:32:04 +01:00:     unused = self.parse(self.unreader)
2026-03-11 00:32:04 +01:00:              ^^^^^^^^^^^^^^^^^^^^^^^^^
2026-03-11 00:32:04 +01:00:   File "/opt/Tennis_Booking/venv/lib/python3.12/site-packages/gunicorn/http/message.py", line 274, in parse
2026-03-11 00:32:04 +01:00:     line, rbuf = self.read_line(unreader, buf, self.limit_request_line)
2026-03-11 00:32:04 +01:00:                  ^^^^^^^^^^^^^^^^^^^^^^^^^^^^^^^^^^^^^^^^^^^^^^^^^^^^^^
2026-03-11 00:32:04 +01:00:   File "/opt/Tennis_Booking/venv/lib/python3.12/site-packages/gunicorn/http/message.py", line 326, in read_line
2026-03-11 00:32:04 +01:00:     self.get_data(unreader, buf)
2026-03-11 00:32:04 +01:00:   File "/opt/Tennis_Booking/venv/lib/python3.12/site-packages/gunicorn/http/message.py", line 262, in get_data
2026-03-11 00:32:04 +01:00:     data = unreader.read()
2026-03-11 00:32:04 +01:00:            ^^^^^^^^^^^^^^^
2026-03-11 00:32:04 +01:00:   File "/opt/Tennis_Booking/venv/lib/python3.12/site-packages/gunicorn/http/unreader.py", line 36, in read
2026-03-11 00:32:04 +01:00:     d = self.chunk()
2026-03-11 00:32:04 +01:00:         ^^^^^^^^^^^^
2026-03-11 00:32:04 +01:00:   File "/opt/Tennis_Booking/venv/lib/python3.12/site-packages/gunicorn/http/unreader.py", line 63, in chunk
2026-03-11 00:32:04 +01:00:     return self.sock.recv(self.mxchunk)
2026-03-11 00:32:04 +01:00:            ^^^^^^^^^^^^^^^^^^^^^^^^^^^^
2026-03-11 00:32:04 +01:00:   File "/opt/Tennis_Booking/venv/lib/python3.12/site-packages/gunicorn/workers/base.py", line 204, in handle_abort
2026-03-11 00:32:04 +01:00:     sys.exit(1)
2026-03-11 00:32:04 +01:00: SystemExit: 1
2026-03-11 00:32:04 +01:00: [2026-03-11 00:32:04 +0100] [654540] [INFO] Worker exiting (pid: 654540)
2026-03-11 00:32:04 +01:00: [2026-03-11 00:32:04 +0100] [660261] [INFO] Booting worker with pid: 660261
2026-03-11 09:55:57 +01:00: [2026-03-11 09:55:57 +0100] [660261] [WARNING] Invalid request from ip=18.116.101.220: Invalid HTTP request line: 'SSH-2.0-Go'
2026-03-11 21:47:36 +01:00: [2026-03-11 21:47:36 +0100] [660261] [WARNING] Invalid request from ip=66.132.153.124: Invalid HTTP Version: (2, 0)
2026-03-12 16:45:25 +01:00: [2026-03-12 16:45:25 +0100] [652033] [WARNING] Invalid request from ip=18.116.101.220: Invalid HTTP request line: 'SSH-2.0-Go'
2026-03-12 22:07:19 +01:00: [2026-03-12 22:07:19 +0100] [3048326] [CRITICAL] WORKER TIMEOUT (pid:652033)
2026-03-12 22:07:19 +01:00: [2026-03-12 22:07:19 +0100] [652033] [ERROR] Error handling request (no URI read)
2026-03-12 22:07:19 +01:00: Traceback (most recent call last):
2026-03-12 22:07:19 +01:00:   File "/opt/Tennis_Booking/venv/lib/python3.12/site-packages/gunicorn/workers/sync.py", line 133, in handle
2026-03-12 22:07:19 +01:00:     req = next(parser)
2026-03-12 22:07:19 +01:00:           ^^^^^^^^^^^^
2026-03-12 22:07:19 +01:00:   File "/opt/Tennis_Booking/venv/lib/python3.12/site-packages/gunicorn/http/parser.py", line 41, in __next__
2026-03-12 22:07:19 +01:00:     self.mesg = self.mesg_class(self.cfg, self.unreader, self.source_addr, self.req_count)
2026-03-12 22:07:19 +01:00:                 ^^^^^^^^^^^^^^^^^^^^^^^^^^^^^^^^^^^^^^^^^^^^^^^^^^^^^^^^^^^^^^^^^^^^^^^^^^
2026-03-12 22:07:19 +01:00:   File "/opt/Tennis_Booking/venv/lib/python3.12/site-packages/gunicorn/http/message.py", line 259, in __init__
2026-03-12 22:07:19 +01:00:     super().__init__(cfg, unreader, peer_addr)
2026-03-12 22:07:19 +01:00:   File "/opt/Tennis_Booking/venv/lib/python3.12/site-packages/gunicorn/http/message.py", line 60, in __init__
2026-03-12 22:07:19 +01:00:     unused = self.parse(self.unreader)
2026-03-12 22:07:19 +01:00:              ^^^^^^^^^^^^^^^^^^^^^^^^^
2026-03-12 22:07:19 +01:00:   File "/opt/Tennis_Booking/venv/lib/python3.12/site-packages/gunicorn/http/message.py", line 274, in parse
2026-03-12 22:07:19 +01:00:     line, rbuf = self.read_line(unreader, buf, self.limit_request_line)
2026-03-12 22:07:19 +01:00:                  ^^^^^^^^^^^^^^^^^^^^^^^^^^^^^^^^^^^^^^^^^^^^^^^^^^^^^^
2026-03-12 22:07:19 +01:00:   File "/opt/Tennis_Booking/venv/lib/python3.12/site-packages/gunicorn/http/message.py", line 326, in read_line
2026-03-12 22:07:19 +01:00:     self.get_data(unreader, buf)
2026-03-12 22:07:19 +01:00:   File "/opt/Tennis_Booking/venv/lib/python3.12/site-packages/gunicorn/http/message.py", line 262, in get_data
2026-03-12 22:07:19 +01:00:     data = unreader.read()
2026-03-12 22:07:19 +01:00:            ^^^^^^^^^^^^^^^
2026-03-12 22:07:19 +01:00:   File "/opt/Tennis_Booking/venv/lib/python3.12/site-packages/gunicorn/http/unreader.py", line 36, in read
2026-03-12 22:07:19 +01:00:     d = self.chunk()
2026-03-12 22:07:19 +01:00:         ^^^^^^^^^^^^
2026-03-12 22:07:19 +01:00:   File "/opt/Tennis_Booking/venv/lib/python3.12/site-packages/gunicorn/http/unreader.py", line 63, in chunk
2026-03-12 22:07:19 +01:00:     return self.sock.recv(self.mxchunk)
2026-03-12 22:07:19 +01:00:            ^^^^^^^^^^^^^^^^^^^^^^^^^^^^
2026-03-12 22:07:19 +01:00:   File "/opt/Tennis_Booking/venv/lib/python3.12/site-packages/gunicorn/workers/base.py", line 204, in handle_abort
2026-03-12 22:07:19 +01:00:     sys.exit(1)
2026-03-12 22:07:19 +01:00: SystemExit: 1
2026-03-12 22:07:19 +01:00: [2026-03-12 22:07:19 +0100] [652033] [INFO] Worker exiting (pid: 652033)
2026-03-12 22:07:19 +01:00: [2026-03-12 22:07:19 +0100] [722092] [INFO] Booting worker with pid: 722092
2026-03-12 23:03:18 +01:00: [2026-03-12 23:03:18 +0100] [660261] [WARNING] Invalid request from ip=162.142.125.194: Invalid HTTP Version: (2, 0)
2026-03-13 00:56:12 +01:00: [2026-03-13 00:56:12 +0100] [722092] [WARNING] Invalid request from ip=3.143.162.210: Invalid HTTP request line: 'SSH-2.0-Go'
2026-03-13 00:58:08 +01:00: [2026-03-13 00:58:08 +0100] [722092] [WARNING] Invalid request from ip=172.235.181.217: Invalid HTTP request line: ''
2026-03-13 00:58:09 +01:00: [2026-03-13 00:58:09 +0100] [722092] [WARNING] Invalid request from ip=172.235.181.217: Invalid HTTP Version: 'RTSP/1.0'
2026-03-13 00:58:24 +01:00: [2026-03-13 00:58:24 +0100] [722092] [WARNING] Invalid request from ip=172.235.181.217: Invalid HTTP request line: 'HELP'
2026-03-13 00:58:29 +01:00: [2026-03-13 00:58:29 +0100] [660261] [WARNING] Invalid request from ip=172.235.181.217: Invalid HTTP request line: '\x03\x00\x00*%à\x00\x00\x00\x00\x00Cookie: mstshash=nmap'
2026-03-13 00:59:04 +01:00: [2026-03-13 00:59:04 +0100] [722092] [WARNING] Invalid request from ip=172.235.181.217: Invalid HTTP Version: 'SIP/2.0'
2026-03-13 01:24:35 +01:00: [2026-03-13 01:24:35 +0100] [722092] [WARNING] Invalid request from ip=222.175.106.134: Invalid HTTP request line: ''
2026-03-13 04:25:52 +01:00: [2026-03-13 04:25:52 +0100] [722092] [WARNING] Invalid request from ip=3.130.168.2: Invalid HTTP request line: 'SSH-2.0-Go'
2026-03-13 13:20:50 +01:00: [2026-03-13 13:20:50 +0100] [660261] [WARNING] Invalid request from ip=18.218.118.203: Invalid HTTP request line: 'SSH-2.0-Go'
2026-03-13 14:08:18 +01:00: [2026-03-13 14:08:18 +0100] [722092] [WARNING] Invalid request from ip=139.162.173.209: Invalid HTTP request line: ''
2026-03-13 14:08:19 +01:00: [2026-03-13 14:08:19 +0100] [660261] [WARNING] Invalid request from ip=139.162.173.209: Invalid HTTP Version: 'RTSP/1.0'
2026-03-13 14:08:36 +01:00: [2026-03-13 14:08:36 +0100] [660261] [WARNING] Invalid request from ip=139.162.173.209: Invalid HTTP request line: 'HELP'
2026-03-13 14:08:41 +01:00: [2026-03-13 14:08:41 +0100] [660261] [WARNING] Invalid request from ip=139.162.173.209: Invalid HTTP request line: '\x03\x00\x00*%à\x00\x00\x00\x00\x00Cookie: mstshash=nmap'
2026-03-13 14:09:16 +01:00: [2026-03-13 14:09:16 +0100] [660261] [WARNING] Invalid request from ip=139.162.173.209: Invalid HTTP Version: 'SIP/2.0'
2026-03-13 18:02:35 +01:00: [2026-03-13 18:02:35 +0100] [3048326] [CRITICAL] WORKER TIMEOUT (pid:722092)
2026-03-13 18:02:35 +01:00: [2026-03-13 18:02:35 +0100] [722092] [ERROR] Error handling request (no URI read)
2026-03-13 18:02:35 +01:00: Traceback (most recent call last):
2026-03-13 18:02:35 +01:00:   File "/opt/Tennis_Booking/venv/lib/python3.12/site-packages/gunicorn/workers/sync.py", line 133, in handle
2026-03-13 18:02:35 +01:00:     req = next(parser)
2026-03-13 18:02:35 +01:00:           ^^^^^^^^^^^^
2026-03-13 18:02:35 +01:00:   File "/opt/Tennis_Booking/venv/lib/python3.12/site-packages/gunicorn/http/parser.py", line 41, in __next__
2026-03-13 18:02:35 +01:00:     self.mesg = self.mesg_class(self.cfg, self.unreader, self.source_addr, self.req_count)
2026-03-13 18:02:35 +01:00:                 ^^^^^^^^^^^^^^^^^^^^^^^^^^^^^^^^^^^^^^^^^^^^^^^^^^^^^^^^^^^^^^^^^^^^^^^^^^
2026-03-13 18:02:35 +01:00:   File "/opt/Tennis_Booking/venv/lib/python3.12/site-packages/gunicorn/http/message.py", line 259, in __init__
2026-03-13 18:02:35 +01:00:     super().__init__(cfg, unreader, peer_addr)
2026-03-13 18:02:35 +01:00:   File "/opt/Tennis_Booking/venv/lib/python3.12/site-packages/gunicorn/http/message.py", line 60, in __init__
2026-03-13 18:02:35 +01:00:     unused = self.parse(self.unreader)
2026-03-13 18:02:35 +01:00:              ^^^^^^^^^^^^^^^^^^^^^^^^^
2026-03-13 18:02:35 +01:00:   File "/opt/Tennis_Booking/venv/lib/python3.12/site-packages/gunicorn/http/message.py", line 271, in parse
2026-03-13 18:02:35 +01:00:     self.get_data(unreader, buf, stop=True)
2026-03-13 18:02:35 +01:00:   File "/opt/Tennis_Booking/venv/lib/python3.12/site-packages/gunicorn/http/message.py", line 262, in get_data
2026-03-13 18:02:35 +01:00:     data = unreader.read()
2026-03-13 18:02:35 +01:00:            ^^^^^^^^^^^^^^^
2026-03-13 18:02:35 +01:00:   File "/opt/Tennis_Booking/venv/lib/python3.12/site-packages/gunicorn/http/unreader.py", line 36, in read
2026-03-13 18:02:35 +01:00:     d = self.chunk()
2026-03-13 18:02:35 +01:00:         ^^^^^^^^^^^^
2026-03-13 18:02:35 +01:00:   File "/opt/Tennis_Booking/venv/lib/python3.12/site-packages/gunicorn/http/unreader.py", line 63, in chunk
2026-03-13 18:02:35 +01:00:     return self.sock.recv(self.mxchunk)
2026-03-13 18:02:35 +01:00:            ^^^^^^^^^^^^^^^^^^^^^^^^^^^^
2026-03-13 18:02:35 +01:00:   File "/opt/Tennis_Booking/venv/lib/python3.12/site-packages/gunicorn/workers/base.py", line 204, in handle_abort
2026-03-13 18:02:35 +01:00:     sys.exit(1)
2026-03-13 18:02:35 +01:00: SystemExit: 1
2026-03-13 18:02:35 +01:00: [2026-03-13 18:02:35 +0100] [722092] [INFO] Worker exiting (pid: 722092)
2026-03-13 18:02:35 +01:00: [2026-03-13 18:02:35 +0100] [746949] [INFO] Booting worker with pid: 746949
2026-03-13 18:49:49 +01:00: [2026-03-13 18:49:49 +0100] [3048326] [CRITICAL] WORKER TIMEOUT (pid:660261)
2026-03-13 18:49:50 +01:00: [2026-03-13 18:49:49 +0100] [660261] [ERROR] Error handling request (no URI read)
2026-03-13 18:49:50 +01:00: Traceback (most recent call last):
2026-03-13 18:49:50 +01:00:   File "/opt/Tennis_Booking/venv/lib/python3.12/site-packages/gunicorn/workers/sync.py", line 133, in handle
2026-03-13 18:49:50 +01:00:     req = next(parser)
2026-03-13 18:49:50 +01:00:           ^^^^^^^^^^^^
2026-03-13 18:49:50 +01:00:   File "/opt/Tennis_Booking/venv/lib/python3.12/site-packages/gunicorn/http/parser.py", line 41, in __next__
2026-03-13 18:49:50 +01:00:     self.mesg = self.mesg_class(self.cfg, self.unreader, self.source_addr, self.req_count)
2026-03-13 18:49:50 +01:00:                 ^^^^^^^^^^^^^^^^^^^^^^^^^^^^^^^^^^^^^^^^^^^^^^^^^^^^^^^^^^^^^^^^^^^^^^^^^^
2026-03-13 18:49:50 +01:00:   File "/opt/Tennis_Booking/venv/lib/python3.12/site-packages/gunicorn/http/message.py", line 259, in __init__
2026-03-13 18:49:50 +01:00:     super().__init__(cfg, unreader, peer_addr)
2026-03-13 18:49:50 +01:00:   File "/opt/Tennis_Booking/venv/lib/python3.12/site-packages/gunicorn/http/message.py", line 60, in __init__
2026-03-13 18:49:50 +01:00:     unused = self.parse(self.unreader)
2026-03-13 18:49:50 +01:00:              ^^^^^^^^^^^^^^^^^^^^^^^^^
2026-03-13 18:49:50 +01:00:   File "/opt/Tennis_Booking/venv/lib/python3.12/site-packages/gunicorn/http/message.py", line 274, in parse
2026-03-13 18:49:50 +01:00:     line, rbuf = self.read_line(unreader, buf, self.limit_request_line)
2026-03-13 18:49:50 +01:00:                  ^^^^^^^^^^^^^^^^^^^^^^^^^^^^^^^^^^^^^^^^^^^^^^^^^^^^^^
2026-03-13 18:49:50 +01:00:   File "/opt/Tennis_Booking/venv/lib/python3.12/site-packages/gunicorn/http/message.py", line 326, in read_line
2026-03-13 18:49:50 +01:00:     self.get_data(unreader, buf)
2026-03-13 18:49:50 +01:00:   File "/opt/Tennis_Booking/venv/lib/python3.12/site-packages/gunicorn/http/message.py", line 262, in get_data
2026-03-13 18:49:50 +01:00:     data = unreader.read()
2026-03-13 18:49:50 +01:00:            ^^^^^^^^^^^^^^^
2026-03-13 18:49:50 +01:00:   File "/opt/Tennis_Booking/venv/lib/python3.12/site-packages/gunicorn/http/unreader.py", line 36, in read
2026-03-13 18:49:50 +01:00:     d = self.chunk()
2026-03-13 18:49:50 +01:00:         ^^^^^^^^^^^^
2026-03-13 18:49:50 +01:00:   File "/opt/Tennis_Booking/venv/lib/python3.12/site-packages/gunicorn/http/unreader.py", line 63, in chunk
2026-03-13 18:49:50 +01:00:     return self.sock.recv(self.mxchunk)
2026-03-13 18:49:50 +01:00:            ^^^^^^^^^^^^^^^^^^^^^^^^^^^^
2026-03-13 18:49:50 +01:00:   File "/opt/Tennis_Booking/venv/lib/python3.12/site-packages/gunicorn/workers/base.py", line 204, in handle_abort
2026-03-13 18:49:50 +01:00:     sys.exit(1)
2026-03-13 18:49:50 +01:00: SystemExit: 1
2026-03-13 18:49:50 +01:00: [2026-03-13 18:49:50 +0100] [660261] [INFO] Worker exiting (pid: 660261)
2026-03-13 18:49:50 +01:00: [2026-03-13 18:49:50 +0100] [748399] [INFO] Booting worker with pid: 748399
2026-03-13 23:59:53 +01:00: [2026-03-13 23:59:53 +0100] [748399] [WARNING] Invalid request from ip=167.94.138.40: Invalid HTTP Version: (2, 0)
2026-03-14 09:29:52 +01:00: [2026-03-14 09:29:52 +0100] [746949] [WARNING] Invalid request from ip=183.80.153.245: Invalid HTTP request line: '*4'
2026-03-14 12:24:27 +01:00: [2026-03-14 12:24:27 +0100] [748399] [WARNING] Invalid request from ip=183.80.153.245: Invalid HTTP request line: '*4'
2026-03-14 12:58:36 +01:00: [2026-03-14 12:58:36 +0100] [746949] [WARNING] Invalid request from ip=18.218.118.203: Invalid HTTP request line: 'SSH-2.0-Go'
2026-03-14 14:38:40 +01:00: [2026-03-14 14:38:40 +0100] [748399] [WARNING] Invalid request from ip=91.238.181.10: Invalid HTTP request line: '\x03\x00\x00/*à\x00\x00\x00\x00\x00Cookie: mstshash=Administr'
2026-03-14 17:23:46 +01:00: [2026-03-14 17:23:46 +0100] [3048326] [CRITICAL] WORKER TIMEOUT (pid:748399)
2026-03-14 17:23:46 +01:00: [2026-03-14 17:23:46 +0100] [748399] [ERROR] Error handling request (no URI read)
2026-03-14 17:23:46 +01:00: Traceback (most recent call last):
2026-03-14 17:23:46 +01:00:   File "/opt/Tennis_Booking/venv/lib/python3.12/site-packages/gunicorn/workers/sync.py", line 133, in handle
2026-03-14 17:23:46 +01:00:     req = next(parser)
2026-03-14 17:23:46 +01:00:           ^^^^^^^^^^^^
2026-03-14 17:23:46 +01:00:   File "/opt/Tennis_Booking/venv/lib/python3.12/site-packages/gunicorn/http/parser.py", line 41, in __next__
2026-03-14 17:23:46 +01:00:     self.mesg = self.mesg_class(self.cfg, self.unreader, self.source_addr, self.req_count)
2026-03-14 17:23:46 +01:00:                 ^^^^^^^^^^^^^^^^^^^^^^^^^^^^^^^^^^^^^^^^^^^^^^^^^^^^^^^^^^^^^^^^^^^^^^^^^^
2026-03-14 17:23:46 +01:00:   File "/opt/Tennis_Booking/venv/lib/python3.12/site-packages/gunicorn/http/message.py", line 259, in __init__
2026-03-14 17:23:46 +01:00:     super().__init__(cfg, unreader, peer_addr)
2026-03-14 17:23:46 +01:00:   File "/opt/Tennis_Booking/venv/lib/python3.12/site-packages/gunicorn/http/message.py", line 60, in __init__
2026-03-14 17:23:46 +01:00:     unused = self.parse(self.unreader)
2026-03-14 17:23:46 +01:00:              ^^^^^^^^^^^^^^^^^^^^^^^^^
2026-03-14 17:23:46 +01:00:   File "/opt/Tennis_Booking/venv/lib/python3.12/site-packages/gunicorn/http/message.py", line 274, in parse
2026-03-14 17:23:46 +01:00:     line, rbuf = self.read_line(unreader, buf, self.limit_request_line)
2026-03-14 17:23:46 +01:00:                  ^^^^^^^^^^^^^^^^^^^^^^^^^^^^^^^^^^^^^^^^^^^^^^^^^^^^^^
2026-03-14 17:23:46 +01:00:   File "/opt/Tennis_Booking/venv/lib/python3.12/site-packages/gunicorn/http/message.py", line 326, in read_line
2026-03-14 17:23:46 +01:00:     self.get_data(unreader, buf)
2026-03-14 17:23:46 +01:00:   File "/opt/Tennis_Booking/venv/lib/python3.12/site-packages/gunicorn/http/message.py", line 262, in get_data
2026-03-14 17:23:46 +01:00:     data = unreader.read()
2026-03-14 17:23:46 +01:00:            ^^^^^^^^^^^^^^^
2026-03-14 17:23:46 +01:00:   File "/opt/Tennis_Booking/venv/lib/python3.12/site-packages/gunicorn/http/unreader.py", line 36, in read
2026-03-14 17:23:46 +01:00:     d = self.chunk()
2026-03-14 17:23:46 +01:00:         ^^^^^^^^^^^^
2026-03-14 17:23:46 +01:00:   File "/opt/Tennis_Booking/venv/lib/python3.12/site-packages/gunicorn/http/unreader.py", line 63, in chunk
2026-03-14 17:23:46 +01:00:     return self.sock.recv(self.mxchunk)
2026-03-14 17:23:46 +01:00:            ^^^^^^^^^^^^^^^^^^^^^^^^^^^^
2026-03-14 17:23:46 +01:00:   File "/opt/Tennis_Booking/venv/lib/python3.12/site-packages/gunicorn/workers/base.py", line 204, in handle_abort
2026-03-14 17:23:46 +01:00:     sys.exit(1)
2026-03-14 17:23:46 +01:00: SystemExit: 1
2026-03-14 17:23:46 +01:00: [2026-03-14 17:23:46 +0100] [748399] [INFO] Worker exiting (pid: 748399)
2026-03-14 17:23:46 +01:00: [2026-03-14 17:23:46 +0100] [772367] [INFO] Booting worker with pid: 772367
2026-03-14 20:53:33 +01:00: [2026-03-14 20:53:33 +0100] [772367] [WARNING] Invalid request from ip=112.124.9.226: Invalid HTTP request line: ''
2026-03-15 01:06:20 +01:00: [2026-03-15 01:06:20 +0100] [772367] [WARNING] Invalid request from ip=167.94.138.187: Invalid HTTP Version: (2, 0)
2026-03-15 13:49:14 +01:00: [2026-03-15 13:49:14 +0100] [772367] [WARNING] Invalid request from ip=16.58.56.214: Invalid HTTP request line: 'SSH-2.0-Go'
2026-03-15 14:14:53 +01:00: [2026-03-15 14:14:53 +0100] [3048326] [CRITICAL] WORKER TIMEOUT (pid:746949)
2026-03-15 14:14:54 +01:00: [2026-03-15 14:14:53 +0100] [746949] [ERROR] Error handling request (no URI read)
2026-03-15 14:14:54 +01:00: Traceback (most recent call last):
2026-03-15 14:14:54 +01:00:   File "/opt/Tennis_Booking/venv/lib/python3.12/site-packages/gunicorn/workers/sync.py", line 133, in handle
2026-03-15 14:14:54 +01:00:     req = next(parser)
2026-03-15 14:14:54 +01:00:           ^^^^^^^^^^^^
2026-03-15 14:14:54 +01:00:   File "/opt/Tennis_Booking/venv/lib/python3.12/site-packages/gunicorn/http/parser.py", line 41, in __next__
2026-03-15 14:14:54 +01:00:     self.mesg = self.mesg_class(self.cfg, self.unreader, self.source_addr, self.req_count)
2026-03-15 14:14:54 +01:00:                 ^^^^^^^^^^^^^^^^^^^^^^^^^^^^^^^^^^^^^^^^^^^^^^^^^^^^^^^^^^^^^^^^^^^^^^^^^^
2026-03-15 14:14:54 +01:00:   File "/opt/Tennis_Booking/venv/lib/python3.12/site-packages/gunicorn/http/message.py", line 259, in __init__
2026-03-15 14:14:54 +01:00:     super().__init__(cfg, unreader, peer_addr)
2026-03-15 14:14:54 +01:00:   File "/opt/Tennis_Booking/venv/lib/python3.12/site-packages/gunicorn/http/message.py", line 60, in __init__
2026-03-15 14:14:54 +01:00:     unused = self.parse(self.unreader)
2026-03-15 14:14:54 +01:00:              ^^^^^^^^^^^^^^^^^^^^^^^^^
2026-03-15 14:14:54 +01:00:   File "/opt/Tennis_Booking/venv/lib/python3.12/site-packages/gunicorn/http/message.py", line 274, in parse
2026-03-15 14:14:54 +01:00:     line, rbuf = self.read_line(unreader, buf, self.limit_request_line)
2026-03-15 14:14:54 +01:00:                  ^^^^^^^^^^^^^^^^^^^^^^^^^^^^^^^^^^^^^^^^^^^^^^^^^^^^^^
2026-03-15 14:14:54 +01:00:   File "/opt/Tennis_Booking/venv/lib/python3.12/site-packages/gunicorn/http/message.py", line 326, in read_line
2026-03-15 14:14:54 +01:00:     self.get_data(unreader, buf)
2026-03-15 14:14:54 +01:00:   File "/opt/Tennis_Booking/venv/lib/python3.12/site-packages/gunicorn/http/message.py", line 262, in get_data
2026-03-15 14:14:54 +01:00:     data = unreader.read()
2026-03-15 14:14:54 +01:00:            ^^^^^^^^^^^^^^^
2026-03-15 14:14:54 +01:00:   File "/opt/Tennis_Booking/venv/lib/python3.12/site-packages/gunicorn/http/unreader.py", line 36, in read
2026-03-15 14:14:54 +01:00:     d = self.chunk()
2026-03-15 14:14:54 +01:00:         ^^^^^^^^^^^^
2026-03-15 14:14:54 +01:00:   File "/opt/Tennis_Booking/venv/lib/python3.12/site-packages/gunicorn/http/unreader.py", line 63, in chunk
2026-03-15 14:14:54 +01:00:     return self.sock.recv(self.mxchunk)
2026-03-15 14:14:54 +01:00:            ^^^^^^^^^^^^^^^^^^^^^^^^^^^^
2026-03-15 14:14:54 +01:00:   File "/opt/Tennis_Booking/venv/lib/python3.12/site-packages/gunicorn/workers/base.py", line 204, in handle_abort
2026-03-15 14:14:54 +01:00:     sys.exit(1)
2026-03-15 14:14:54 +01:00: SystemExit: 1
2026-03-15 14:14:54 +01:00: [2026-03-15 14:14:54 +0100] [746949] [INFO] Worker exiting (pid: 746949)
2026-03-15 14:14:54 +01:00: [2026-03-15 14:14:54 +0100] [815305] [INFO] Booting worker with pid: 815305
2026-03-16 01:46:56 +01:00: [2026-03-16 01:46:56 +0100] [815305] [WARNING] Invalid request from ip=167.94.138.37: Invalid HTTP Version: (2, 0)
2026-03-16 14:17:41 +01:00: [2026-03-16 14:17:41 +0100] [815305] [WARNING] Invalid request from ip=16.58.56.214: Invalid HTTP request line: 'SSH-2.0-Go'
2026-03-16 15:07:32 +01:00: [2026-03-16 15:07:32 +0100] [3048326] [CRITICAL] WORKER TIMEOUT (pid:772367)
2026-03-16 15:07:32 +01:00: [2026-03-16 15:07:32 +0100] [772367] [ERROR] Error handling request (no URI read)
2026-03-16 15:07:32 +01:00: Traceback (most recent call last):
2026-03-16 15:07:32 +01:00:   File "/opt/Tennis_Booking/venv/lib/python3.12/site-packages/gunicorn/workers/sync.py", line 133, in handle
2026-03-16 15:07:32 +01:00:     req = next(parser)
2026-03-16 15:07:32 +01:00:           ^^^^^^^^^^^^
2026-03-16 15:07:32 +01:00:   File "/opt/Tennis_Booking/venv/lib/python3.12/site-packages/gunicorn/http/parser.py", line 41, in __next__
2026-03-16 15:07:32 +01:00:     self.mesg = self.mesg_class(self.cfg, self.unreader, self.source_addr, self.req_count)
2026-03-16 15:07:32 +01:00:                 ^^^^^^^^^^^^^^^^^^^^^^^^^^^^^^^^^^^^^^^^^^^^^^^^^^^^^^^^^^^^^^^^^^^^^^^^^^
2026-03-16 15:07:32 +01:00:   File "/opt/Tennis_Booking/venv/lib/python3.12/site-packages/gunicorn/http/message.py", line 259, in __init__
2026-03-16 15:07:32 +01:00:     super().__init__(cfg, unreader, peer_addr)
2026-03-16 15:07:32 +01:00:   File "/opt/Tennis_Booking/venv/lib/python3.12/site-packages/gunicorn/http/message.py", line 60, in __init__
2026-03-16 15:07:32 +01:00:     unused = self.parse(self.unreader)
2026-03-16 15:07:32 +01:00:              ^^^^^^^^^^^^^^^^^^^^^^^^^
2026-03-16 15:07:32 +01:00:   File "/opt/Tennis_Booking/venv/lib/python3.12/site-packages/gunicorn/http/message.py", line 274, in parse
2026-03-16 15:07:32 +01:00:     line, rbuf = self.read_line(unreader, buf, self.limit_request_line)
2026-03-16 15:07:32 +01:00:                  ^^^^^^^^^^^^^^^^^^^^^^^^^^^^^^^^^^^^^^^^^^^^^^^^^^^^^^
2026-03-16 15:07:32 +01:00:   File "/opt/Tennis_Booking/venv/lib/python3.12/site-packages/gunicorn/http/message.py", line 326, in read_line
2026-03-16 15:07:32 +01:00:     self.get_data(unreader, buf)
2026-03-16 15:07:32 +01:00:   File "/opt/Tennis_Booking/venv/lib/python3.12/site-packages/gunicorn/http/message.py", line 262, in get_data
2026-03-16 15:07:32 +01:00:     data = unreader.read()
2026-03-16 15:07:32 +01:00:            ^^^^^^^^^^^^^^^
2026-03-16 15:07:32 +01:00:   File "/opt/Tennis_Booking/venv/lib/python3.12/site-packages/gunicorn/http/unreader.py", line 36, in read
2026-03-16 15:07:32 +01:00:     d = self.chunk()
2026-03-16 15:07:32 +01:00:         ^^^^^^^^^^^^
2026-03-16 15:07:32 +01:00:   File "/opt/Tennis_Booking/venv/lib/python3.12/site-packages/gunicorn/http/unreader.py", line 63, in chunk
2026-03-16 15:07:32 +01:00:     return self.sock.recv(self.mxchunk)
2026-03-16 15:07:32 +01:00:            ^^^^^^^^^^^^^^^^^^^^^^^^^^^^
2026-03-16 15:07:32 +01:00:   File "/opt/Tennis_Booking/venv/lib/python3.12/site-packages/gunicorn/workers/base.py", line 204, in handle_abort
2026-03-16 15:07:32 +01:00:     sys.exit(1)
2026-03-16 15:07:32 +01:00: SystemExit: 1
2026-03-16 15:07:32 +01:00: [2026-03-16 15:07:32 +0100] [772367] [INFO] Worker exiting (pid: 772367)
2026-03-16 15:07:32 +01:00: [2026-03-16 15:07:32 +0100] [879733] [INFO] Booting worker with pid: 879733
2026-03-17 02:49:55 +01:00: [2026-03-17 02:49:55 +0100] [815305] [WARNING] Invalid request from ip=167.94.138.58: Invalid HTTP Version: (2, 0)
2026-03-17 14:36:56 +01:00: [2026-03-17 14:36:56 +0100] [879733] [WARNING] Invalid request from ip=16.58.56.214: Invalid HTTP request line: 'SSH-2.0-Go'
2026-03-17 18:47:49 +01:00: [2026-03-17 18:47:49 +0100] [879733] [WARNING] Invalid request from ip=77.90.185.18: Invalid HTTP request line: '\x03\x00\x00/*à\x00\x00\x00\x00\x00Cookie: mstshash=Administr'
2026-03-17 21:02:43 +01:00: [2026-03-17 21:02:43 +0100] [879733] [WARNING] Invalid request from ip=77.90.185.18: Invalid HTTP request line: '\x03\x00\x00/*à\x00\x00\x00\x00\x00Cookie: mstshash=Administr'
2026-03-17 21:29:47 +01:00: [2026-03-17 21:29:47 +0100] [815305] [WARNING] Invalid request from ip=80.66.83.43: Invalid HTTP request line: '\x03\x00\x00/*à\x00\x00\x00\x00\x00Cookie: mstshash=Administr'
2026-03-18 02:54:19 +01:00: [2026-03-18 02:54:19 +0100] [3048326] [CRITICAL] WORKER TIMEOUT (pid:815305)
2026-03-18 02:54:19 +01:00: [2026-03-18 02:54:19 +0100] [815305] [ERROR] Error handling request (no URI read)
2026-03-18 02:54:19 +01:00: Traceback (most recent call last):
2026-03-18 02:54:19 +01:00:   File "/opt/Tennis_Booking/venv/lib/python3.12/site-packages/gunicorn/workers/sync.py", line 133, in handle
2026-03-18 02:54:19 +01:00:     req = next(parser)
2026-03-18 02:54:19 +01:00:           ^^^^^^^^^^^^
2026-03-18 02:54:19 +01:00:   File "/opt/Tennis_Booking/venv/lib/python3.12/site-packages/gunicorn/http/parser.py", line 41, in __next__
2026-03-18 02:54:19 +01:00:     self.mesg = self.mesg_class(self.cfg, self.unreader, self.source_addr, self.req_count)
2026-03-18 02:54:19 +01:00:                 ^^^^^^^^^^^^^^^^^^^^^^^^^^^^^^^^^^^^^^^^^^^^^^^^^^^^^^^^^^^^^^^^^^^^^^^^^^
2026-03-18 02:54:19 +01:00:   File "/opt/Tennis_Booking/venv/lib/python3.12/site-packages/gunicorn/http/message.py", line 259, in __init__
2026-03-18 02:54:19 +01:00:     super().__init__(cfg, unreader, peer_addr)
2026-03-18 02:54:19 +01:00:   File "/opt/Tennis_Booking/venv/lib/python3.12/site-packages/gunicorn/http/message.py", line 60, in __init__
2026-03-18 02:54:19 +01:00:     unused = self.parse(self.unreader)
2026-03-18 02:54:19 +01:00:              ^^^^^^^^^^^^^^^^^^^^^^^^^
2026-03-18 02:54:19 +01:00:   File "/opt/Tennis_Booking/venv/lib/python3.12/site-packages/gunicorn/http/message.py", line 274, in parse
2026-03-18 02:54:19 +01:00:     line, rbuf = self.read_line(unreader, buf, self.limit_request_line)
2026-03-18 02:54:19 +01:00:                  ^^^^^^^^^^^^^^^^^^^^^^^^^^^^^^^^^^^^^^^^^^^^^^^^^^^^^^
2026-03-18 02:54:19 +01:00:   File "/opt/Tennis_Booking/venv/lib/python3.12/site-packages/gunicorn/http/message.py", line 326, in read_line
2026-03-18 02:54:19 +01:00:     self.get_data(unreader, buf)
2026-03-18 02:54:19 +01:00:   File "/opt/Tennis_Booking/venv/lib/python3.12/site-packages/gunicorn/http/message.py", line 262, in get_data
2026-03-18 02:54:19 +01:00:     data = unreader.read()
2026-03-18 02:54:19 +01:00:            ^^^^^^^^^^^^^^^
2026-03-18 02:54:19 +01:00:   File "/opt/Tennis_Booking/venv/lib/python3.12/site-packages/gunicorn/http/unreader.py", line 36, in read
2026-03-18 02:54:19 +01:00:     d = self.chunk()
2026-03-18 02:54:19 +01:00:         ^^^^^^^^^^^^
2026-03-18 02:54:19 +01:00:   File "/opt/Tennis_Booking/venv/lib/python3.12/site-packages/gunicorn/http/unreader.py", line 63, in chunk
2026-03-18 02:54:19 +01:00:     return self.sock.recv(self.mxchunk)
2026-03-18 02:54:19 +01:00:            ^^^^^^^^^^^^^^^^^^^^^^^^^^^^
2026-03-18 02:54:19 +01:00:   File "/opt/Tennis_Booking/venv/lib/python3.12/site-packages/gunicorn/workers/base.py", line 204, in handle_abort
2026-03-18 02:54:19 +01:00:     sys.exit(1)
2026-03-18 02:54:19 +01:00: SystemExit: 1
2026-03-18 02:54:19 +01:00: [2026-03-18 02:54:19 +0100] [815305] [INFO] Worker exiting (pid: 815305)
2026-03-18 02:54:19 +01:00: [2026-03-18 02:54:19 +0100] [966705] [INFO] Booting worker with pid: 966705
2026-03-18 03:49:04 +01:00: [2026-03-18 03:49:04 +0100] [879733] [WARNING] Invalid request from ip=162.142.125.208: Invalid HTTP Version: (2, 0)
2026-03-18 10:10:30 +01:00: [2026-03-18 10:10:30 +0100] [879733] [WARNING] Invalid request from ip=178.130.46.209: Invalid HTTP Version: '1.1.1.1 91.99.18.223 12345 5001'
2026-03-18 13:00:43 +01:00: [2026-03-18 13:00:43 +0100] [966705] [WARNING] Invalid request from ip=206.168.34.198: Invalid HTTP Version: (2, 0)
2026-03-18 14:36:01 +01:00: [2026-03-18 14:36:01 +0100] [966705] [WARNING] Invalid request from ip=3.129.187.38: Invalid HTTP request line: 'SSH-2.0-Go'
2026-03-19 11:32:43 +01:00: [2026-03-19 11:32:43 +0100] [3048326] [CRITICAL] WORKER TIMEOUT (pid:879733)
2026-03-19 11:32:43 +01:00: [2026-03-19 11:32:43 +0100] [879733] [ERROR] Error handling request (no URI read)
2026-03-19 11:32:43 +01:00: Traceback (most recent call last):
2026-03-19 11:32:43 +01:00:   File "/opt/Tennis_Booking/venv/lib/python3.12/site-packages/gunicorn/workers/sync.py", line 133, in handle
2026-03-19 11:32:43 +01:00:     req = next(parser)
2026-03-19 11:32:43 +01:00:           ^^^^^^^^^^^^
2026-03-19 11:32:43 +01:00:   File "/opt/Tennis_Booking/venv/lib/python3.12/site-packages/gunicorn/http/parser.py", line 41, in __next__
2026-03-19 11:32:43 +01:00:     self.mesg = self.mesg_class(self.cfg, self.unreader, self.source_addr, self.req_count)
2026-03-19 11:32:43 +01:00:                 ^^^^^^^^^^^^^^^^^^^^^^^^^^^^^^^^^^^^^^^^^^^^^^^^^^^^^^^^^^^^^^^^^^^^^^^^^^
2026-03-19 11:32:43 +01:00:   File "/opt/Tennis_Booking/venv/lib/python3.12/site-packages/gunicorn/http/message.py", line 259, in __init__
2026-03-19 11:32:43 +01:00:     super().__init__(cfg, unreader, peer_addr)
2026-03-19 11:32:43 +01:00:   File "/opt/Tennis_Booking/venv/lib/python3.12/site-packages/gunicorn/http/message.py", line 60, in __init__
2026-03-19 11:32:43 +01:00:     unused = self.parse(self.unreader)
2026-03-19 11:32:43 +01:00:              ^^^^^^^^^^^^^^^^^^^^^^^^^
2026-03-19 11:32:43 +01:00:   File "/opt/Tennis_Booking/venv/lib/python3.12/site-packages/gunicorn/http/message.py", line 274, in parse
2026-03-19 11:32:43 +01:00:     line, rbuf = self.read_line(unreader, buf, self.limit_request_line)
2026-03-19 11:32:43 +01:00:                  ^^^^^^^^^^^^^^^^^^^^^^^^^^^^^^^^^^^^^^^^^^^^^^^^^^^^^^
2026-03-19 11:32:43 +01:00:   File "/opt/Tennis_Booking/venv/lib/python3.12/site-packages/gunicorn/http/message.py", line 326, in read_line
2026-03-19 11:32:43 +01:00:     self.get_data(unreader, buf)
2026-03-19 11:32:43 +01:00:   File "/opt/Tennis_Booking/venv/lib/python3.12/site-packages/gunicorn/http/message.py", line 262, in get_data
2026-03-19 11:32:43 +01:00:     data = unreader.read()
2026-03-19 11:32:43 +01:00:            ^^^^^^^^^^^^^^^
2026-03-19 11:32:43 +01:00:   File "/opt/Tennis_Booking/venv/lib/python3.12/site-packages/gunicorn/http/unreader.py", line 36, in read
2026-03-19 11:32:43 +01:00:     d = self.chunk()
2026-03-19 11:32:43 +01:00:         ^^^^^^^^^^^^
2026-03-19 11:32:43 +01:00:   File "/opt/Tennis_Booking/venv/lib/python3.12/site-packages/gunicorn/http/unreader.py", line 63, in chunk
2026-03-19 11:32:43 +01:00:     return self.sock.recv(self.mxchunk)
2026-03-19 11:32:43 +01:00:            ^^^^^^^^^^^^^^^^^^^^^^^^^^^^
2026-03-19 11:32:43 +01:00:   File "/opt/Tennis_Booking/venv/lib/python3.12/site-packages/gunicorn/workers/base.py", line 204, in handle_abort
2026-03-19 11:32:43 +01:00:     sys.exit(1)
2026-03-19 11:32:43 +01:00: SystemExit: 1
2026-03-19 11:32:43 +01:00: [2026-03-19 11:32:43 +0100] [879733] [INFO] Worker exiting (pid: 879733)
2026-03-19 11:32:43 +01:00: [2026-03-19 11:32:43 +0100] [1007004] [INFO] Booting worker with pid: 1007004
2026-03-19 12:25:16 +01:00: [2026-03-19 12:25:16 +0100] [1007004] [WARNING] Invalid request from ip=3.131.220.121: Invalid HTTP request line: 'SSH-2.0-Go'
2026-03-19 13:37:57 +01:00: [2026-03-19 13:37:57 +0100] [966705] [WARNING] Invalid request from ip=167.94.138.188: Invalid HTTP Version: (2, 0)
2026-03-19 13:46:00 +01:00: [2026-03-19 13:46:00 +0100] [1007004] [WARNING] Invalid request from ip=167.94.138.187: Invalid HTTP Version: (2, 0)
2026-03-19 16:40:20 +01:00: [2026-03-19 16:40:20 +0100] [966705] [WARNING] Invalid request from ip=88.214.25.123: Invalid HTTP request line: '\x03\x00\x00/*à\x00\x00\x00\x00\x00Cookie: mstshash=Administr'
2026-03-20 01:06:35 +01:00: [2026-03-20 01:06:35 +0100] [1007004] [WARNING] Invalid request from ip=139.162.173.209: Invalid HTTP request line: ''
2026-03-20 01:06:36 +01:00: [2026-03-20 01:06:36 +0100] [1007004] [WARNING] Invalid request from ip=139.162.173.209: Invalid HTTP Version: 'RTSP/1.0'
2026-03-20 01:06:51 +01:00: [2026-03-20 01:06:51 +0100] [966705] [WARNING] Invalid request from ip=139.162.173.209: Invalid HTTP request line: 'HELP'
2026-03-20 01:06:56 +01:00: [2026-03-20 01:06:56 +0100] [966705] [WARNING] Invalid request from ip=139.162.173.209: Invalid HTTP request line: '\x03\x00\x00*%à\x00\x00\x00\x00\x00Cookie: mstshash=nmap'
2026-03-20 01:07:31 +01:00: [2026-03-20 01:07:31 +0100] [966705] [WARNING] Invalid request from ip=139.162.173.209: Invalid HTTP Version: 'SIP/2.0'
2026-03-20 10:36:10 +01:00: [2026-03-20 10:36:10 +0100] [1007004] [WARNING] Invalid request from ip=167.94.138.200: Invalid HTTP Version: (2, 0)
2026-03-20 14:25:51 +01:00: [2026-03-20 14:25:51 +0100] [966705] [WARNING] Invalid request from ip=18.116.101.220: Invalid HTTP request line: 'SSH-2.0-Go'
2026-03-20 18:06:02 +01:00: [2026-03-20 18:06:02 +0100] [3048326] [CRITICAL] WORKER TIMEOUT (pid:1007004)
2026-03-20 18:06:02 +01:00: [2026-03-20 18:06:02 +0100] [1007004] [ERROR] Error handling request (no URI read)
2026-03-20 18:06:02 +01:00: Traceback (most recent call last):
2026-03-20 18:06:02 +01:00:   File "/opt/Tennis_Booking/venv/lib/python3.12/site-packages/gunicorn/workers/sync.py", line 133, in handle
2026-03-20 18:06:02 +01:00:     req = next(parser)
2026-03-20 18:06:02 +01:00:           ^^^^^^^^^^^^
2026-03-20 18:06:02 +01:00:   File "/opt/Tennis_Booking/venv/lib/python3.12/site-packages/gunicorn/http/parser.py", line 41, in __next__
2026-03-20 18:06:02 +01:00:     self.mesg = self.mesg_class(self.cfg, self.unreader, self.source_addr, self.req_count)
2026-03-20 18:06:02 +01:00:                 ^^^^^^^^^^^^^^^^^^^^^^^^^^^^^^^^^^^^^^^^^^^^^^^^^^^^^^^^^^^^^^^^^^^^^^^^^^
2026-03-20 18:06:02 +01:00:   File "/opt/Tennis_Booking/venv/lib/python3.12/site-packages/gunicorn/http/message.py", line 259, in __init__
2026-03-20 18:06:02 +01:00:     super().__init__(cfg, unreader, peer_addr)
2026-03-20 18:06:02 +01:00:   File "/opt/Tennis_Booking/venv/lib/python3.12/site-packages/gunicorn/http/message.py", line 60, in __init__
2026-03-20 18:06:02 +01:00:     unused = self.parse(self.unreader)
2026-03-20 18:06:02 +01:00:              ^^^^^^^^^^^^^^^^^^^^^^^^^
2026-03-20 18:06:02 +01:00:   File "/opt/Tennis_Booking/venv/lib/python3.12/site-packages/gunicorn/http/message.py", line 274, in parse
2026-03-20 18:06:02 +01:00:     line, rbuf = self.read_line(unreader, buf, self.limit_request_line)
2026-03-20 18:06:02 +01:00:                  ^^^^^^^^^^^^^^^^^^^^^^^^^^^^^^^^^^^^^^^^^^^^^^^^^^^^^^
2026-03-20 18:06:02 +01:00:   File "/opt/Tennis_Booking/venv/lib/python3.12/site-packages/gunicorn/http/message.py", line 326, in read_line
2026-03-20 18:06:02 +01:00:     self.get_data(unreader, buf)
2026-03-20 18:06:02 +01:00:   File "/opt/Tennis_Booking/venv/lib/python3.12/site-packages/gunicorn/http/message.py", line 262, in get_data
2026-03-20 18:06:02 +01:00:     data = unreader.read()
2026-03-20 18:06:02 +01:00:            ^^^^^^^^^^^^^^^
2026-03-20 18:06:02 +01:00:   File "/opt/Tennis_Booking/venv/lib/python3.12/site-packages/gunicorn/http/unreader.py", line 36, in read
2026-03-20 18:06:02 +01:00:     d = self.chunk()
2026-03-20 18:06:02 +01:00:         ^^^^^^^^^^^^
2026-03-20 18:06:02 +01:00:   File "/opt/Tennis_Booking/venv/lib/python3.12/site-packages/gunicorn/http/unreader.py", line 63, in chunk
2026-03-20 18:06:02 +01:00:     return self.sock.recv(self.mxchunk)
2026-03-20 18:06:02 +01:00:            ^^^^^^^^^^^^^^^^^^^^^^^^^^^^
2026-03-20 18:06:02 +01:00:   File "/opt/Tennis_Booking/venv/lib/python3.12/site-packages/gunicorn/workers/base.py", line 204, in handle_abort
2026-03-20 18:06:02 +01:00:     sys.exit(1)
2026-03-20 18:06:02 +01:00: SystemExit: 1
2026-03-20 18:06:02 +01:00: [2026-03-20 18:06:02 +0100] [1007004] [INFO] Worker exiting (pid: 1007004)
2026-03-20 18:06:02 +01:00: [2026-03-20 18:06:02 +0100] [1042089] [INFO] Booting worker with pid: 1042089
2026-03-20 18:58:31 +01:00: [2026-03-20 18:58:31 +0100] [1042089] [WARNING] Invalid request from ip=193.46.255.109: Invalid HTTP request line: '\x03\x00\x00/*à\x00\x00\x00\x00\x00Cookie: mstshash=Administr'
2026-03-20 20:01:58 +01:00: [2026-03-20 20:01:58 +0100] [3048326] [CRITICAL] WORKER TIMEOUT (pid:966705)
2026-03-20 20:01:58 +01:00: [2026-03-20 20:01:58 +0100] [966705] [ERROR] Error handling request (no URI read)
2026-03-20 20:01:58 +01:00: Traceback (most recent call last):
2026-03-20 20:01:58 +01:00:   File "/opt/Tennis_Booking/venv/lib/python3.12/site-packages/gunicorn/workers/sync.py", line 133, in handle
2026-03-20 20:01:58 +01:00:     req = next(parser)
2026-03-20 20:01:58 +01:00:           ^^^^^^^^^^^^
2026-03-20 20:01:58 +01:00:   File "/opt/Tennis_Booking/venv/lib/python3.12/site-packages/gunicorn/http/parser.py", line 41, in __next__
2026-03-20 20:01:58 +01:00:     self.mesg = self.mesg_class(self.cfg, self.unreader, self.source_addr, self.req_count)
2026-03-20 20:01:58 +01:00:                 ^^^^^^^^^^^^^^^^^^^^^^^^^^^^^^^^^^^^^^^^^^^^^^^^^^^^^^^^^^^^^^^^^^^^^^^^^^
2026-03-20 20:01:58 +01:00:   File "/opt/Tennis_Booking/venv/lib/python3.12/site-packages/gunicorn/http/message.py", line 259, in __init__
2026-03-20 20:01:58 +01:00:     super().__init__(cfg, unreader, peer_addr)
2026-03-20 20:01:58 +01:00:   File "/opt/Tennis_Booking/venv/lib/python3.12/site-packages/gunicorn/http/message.py", line 60, in __init__
2026-03-20 20:01:58 +01:00:     unused = self.parse(self.unreader)
2026-03-20 20:01:58 +01:00:              ^^^^^^^^^^^^^^^^^^^^^^^^^
2026-03-20 20:01:58 +01:00:   File "/opt/Tennis_Booking/venv/lib/python3.12/site-packages/gunicorn/http/message.py", line 274, in parse
2026-03-20 20:01:58 +01:00:     line, rbuf = self.read_line(unreader, buf, self.limit_request_line)
2026-03-20 20:01:58 +01:00:                  ^^^^^^^^^^^^^^^^^^^^^^^^^^^^^^^^^^^^^^^^^^^^^^^^^^^^^^
2026-03-20 20:01:58 +01:00:   File "/opt/Tennis_Booking/venv/lib/python3.12/site-packages/gunicorn/http/message.py", line 326, in read_line
2026-03-20 20:01:58 +01:00:     self.get_data(unreader, buf)
2026-03-20 20:01:58 +01:00:   File "/opt/Tennis_Booking/venv/lib/python3.12/site-packages/gunicorn/http/message.py", line 262, in get_data
2026-03-20 20:01:58 +01:00:     data = unreader.read()
2026-03-20 20:01:58 +01:00:            ^^^^^^^^^^^^^^^
2026-03-20 20:01:58 +01:00:   File "/opt/Tennis_Booking/venv/lib/python3.12/site-packages/gunicorn/http/unreader.py", line 36, in read
2026-03-20 20:01:58 +01:00:     d = self.chunk()
2026-03-20 20:01:58 +01:00:         ^^^^^^^^^^^^
2026-03-20 20:01:58 +01:00:   File "/opt/Tennis_Booking/venv/lib/python3.12/site-packages/gunicorn/http/unreader.py", line 63, in chunk
2026-03-20 20:01:58 +01:00:     return self.sock.recv(self.mxchunk)
2026-03-20 20:01:58 +01:00:            ^^^^^^^^^^^^^^^^^^^^^^^^^^^^
2026-03-20 20:01:58 +01:00:   File "/opt/Tennis_Booking/venv/lib/python3.12/site-packages/gunicorn/workers/base.py", line 204, in handle_abort
2026-03-20 20:01:58 +01:00:     sys.exit(1)
2026-03-20 20:01:58 +01:00: SystemExit: 1
2026-03-20 20:01:58 +01:00: [2026-03-20 20:01:58 +0100] [966705] [INFO] Worker exiting (pid: 966705)
2026-03-20 20:01:58 +01:00: [2026-03-20 20:01:58 +0100] [1044278] [INFO] Booting worker with pid: 1044278
2026-03-21 05:57:51 +01:00: [2026-03-21 05:57:51 +0100] [1042089] [WARNING] Invalid request from ip=121.41.166.50: Invalid HTTP request line: ''
2026-03-21 10:52:34 +01:00: [2026-03-21 10:52:34 +0100] [1042089] [WARNING] Invalid request from ip=66.132.153.120: Invalid HTTP Version: (2, 0)
2026-03-21 13:13:41 +01:00: [2026-03-21 13:13:41 +0100] [1042089] [WARNING] Invalid request from ip=3.129.187.38: Invalid HTTP request line: 'SSH-2.0-Go'
2026-03-21 19:20:19 +01:00: [2026-03-21 19:20:19 +0100] [3048326] [CRITICAL] WORKER TIMEOUT (pid:1044278)
2026-03-21 19:20:19 +01:00: [2026-03-21 19:20:19 +0100] [1044278] [ERROR] Error handling request (no URI read)
2026-03-21 19:20:19 +01:00: Traceback (most recent call last):
2026-03-21 19:20:19 +01:00:   File "/opt/Tennis_Booking/venv/lib/python3.12/site-packages/gunicorn/workers/sync.py", line 133, in handle
2026-03-21 19:20:19 +01:00:     req = next(parser)
2026-03-21 19:20:19 +01:00:           ^^^^^^^^^^^^
2026-03-21 19:20:19 +01:00:   File "/opt/Tennis_Booking/venv/lib/python3.12/site-packages/gunicorn/http/parser.py", line 41, in __next__
2026-03-21 19:20:19 +01:00:     self.mesg = self.mesg_class(self.cfg, self.unreader, self.source_addr, self.req_count)
2026-03-21 19:20:19 +01:00:                 ^^^^^^^^^^^^^^^^^^^^^^^^^^^^^^^^^^^^^^^^^^^^^^^^^^^^^^^^^^^^^^^^^^^^^^^^^^
2026-03-21 19:20:19 +01:00:   File "/opt/Tennis_Booking/venv/lib/python3.12/site-packages/gunicorn/http/message.py", line 259, in __init__
2026-03-21 19:20:19 +01:00:     super().__init__(cfg, unreader, peer_addr)
2026-03-21 19:20:19 +01:00:   File "/opt/Tennis_Booking/venv/lib/python3.12/site-packages/gunicorn/http/message.py", line 60, in __init__
2026-03-21 19:20:19 +01:00:     unused = self.parse(self.unreader)
2026-03-21 19:20:19 +01:00:              ^^^^^^^^^^^^^^^^^^^^^^^^^
2026-03-21 19:20:19 +01:00:   File "/opt/Tennis_Booking/venv/lib/python3.12/site-packages/gunicorn/http/message.py", line 274, in parse
2026-03-21 19:20:19 +01:00:     line, rbuf = self.read_line(unreader, buf, self.limit_request_line)
2026-03-21 19:20:19 +01:00:                  ^^^^^^^^^^^^^^^^^^^^^^^^^^^^^^^^^^^^^^^^^^^^^^^^^^^^^^
2026-03-21 19:20:19 +01:00:   File "/opt/Tennis_Booking/venv/lib/python3.12/site-packages/gunicorn/http/message.py", line 326, in read_line
2026-03-21 19:20:19 +01:00:     self.get_data(unreader, buf)
2026-03-21 19:20:19 +01:00:   File "/opt/Tennis_Booking/venv/lib/python3.12/site-packages/gunicorn/http/message.py", line 262, in get_data
2026-03-21 19:20:19 +01:00:     data = unreader.read()
2026-03-21 19:20:19 +01:00:            ^^^^^^^^^^^^^^^
2026-03-21 19:20:19 +01:00:   File "/opt/Tennis_Booking/venv/lib/python3.12/site-packages/gunicorn/http/unreader.py", line 36, in read
2026-03-21 19:20:19 +01:00:     d = self.chunk()
2026-03-21 19:20:19 +01:00:         ^^^^^^^^^^^^
2026-03-21 19:20:19 +01:00:   File "/opt/Tennis_Booking/venv/lib/python3.12/site-packages/gunicorn/http/unreader.py", line 63, in chunk
2026-03-21 19:20:19 +01:00:     return self.sock.recv(self.mxchunk)
2026-03-21 19:20:19 +01:00:            ^^^^^^^^^^^^^^^^^^^^^^^^^^^^
2026-03-21 19:20:19 +01:00:   File "/opt/Tennis_Booking/venv/lib/python3.12/site-packages/gunicorn/workers/base.py", line 204, in handle_abort
2026-03-21 19:20:19 +01:00:     sys.exit(1)
2026-03-21 19:20:19 +01:00: SystemExit: 1
2026-03-21 19:20:19 +01:00: [2026-03-21 19:20:19 +0100] [1044278] [INFO] Worker exiting (pid: 1044278)
2026-03-21 19:20:19 +01:00: [2026-03-21 19:20:19 +0100] [1104062] [INFO] Booting worker with pid: 1104062
2026-03-22 11:46:45 +01:00: [2026-03-22 11:46:45 +0100] [1042089] [WARNING] Invalid request from ip=66.132.153.133: Invalid HTTP Version: (2, 0)
2026-03-22 12:10:54 +01:00: [2026-03-22 12:10:54 +0100] [1104062] [WARNING] Invalid request from ip=16.58.56.214: Invalid HTTP request line: 'SSH-2.0-Go'
2026-03-22 22:19:11 +01:00: [2026-03-22 22:19:11 +0100] [3048326] [CRITICAL] WORKER TIMEOUT (pid:1104062)
2026-03-22 22:19:11 +01:00: [2026-03-22 22:19:11 +0100] [1104062] [ERROR] Error handling request (no URI read)
2026-03-22 22:19:11 +01:00: Traceback (most recent call last):
2026-03-22 22:19:11 +01:00:   File "/opt/Tennis_Booking/venv/lib/python3.12/site-packages/gunicorn/workers/sync.py", line 133, in handle
2026-03-22 22:19:11 +01:00:     req = next(parser)
2026-03-22 22:19:11 +01:00:           ^^^^^^^^^^^^
2026-03-22 22:19:11 +01:00:   File "/opt/Tennis_Booking/venv/lib/python3.12/site-packages/gunicorn/http/parser.py", line 41, in __next__
2026-03-22 22:19:11 +01:00:     self.mesg = self.mesg_class(self.cfg, self.unreader, self.source_addr, self.req_count)
2026-03-22 22:19:11 +01:00:                 ^^^^^^^^^^^^^^^^^^^^^^^^^^^^^^^^^^^^^^^^^^^^^^^^^^^^^^^^^^^^^^^^^^^^^^^^^^
2026-03-22 22:19:11 +01:00:   File "/opt/Tennis_Booking/venv/lib/python3.12/site-packages/gunicorn/http/message.py", line 259, in __init__
2026-03-22 22:19:11 +01:00:     super().__init__(cfg, unreader, peer_addr)
2026-03-22 22:19:11 +01:00:   File "/opt/Tennis_Booking/venv/lib/python3.12/site-packages/gunicorn/http/message.py", line 60, in __init__
2026-03-22 22:19:11 +01:00:     unused = self.parse(self.unreader)
2026-03-22 22:19:11 +01:00:              ^^^^^^^^^^^^^^^^^^^^^^^^^
2026-03-22 22:19:11 +01:00:   File "/opt/Tennis_Booking/venv/lib/python3.12/site-packages/gunicorn/http/message.py", line 274, in parse
2026-03-22 22:19:11 +01:00:     line, rbuf = self.read_line(unreader, buf, self.limit_request_line)
2026-03-22 22:19:11 +01:00:                  ^^^^^^^^^^^^^^^^^^^^^^^^^^^^^^^^^^^^^^^^^^^^^^^^^^^^^^
2026-03-22 22:19:11 +01:00:   File "/opt/Tennis_Booking/venv/lib/python3.12/site-packages/gunicorn/http/message.py", line 326, in read_line
2026-03-22 22:19:11 +01:00:     self.get_data(unreader, buf)
2026-03-22 22:19:11 +01:00:   File "/opt/Tennis_Booking/venv/lib/python3.12/site-packages/gunicorn/http/message.py", line 262, in get_data
2026-03-22 22:19:11 +01:00:     data = unreader.read()
2026-03-22 22:19:11 +01:00:            ^^^^^^^^^^^^^^^
2026-03-22 22:19:11 +01:00:   File "/opt/Tennis_Booking/venv/lib/python3.12/site-packages/gunicorn/http/unreader.py", line 36, in read
2026-03-22 22:19:11 +01:00:     d = self.chunk()
2026-03-22 22:19:11 +01:00:         ^^^^^^^^^^^^
2026-03-22 22:19:11 +01:00:   File "/opt/Tennis_Booking/venv/lib/python3.12/site-packages/gunicorn/http/unreader.py", line 63, in chunk
2026-03-22 22:19:11 +01:00:     return self.sock.recv(self.mxchunk)
2026-03-22 22:19:11 +01:00:            ^^^^^^^^^^^^^^^^^^^^^^^^^^^^
2026-03-22 22:19:11 +01:00:   File "/opt/Tennis_Booking/venv/lib/python3.12/site-packages/gunicorn/workers/base.py", line 204, in handle_abort
2026-03-22 22:19:11 +01:00:     sys.exit(1)
2026-03-22 22:19:11 +01:00: SystemExit: 1
2026-03-22 22:19:11 +01:00: [2026-03-22 22:19:11 +0100] [1104062] [INFO] Worker exiting (pid: 1104062)
2026-03-22 22:19:11 +01:00: [2026-03-22 22:19:11 +0100] [1141622] [INFO] Booting worker with pid: 1141622
2026-03-23 12:46:41 +01:00: [2026-03-23 12:46:41 +0100] [1141622] [WARNING] Invalid request from ip=66.132.172.186: Invalid HTTP Version: (2, 0)
2026-03-23 13:16:36 +01:00: [2026-03-23 13:16:36 +0100] [1042089] [WARNING] Invalid request from ip=16.58.56.214: Invalid HTTP request line: 'SSH-2.0-Go'
2026-03-24 00:15:42 +01:00: [2026-03-24 00:15:42 +0100] [1141622] [WARNING] Invalid request from ip=45.227.254.152: Invalid HTTP request line: '\x03\x00\x00/*à\x00\x00\x00\x00\x00Cookie: mstshash=Administr'
2026-03-24 03:09:09 +01:00: [2026-03-24 03:09:09 +0100] [3048326] [CRITICAL] WORKER TIMEOUT (pid:1141622)
2026-03-24 03:09:09 +01:00: [2026-03-24 03:09:09 +0100] [1141622] [ERROR] Error handling request (no URI read)
2026-03-24 03:09:09 +01:00: Traceback (most recent call last):
2026-03-24 03:09:09 +01:00:   File "/opt/Tennis_Booking/venv/lib/python3.12/site-packages/gunicorn/workers/sync.py", line 133, in handle
2026-03-24 03:09:09 +01:00:     req = next(parser)
2026-03-24 03:09:09 +01:00:           ^^^^^^^^^^^^
2026-03-24 03:09:09 +01:00:   File "/opt/Tennis_Booking/venv/lib/python3.12/site-packages/gunicorn/http/parser.py", line 41, in __next__
2026-03-24 03:09:09 +01:00:     self.mesg = self.mesg_class(self.cfg, self.unreader, self.source_addr, self.req_count)
2026-03-24 03:09:09 +01:00:                 ^^^^^^^^^^^^^^^^^^^^^^^^^^^^^^^^^^^^^^^^^^^^^^^^^^^^^^^^^^^^^^^^^^^^^^^^^^
2026-03-24 03:09:09 +01:00:   File "/opt/Tennis_Booking/venv/lib/python3.12/site-packages/gunicorn/http/message.py", line 259, in __init__
2026-03-24 03:09:09 +01:00:     super().__init__(cfg, unreader, peer_addr)
2026-03-24 03:09:09 +01:00:   File "/opt/Tennis_Booking/venv/lib/python3.12/site-packages/gunicorn/http/message.py", line 60, in __init__
2026-03-24 03:09:09 +01:00:     unused = self.parse(self.unreader)
2026-03-24 03:09:09 +01:00:              ^^^^^^^^^^^^^^^^^^^^^^^^^
2026-03-24 03:09:09 +01:00:   File "/opt/Tennis_Booking/venv/lib/python3.12/site-packages/gunicorn/http/message.py", line 274, in parse
2026-03-24 03:09:09 +01:00:     line, rbuf = self.read_line(unreader, buf, self.limit_request_line)
2026-03-24 03:09:09 +01:00:                  ^^^^^^^^^^^^^^^^^^^^^^^^^^^^^^^^^^^^^^^^^^^^^^^^^^^^^^
2026-03-24 03:09:09 +01:00:   File "/opt/Tennis_Booking/venv/lib/python3.12/site-packages/gunicorn/http/message.py", line 326, in read_line
2026-03-24 03:09:09 +01:00:     self.get_data(unreader, buf)
2026-03-24 03:09:09 +01:00:   File "/opt/Tennis_Booking/venv/lib/python3.12/site-packages/gunicorn/http/message.py", line 262, in get_data
2026-03-24 03:09:09 +01:00:     data = unreader.read()
2026-03-24 03:09:09 +01:00:            ^^^^^^^^^^^^^^^
2026-03-24 03:09:09 +01:00:   File "/opt/Tennis_Booking/venv/lib/python3.12/site-packages/gunicorn/http/unreader.py", line 36, in read
2026-03-24 03:09:09 +01:00:     d = self.chunk()
2026-03-24 03:09:09 +01:00:         ^^^^^^^^^^^^
2026-03-24 03:09:09 +01:00:   File "/opt/Tennis_Booking/venv/lib/python3.12/site-packages/gunicorn/http/unreader.py", line 63, in chunk
2026-03-24 03:09:09 +01:00:     return self.sock.recv(self.mxchunk)
2026-03-24 03:09:09 +01:00:            ^^^^^^^^^^^^^^^^^^^^^^^^^^^^
2026-03-24 03:09:09 +01:00:   File "/opt/Tennis_Booking/venv/lib/python3.12/site-packages/gunicorn/workers/base.py", line 204, in handle_abort
2026-03-24 03:09:09 +01:00:     sys.exit(1)
2026-03-24 03:09:09 +01:00: SystemExit: 1
2026-03-24 03:09:09 +01:00: [2026-03-24 03:09:09 +0100] [1141622] [INFO] Worker exiting (pid: 1141622)
2026-03-24 03:09:09 +01:00: [2026-03-24 03:09:09 +0100] [1181270] [INFO] Booting worker with pid: 1181270
2026-03-24 12:25:08 +01:00: [2026-03-24 12:25:08 +0100] [1042089] [WARNING] Invalid request from ip=18.218.118.203: Invalid HTTP request line: 'SSH-2.0-Go'
2026-03-24 12:29:42 +01:00: [2026-03-24 12:29:42 +0100] [1181270] [WARNING] Invalid request from ip=66.132.195.57: Invalid HTTP Version: (2, 0)
2026-03-24 22:14:15 +01:00: [2026-03-24 22:14:15 +0100] [1181270] [WARNING] Invalid request from ip=80.66.83.43: Invalid HTTP request line: '\x03\x00\x00/*à\x00\x00\x00\x00\x00Cookie: mstshash=Administr'
2026-03-25 02:34:20 +01:00: [2026-03-25 02:34:20 +0100] [3048326] [CRITICAL] WORKER TIMEOUT (pid:1181270)
2026-03-25 02:34:20 +01:00: [2026-03-25 02:34:20 +0100] [1181270] [ERROR] Error handling request (no URI read)
2026-03-25 02:34:20 +01:00: Traceback (most recent call last):
2026-03-25 02:34:20 +01:00:   File "/opt/Tennis_Booking/venv/lib/python3.12/site-packages/gunicorn/workers/sync.py", line 133, in handle
2026-03-25 02:34:20 +01:00:     req = next(parser)
2026-03-25 02:34:20 +01:00:           ^^^^^^^^^^^^
2026-03-25 02:34:20 +01:00:   File "/opt/Tennis_Booking/venv/lib/python3.12/site-packages/gunicorn/http/parser.py", line 41, in __next__
2026-03-25 02:34:20 +01:00:     self.mesg = self.mesg_class(self.cfg, self.unreader, self.source_addr, self.req_count)
2026-03-25 02:34:20 +01:00:                 ^^^^^^^^^^^^^^^^^^^^^^^^^^^^^^^^^^^^^^^^^^^^^^^^^^^^^^^^^^^^^^^^^^^^^^^^^^
2026-03-25 02:34:20 +01:00:   File "/opt/Tennis_Booking/venv/lib/python3.12/site-packages/gunicorn/http/message.py", line 259, in __init__
2026-03-25 02:34:20 +01:00:     super().__init__(cfg, unreader, peer_addr)
2026-03-25 02:34:20 +01:00:   File "/opt/Tennis_Booking/venv/lib/python3.12/site-packages/gunicorn/http/message.py", line 60, in __init__
2026-03-25 02:34:20 +01:00:     unused = self.parse(self.unreader)
2026-03-25 02:34:20 +01:00:              ^^^^^^^^^^^^^^^^^^^^^^^^^
2026-03-25 02:34:20 +01:00:   File "/opt/Tennis_Booking/venv/lib/python3.12/site-packages/gunicorn/http/message.py", line 274, in parse
2026-03-25 02:34:20 +01:00:     line, rbuf = self.read_line(unreader, buf, self.limit_request_line)
2026-03-25 02:34:20 +01:00:                  ^^^^^^^^^^^^^^^^^^^^^^^^^^^^^^^^^^^^^^^^^^^^^^^^^^^^^^
2026-03-25 02:34:20 +01:00:   File "/opt/Tennis_Booking/venv/lib/python3.12/site-packages/gunicorn/http/message.py", line 326, in read_line
2026-03-25 02:34:20 +01:00:     self.get_data(unreader, buf)
2026-03-25 02:34:20 +01:00:   File "/opt/Tennis_Booking/venv/lib/python3.12/site-packages/gunicorn/http/message.py", line 262, in get_data
2026-03-25 02:34:20 +01:00:     data = unreader.read()
2026-03-25 02:34:20 +01:00:            ^^^^^^^^^^^^^^^
2026-03-25 02:34:20 +01:00:   File "/opt/Tennis_Booking/venv/lib/python3.12/site-packages/gunicorn/http/unreader.py", line 36, in read
2026-03-25 02:34:20 +01:00:     d = self.chunk()
2026-03-25 02:34:20 +01:00:         ^^^^^^^^^^^^
2026-03-25 02:34:20 +01:00:   File "/opt/Tennis_Booking/venv/lib/python3.12/site-packages/gunicorn/http/unreader.py", line 63, in chunk
2026-03-25 02:34:20 +01:00:     return self.sock.recv(self.mxchunk)
2026-03-25 02:34:20 +01:00:            ^^^^^^^^^^^^^^^^^^^^^^^^^^^^
2026-03-25 02:34:20 +01:00:   File "/opt/Tennis_Booking/venv/lib/python3.12/site-packages/gunicorn/workers/base.py", line 204, in handle_abort
2026-03-25 02:34:20 +01:00:     sys.exit(1)
2026-03-25 02:34:20 +01:00: SystemExit: 1
2026-03-25 02:34:20 +01:00: [2026-03-25 02:34:20 +0100] [1181270] [INFO] Worker exiting (pid: 1181270)
2026-03-25 02:34:20 +01:00: [2026-03-25 02:34:20 +0100] [1210188] [INFO] Booting worker with pid: 1210188
2026-03-25 12:15:38 +01:00: [2026-03-25 12:15:38 +0100] [1042089] [WARNING] Invalid request from ip=3.130.168.2: Invalid HTTP request line: 'SSH-2.0-Go'
2026-03-25 12:55:46 +01:00: [2026-03-25 12:55:46 +0100] [1042089] [WARNING] Invalid request from ip=66.132.172.219: Invalid HTTP Version: (2, 0)
2026-03-26 00:16:37 +01:00: [2026-03-26 00:16:37 +0100] [1210188] [WARNING] Invalid request from ip=45.227.254.156: Invalid HTTP request line: '\x03\x00\x00/*à\x00\x00\x00\x00\x00Cookie: mstshash=Administr'
2026-03-26 12:44:14 +01:00: [2026-03-26 12:44:14 +0100] [3048326] [CRITICAL] WORKER TIMEOUT (pid:1042089)
2026-03-26 12:44:14 +01:00: [2026-03-26 12:44:14 +0100] [1042089] [ERROR] Error handling request (no URI read)
2026-03-26 12:44:14 +01:00: Traceback (most recent call last):
2026-03-26 12:44:14 +01:00:   File "/opt/Tennis_Booking/venv/lib/python3.12/site-packages/gunicorn/workers/sync.py", line 133, in handle
2026-03-26 12:44:14 +01:00:     req = next(parser)
2026-03-26 12:44:14 +01:00:           ^^^^^^^^^^^^
2026-03-26 12:44:14 +01:00:   File "/opt/Tennis_Booking/venv/lib/python3.12/site-packages/gunicorn/http/parser.py", line 41, in __next__
2026-03-26 12:44:14 +01:00:     self.mesg = self.mesg_class(self.cfg, self.unreader, self.source_addr, self.req_count)
2026-03-26 12:44:14 +01:00:                 ^^^^^^^^^^^^^^^^^^^^^^^^^^^^^^^^^^^^^^^^^^^^^^^^^^^^^^^^^^^^^^^^^^^^^^^^^^
2026-03-26 12:44:14 +01:00:   File "/opt/Tennis_Booking/venv/lib/python3.12/site-packages/gunicorn/http/message.py", line 259, in __init__
2026-03-26 12:44:14 +01:00:     super().__init__(cfg, unreader, peer_addr)
2026-03-26 12:44:14 +01:00:   File "/opt/Tennis_Booking/venv/lib/python3.12/site-packages/gunicorn/http/message.py", line 60, in __init__
2026-03-26 12:44:14 +01:00:     unused = self.parse(self.unreader)
2026-03-26 12:44:14 +01:00:              ^^^^^^^^^^^^^^^^^^^^^^^^^
2026-03-26 12:44:14 +01:00:   File "/opt/Tennis_Booking/venv/lib/python3.12/site-packages/gunicorn/http/message.py", line 274, in parse
2026-03-26 12:44:14 +01:00:     line, rbuf = self.read_line(unreader, buf, self.limit_request_line)
2026-03-26 12:44:14 +01:00:                  ^^^^^^^^^^^^^^^^^^^^^^^^^^^^^^^^^^^^^^^^^^^^^^^^^^^^^^
2026-03-26 12:44:14 +01:00:   File "/opt/Tennis_Booking/venv/lib/python3.12/site-packages/gunicorn/http/message.py", line 326, in read_line
2026-03-26 12:44:14 +01:00:     self.get_data(unreader, buf)
2026-03-26 12:44:14 +01:00:   File "/opt/Tennis_Booking/venv/lib/python3.12/site-packages/gunicorn/http/message.py", line 262, in get_data
2026-03-26 12:44:14 +01:00:     data = unreader.read()
2026-03-26 12:44:14 +01:00:            ^^^^^^^^^^^^^^^
2026-03-26 12:44:14 +01:00:   File "/opt/Tennis_Booking/venv/lib/python3.12/site-packages/gunicorn/http/unreader.py", line 36, in read
2026-03-26 12:44:14 +01:00:     d = self.chunk()
2026-03-26 12:44:14 +01:00:         ^^^^^^^^^^^^
2026-03-26 12:44:14 +01:00:   File "/opt/Tennis_Booking/venv/lib/python3.12/site-packages/gunicorn/http/unreader.py", line 63, in chunk
2026-03-26 12:44:14 +01:00:     return self.sock.recv(self.mxchunk)
2026-03-26 12:44:14 +01:00:            ^^^^^^^^^^^^^^^^^^^^^^^^^^^^
2026-03-26 12:44:14 +01:00:   File "/opt/Tennis_Booking/venv/lib/python3.12/site-packages/gunicorn/workers/base.py", line 204, in handle_abort
2026-03-26 12:44:14 +01:00:     sys.exit(1)
2026-03-26 12:44:14 +01:00: SystemExit: 1
2026-03-26 12:44:14 +01:00: [2026-03-26 12:44:14 +0100] [1042089] [INFO] Worker exiting (pid: 1042089)
2026-03-26 12:44:14 +01:00: [2026-03-26 12:44:14 +0100] [1256515] [INFO] Booting worker with pid: 1256515
2026-03-26 14:00:05 +01:00: [2026-03-26 14:00:05 +0100] [1210188] [WARNING] Invalid request from ip=66.132.186.186: Invalid HTTP Version: (2, 0)
2026-03-26 14:13:56 +01:00: [2026-03-26 14:13:56 +0100] [1256515] [WARNING] Invalid request from ip=3.132.26.232: Invalid HTTP request line: 'SSH-2.0-Go'
2026-03-27 13:06:26 +01:00: [2026-03-27 13:06:26 +0100] [1210188] [WARNING] Invalid request from ip=3.129.187.38: Invalid HTTP request line: 'SSH-2.0-Go'
2026-03-27 14:52:05 +01:00: [2026-03-27 14:52:05 +0100] [1210188] [WARNING] Invalid request from ip=66.132.224.94: Invalid HTTP Version: (2, 0)
2026-03-27 18:51:38 +01:00: [2026-03-27 18:51:38 +0100] [3048326] [CRITICAL] WORKER TIMEOUT (pid:1256515)
2026-03-27 18:51:38 +01:00: [2026-03-27 18:51:38 +0100] [1256515] [ERROR] Error handling request (no URI read)
2026-03-27 18:51:38 +01:00: Traceback (most recent call last):
2026-03-27 18:51:38 +01:00:   File "/opt/Tennis_Booking/venv/lib/python3.12/site-packages/gunicorn/workers/sync.py", line 133, in handle
2026-03-27 18:51:38 +01:00:     req = next(parser)
2026-03-27 18:51:38 +01:00:           ^^^^^^^^^^^^
2026-03-27 18:51:38 +01:00:   File "/opt/Tennis_Booking/venv/lib/python3.12/site-packages/gunicorn/http/parser.py", line 41, in __next__
2026-03-27 18:51:38 +01:00:     self.mesg = self.mesg_class(self.cfg, self.unreader, self.source_addr, self.req_count)
2026-03-27 18:51:38 +01:00:                 ^^^^^^^^^^^^^^^^^^^^^^^^^^^^^^^^^^^^^^^^^^^^^^^^^^^^^^^^^^^^^^^^^^^^^^^^^^
2026-03-27 18:51:38 +01:00:   File "/opt/Tennis_Booking/venv/lib/python3.12/site-packages/gunicorn/http/message.py", line 259, in __init__
2026-03-27 18:51:38 +01:00:     super().__init__(cfg, unreader, peer_addr)
2026-03-27 18:51:38 +01:00:   File "/opt/Tennis_Booking/venv/lib/python3.12/site-packages/gunicorn/http/message.py", line 60, in __init__
2026-03-27 18:51:38 +01:00:     unused = self.parse(self.unreader)
2026-03-27 18:51:38 +01:00:              ^^^^^^^^^^^^^^^^^^^^^^^^^
2026-03-27 18:51:38 +01:00:   File "/opt/Tennis_Booking/venv/lib/python3.12/site-packages/gunicorn/http/message.py", line 274, in parse
2026-03-27 18:51:38 +01:00:     line, rbuf = self.read_line(unreader, buf, self.limit_request_line)
2026-03-27 18:51:38 +01:00:                  ^^^^^^^^^^^^^^^^^^^^^^^^^^^^^^^^^^^^^^^^^^^^^^^^^^^^^^
2026-03-27 18:51:38 +01:00:   File "/opt/Tennis_Booking/venv/lib/python3.12/site-packages/gunicorn/http/message.py", line 326, in read_line
2026-03-27 18:51:38 +01:00:     self.get_data(unreader, buf)
2026-03-27 18:51:38 +01:00:   File "/opt/Tennis_Booking/venv/lib/python3.12/site-packages/gunicorn/http/message.py", line 262, in get_data
2026-03-27 18:51:38 +01:00:     data = unreader.read()
2026-03-27 18:51:38 +01:00:            ^^^^^^^^^^^^^^^
2026-03-27 18:51:38 +01:00:   File "/opt/Tennis_Booking/venv/lib/python3.12/site-packages/gunicorn/http/unreader.py", line 36, in read
2026-03-27 18:51:38 +01:00:     d = self.chunk()
2026-03-27 18:51:38 +01:00:         ^^^^^^^^^^^^
2026-03-27 18:51:38 +01:00:   File "/opt/Tennis_Booking/venv/lib/python3.12/site-packages/gunicorn/http/unreader.py", line 63, in chunk
2026-03-27 18:51:38 +01:00:     return self.sock.recv(self.mxchunk)
2026-03-27 18:51:38 +01:00:            ^^^^^^^^^^^^^^^^^^^^^^^^^^^^
2026-03-27 18:51:38 +01:00:   File "/opt/Tennis_Booking/venv/lib/python3.12/site-packages/gunicorn/workers/base.py", line 204, in handle_abort
2026-03-27 18:51:38 +01:00:     sys.exit(1)
2026-03-27 18:51:38 +01:00: SystemExit: 1
2026-03-27 18:51:38 +01:00: [2026-03-27 18:51:38 +0100] [1256515] [INFO] Worker exiting (pid: 1256515)
2026-03-27 18:51:38 +01:00: [2026-03-27 18:51:38 +0100] [1298263] [INFO] Booting worker with pid: 1298263
2026-03-27 23:41:38 +01:00: [2026-03-27 23:41:38 +0100] [1210188] [WARNING] Invalid request from ip=194.165.16.161: Invalid HTTP request line: '\x03\x00\x00/*à\x00\x00\x00\x00\x00Cookie: mstshash=Administr'
2026-03-27 23:53:03 +01:00: [2026-03-27 23:53:03 +0100] [1298263] [WARNING] Invalid request from ip=194.165.16.162: Invalid HTTP request line: '\x03\x00\x00/*à\x00\x00\x00\x00\x00Cookie: mstshash=Administr'
